train_id,source,destination,travel_class,quota,current_wl,days_to_journey,day_of_week,is_weekend,historical_confirmation_rate,historical_cancellation_rate,confirmed
12621,Chennai,New Delhi,CC,TQ,43,8,4,0,0.66,0.33,0
12623,Chennai,New Delhi,CC,GN,53,2,3,0,0.687,0.182,0
12008,Bengaluru,Chennai,2A,GN,47,30,2,0,0.794,0.178,0
12625,Chennai,New Delhi,2A,GN,25,28,5,1,0.77,0.138,1
12841,Howrah,Chennai,CC,GN,7,12,4,0,0.743,0.206,0
12955,Mumbai,Delhi,3A,GN,54,29,6,1,0.739,0.168,0
12951,Mumbai,Delhi,3A,GN,15,8,5,1,0.679,0.069,0
12007,Chennai,Bengaluru,SL,GN,45,1,0,0,0.726,0.221,0
12952,Delhi,Mumbai,2A,GN,39,26,0,0,0.69,0.172,0
12626,New Delhi,Chennai,CC,GN,35,1,2,0,0.668,0.205,0
12842,Chennai,Howrah,2A,GN,27,9,6,1,0.74,0.176,0
12953,Mumbai,Delhi,2A,GN,15,11,4,0,0.884,0.123,0
12007,Chennai,Bengaluru,3A,GN,6,28,3,0,0.739,0.082,1
12621,Chennai,New Delhi,3A,GN,57,27,5,1,0.855,0.119,0
12953,Mumbai,Delhi,SL,GN,44,24,6,1,0.732,0.14,0
12841,Howrah,Chennai,CC,GN,2,3,0,0,0.906,0.149,1
12952,Delhi,Mumbai,2A,GN,53,12,1,0,0.894,0.233,0
12841,Howrah,Chennai,3A,GN,11,16,0,0,0.689,0.182,0
12956,Delhi,Mumbai,CC,GN,36,19,1,0,0.625,0.185,1
12621,Chennai,New Delhi,3A,GN,11,28,0,0,0.827,0.155,1
12008,Bengaluru,Chennai,SL,GN,49,2,0,0,0.806,0.235,0
12956,Delhi,Mumbai,CC,TQ,56,1,3,0,0.648,0.196,0
12956,Delhi,Mumbai,SL,GN,46,18,1,0,0.885,0.273,0
12843,Howrah,Chennai,CC,GN,8,7,2,0,0.685,0.238,1
12839,Howrah,Chennai,3A,GN,46,30,5,1,0.779,0.209,0
12952,Delhi,Mumbai,CC,GN,33,5,3,0,0.867,0.113,0
12010,Bengaluru,Chennai,CC,GN,28,30,4,0,0.841,0.156,1
12952,Delhi,Mumbai,CC,GN,21,23,0,0,0.586,0.115,1
12840,Chennai,Howrah,3A,TQ,46,24,1,0,0.786,0.1,0
12624,New Delhi,Chennai,3A,GN,29,10,6,1,0.836,0.071,0
12621,Chennai,New Delhi,SL,GN,20,1,5,1,0.803,0.192,0
12842,Chennai,Howrah,2A,GN,25,26,6,1,0.63,0.151,1
12011,Chennai,Bengaluru,3A,GN,37,1,4,0,0.901,0.169,0
12623,Chennai,New Delhi,CC,GN,50,28,1,0,0.651,0.253,0
12842,Chennai,Howrah,3A,GN,53,30,6,1,0.958,0.133,0
12623,Chennai,New Delhi,SL,GN,16,29,6,1,0.746,0.125,1
12956,Delhi,Mumbai,CC,GN,51,5,5,1,0.824,0.234,0
12621,Chennai,New Delhi,CC,GN,30,5,6,1,0.774,0.157,0
12839,Howrah,Chennai,3A,GN,56,5,4,0,0.76,0.184,0
12012,Bengaluru,Chennai,2A,GN,33,29,2,0,0.793,0.211,0
12623,Chennai,New Delhi,3A,GN,29,13,3,0,0.808,0.136,1
12954,Delhi,Mumbai,2A,GN,4,26,4,0,0.731,0.217,1
12843,Howrah,Chennai,SL,GN,10,5,0,0,0.967,0.298,1
12844,Chennai,Howrah,2A,TQ,37,12,0,0,0.818,0.26,0
12010,Bengaluru,Chennai,SL,GN,48,25,5,1,0.721,0.159,1
12841,Howrah,Chennai,2A,GN,16,21,4,0,0.878,0.11,0
12951,Mumbai,Delhi,SL,GN,57,7,4,0,0.812,0.297,1
12955,Mumbai,Delhi,2A,GN,40,10,0,0,0.83,0.219,0
12953,Mumbai,Delhi,3A,TQ,48,13,0,0,0.748,0.212,0
12839,Howrah,Chennai,SL,GN,39,27,1,0,0.863,0.159,1
12841,Howrah,Chennai,CC,GN,41,7,0,0,0.67,0.233,0
12952,Delhi,Mumbai,3A,GN,58,12,4,0,0.534,0.185,1
12953,Mumbai,Delhi,CC,GN,20,25,1,0,0.733,0.141,0
12624,New Delhi,Chennai,CC,TQ,16,8,5,1,0.933,0.333,0
12951,Mumbai,Delhi,3A,GN,60,18,3,0,0.589,0.205,0
12009,Chennai,Bengaluru,2A,GN,18,19,4,0,0.877,0.088,0
12012,Bengaluru,Chennai,2A,GN,55,24,0,0,0.769,0.287,1
12010,Bengaluru,Chennai,SL,GN,41,3,6,1,0.924,0.172,1
12010,Bengaluru,Chennai,SL,TQ,38,3,4,0,0.94,0.222,0
12625,Chennai,New Delhi,3A,GN,45,13,3,0,0.916,0.23,0
12623,Chennai,New Delhi,2A,GN,34,22,5,1,0.728,0.242,0
12953,Mumbai,Delhi,SL,GN,11,19,6,1,0.98,0.254,1
12839,Howrah,Chennai,2A,GN,57,6,0,0,0.731,0.273,1
12951,Mumbai,Delhi,3A,TQ,10,17,3,0,0.813,0.073,1
12624,New Delhi,Chennai,CC,GN,47,25,6,1,0.817,0.114,1
12956,Delhi,Mumbai,2A,GN,50,29,1,0,0.674,0.223,0
12622,New Delhi,Chennai,SL,GN,6,1,4,0,0.637,0.167,1
12625,Chennai,New Delhi,3A,GN,57,22,6,1,0.552,0.094,0
12010,Bengaluru,Chennai,3A,TQ,8,17,2,0,0.727,0.14,0
12842,Chennai,Howrah,3A,GN,45,26,5,1,0.55,0.241,1
12007,Chennai,Bengaluru,3A,GN,35,19,6,1,0.809,0.146,1
12840,Chennai,Howrah,3A,GN,25,17,4,0,0.651,0.298,0
12007,Chennai,Bengaluru,3A,GN,47,22,1,0,0.98,0.277,0
12841,Howrah,Chennai,3A,GN,59,24,2,0,0.887,0.182,0
12840,Chennai,Howrah,SL,GN,55,16,3,0,0.86,0.19,1
12954,Delhi,Mumbai,2A,GN,26,19,4,0,0.773,0.134,1
12839,Howrah,Chennai,CC,GN,49,12,6,1,0.879,0.233,1
12007,Chennai,Bengaluru,2A,GN,6,18,1,0,0.692,0.32,1
12623,Chennai,New Delhi,3A,GN,37,9,0,0,0.773,0.108,0
12953,Mumbai,Delhi,3A,GN,50,14,4,0,0.826,0.192,0
12956,Delhi,Mumbai,SL,GN,22,28,4,0,0.814,0.151,1
12953,Mumbai,Delhi,2A,GN,26,30,3,0,0.737,0.237,0
12623,Chennai,New Delhi,2A,GN,32,19,4,0,0.885,0.121,1
12842,Chennai,Howrah,3A,GN,40,8,2,0,0.782,0.03,0
12839,Howrah,Chennai,CC,GN,52,15,6,1,0.843,0.339,0
12952,Delhi,Mumbai,SL,GN,55,1,5,1,0.805,0.226,0
12622,New Delhi,Chennai,SL,GN,13,15,3,0,0.98,0.115,1
12951,Mumbai,Delhi,CC,GN,27,19,2,0,0.798,0.299,1
12841,Howrah,Chennai,2A,TQ,40,6,5,1,0.691,0.03,0
12011,Chennai,Bengaluru,CC,TQ,12,12,3,0,0.98,0.138,1
12839,Howrah,Chennai,SL,GN,41,22,2,0,0.681,0.171,0
12843,Howrah,Chennai,2A,GN,9,10,3,0,0.889,0.213,1
12841,Howrah,Chennai,SL,TQ,38,2,6,1,0.907,0.123,0
12839,Howrah,Chennai,3A,GN,7,20,5,1,0.754,0.13,1
12012,Bengaluru,Chennai,SL,GN,17,20,0,0,0.753,0.103,1
12842,Chennai,Howrah,2A,GN,19,30,5,1,0.786,0.36,1
12009,Chennai,Bengaluru,2A,GN,2,22,3,0,0.724,0.03,1
12842,Chennai,Howrah,2A,GN,10,10,2,0,0.804,0.102,1
12012,Bengaluru,Chennai,2A,GN,1,25,6,1,0.703,0.136,1
12953,Mumbai,Delhi,2A,TQ,28,15,1,0,0.795,0.267,1
12841,Howrah,Chennai,SL,GN,14,23,1,0,0.813,0.092,0
12841,Howrah,Chennai,2A,GN,2,3,6,1,0.762,0.263,0
12843,Howrah,Chennai,CC,GN,58,22,3,0,0.877,0.178,0
12009,Chennai,Bengaluru,SL,GN,45,25,6,1,0.915,0.223,0
12007,Chennai,Bengaluru,3A,GN,11,6,1,0,0.915,0.189,1
12955,Mumbai,Delhi,3A,GN,53,10,5,1,0.78,0.198,0
12843,Howrah,Chennai,2A,GN,17,26,4,0,0.818,0.03,1
12843,Howrah,Chennai,2A,GN,36,17,2,0,0.8,0.22,0
12011,Chennai,Bengaluru,CC,TQ,5,24,0,0,0.81,0.06,0
12007,Chennai,Bengaluru,2A,GN,26,2,4,0,0.752,0.091,0
12624,New Delhi,Chennai,CC,GN,39,3,2,0,0.749,0.134,0
12626,New Delhi,Chennai,3A,TQ,19,8,6,1,0.881,0.219,1
12955,Mumbai,Delhi,CC,GN,25,12,6,1,0.752,0.189,0
12010,Bengaluru,Chennai,2A,GN,22,26,6,1,0.792,0.211,0
12842,Chennai,Howrah,SL,GN,30,20,6,1,0.916,0.03,1
12626,New Delhi,Chennai,CC,GN,3,5,2,0,0.91,0.268,1
12011,Chennai,Bengaluru,CC,GN,29,22,0,0,0.795,0.3,1
12956,Delhi,Mumbai,3A,TQ,59,23,4,0,0.76,0.23,0
12621,Chennai,New Delhi,3A,GN,49,29,5,1,0.98,0.155,0
12953,Mumbai,Delhi,SL,GN,3,13,5,1,0.925,0.235,1
12953,Mumbai,Delhi,SL,GN,53,14,6,1,0.587,0.095,1
12953,Mumbai,Delhi,2A,GN,39,24,6,1,0.848,0.177,1
12621,Chennai,New Delhi,CC,GN,8,20,4,0,0.897,0.293,1
12625,Chennai,New Delhi,SL,TQ,56,6,4,0,0.787,0.279,0
12844,Chennai,Howrah,2A,GN,38,13,4,0,0.98,0.246,1
12956,Delhi,Mumbai,2A,GN,9,3,0,0,0.796,0.215,0
12954,Delhi,Mumbai,CC,GN,38,8,2,0,0.777,0.306,1
12623,Chennai,New Delhi,SL,GN,29,19,1,0,0.802,0.311,1
12007,Chennai,Bengaluru,SL,GN,24,19,3,0,0.862,0.216,1
12955,Mumbai,Delhi,CC,GN,43,13,1,0,0.897,0.253,0
12624,New Delhi,Chennai,SL,GN,31,18,3,0,0.937,0.204,1
12010,Bengaluru,Chennai,SL,GN,31,2,3,0,0.718,0.153,0
12625,Chennai,New Delhi,CC,GN,28,28,6,1,0.798,0.209,0
12840,Chennai,Howrah,SL,GN,1,22,1,0,0.74,0.321,1
12626,New Delhi,Chennai,2A,GN,33,6,6,1,0.937,0.175,0
12951,Mumbai,Delhi,SL,GN,41,7,6,1,0.968,0.225,0
12954,Delhi,Mumbai,2A,GN,22,11,2,0,0.595,0.14,1
12956,Delhi,Mumbai,CC,TQ,24,12,1,0,0.687,0.174,1
12009,Chennai,Bengaluru,SL,TQ,53,8,6,1,0.943,0.03,1
12841,Howrah,Chennai,3A,GN,30,14,6,1,0.754,0.206,0
12955,Mumbai,Delhi,CC,GN,22,22,4,0,0.864,0.134,1
12012,Bengaluru,Chennai,3A,GN,46,15,6,1,0.591,0.243,0
12955,Mumbai,Delhi,SL,GN,22,19,0,0,0.78,0.099,1
12012,Bengaluru,Chennai,CC,GN,33,1,0,0,0.868,0.161,0
12840,Chennai,Howrah,2A,GN,39,26,5,1,0.872,0.219,1
12956,Delhi,Mumbai,2A,GN,6,9,6,1,0.753,0.073,0
12623,Chennai,New Delhi,3A,GN,20,30,6,1,0.791,0.247,1
12625,Chennai,New Delhi,CC,GN,11,18,5,1,0.912,0.301,1
12839,Howrah,Chennai,3A,GN,46,4,4,0,0.832,0.14,0
12012,Bengaluru,Chennai,2A,GN,32,24,0,0,0.98,0.121,1
12840,Chennai,Howrah,2A,GN,7,12,0,0,0.82,0.225,1
12626,New Delhi,Chennai,3A,TQ,24,18,0,0,0.937,0.362,1
12954,Delhi,Mumbai,CC,GN,15,2,3,0,0.617,0.14,0
12007,Chennai,Bengaluru,3A,GN,15,1,2,0,0.798,0.147,0
12622,New Delhi,Chennai,CC,GN,2,23,4,0,0.777,0.262,1
12844,Chennai,Howrah,2A,GN,2,7,5,1,0.743,0.087,1
12956,Delhi,Mumbai,SL,GN,1,8,3,0,0.624,0.161,0
12952,Delhi,Mumbai,SL,GN,43,12,0,0,0.805,0.128,0
12624,New Delhi,Chennai,SL,GN,12,5,0,0,0.818,0.21,1
12841,Howrah,Chennai,3A,TQ,9,5,3,0,0.804,0.19,0
12953,Mumbai,Delhi,SL,GN,33,17,2,0,0.872,0.204,1
12626,New Delhi,Chennai,3A,GN,45,20,1,0,0.49,0.223,1
12952,Delhi,Mumbai,2A,GN,32,6,4,0,0.77,0.178,1
12010,Bengaluru,Chennai,CC,GN,25,14,3,0,0.728,0.105,1
12843,Howrah,Chennai,CC,GN,26,30,3,0,0.814,0.102,0
12007,Chennai,Bengaluru,SL,GN,31,9,2,0,0.74,0.163,0
12955,Mumbai,Delhi,2A,GN,18,13,0,0,0.859,0.153,0
12843,Howrah,Chennai,2A,GN,58,7,6,1,0.69,0.118,0
12010,Bengaluru,Chennai,CC,GN,44,6,1,0,0.661,0.202,0
12843,Howrah,Chennai,3A,TQ,2,6,3,0,0.85,0.083,0
12626,New Delhi,Chennai,CC,GN,48,23,5,1,0.865,0.249,0
12008,Bengaluru,Chennai,2A,GN,15,25,3,0,0.789,0.167,1
12951,Mumbai,Delhi,CC,GN,46,27,4,0,0.798,0.277,0
12010,Bengaluru,Chennai,SL,GN,25,30,2,0,0.623,0.142,1
12010,Bengaluru,Chennai,3A,GN,56,4,3,0,0.92,0.175,0
12007,Chennai,Bengaluru,2A,GN,21,22,3,0,0.786,0.131,1
12622,New Delhi,Chennai,CC,GN,49,26,2,0,0.708,0.243,1
12012,Bengaluru,Chennai,2A,GN,33,23,1,0,0.905,0.149,0
12952,Delhi,Mumbai,2A,GN,22,16,4,0,0.902,0.294,1
12954,Delhi,Mumbai,CC,GN,21,18,2,0,0.807,0.049,0
12624,New Delhi,Chennai,2A,GN,46,19,3,0,0.837,0.294,0
12952,Delhi,Mumbai,CC,GN,8,1,2,0,0.76,0.261,0
12954,Delhi,Mumbai,CC,GN,27,21,5,1,0.949,0.241,1
12954,Delhi,Mumbai,2A,GN,38,17,2,0,0.626,0.162,0
12626,New Delhi,Chennai,3A,TQ,13,29,6,1,0.712,0.217,0
12626,New Delhi,Chennai,SL,GN,8,20,2,0,0.598,0.104,0
12623,Chennai,New Delhi,CC,GN,57,30,4,0,0.756,0.152,0
12626,New Delhi,Chennai,3A,GN,14,4,0,0,0.814,0.132,0
12954,Delhi,Mumbai,2A,GN,1,11,2,0,0.67,0.03,0
12624,New Delhi,Chennai,2A,TQ,37,20,1,0,0.98,0.03,0
12007,Chennai,Bengaluru,2A,GN,42,30,5,1,0.837,0.222,1
12954,Delhi,Mumbai,2A,GN,18,14,3,0,0.756,0.23,1
12840,Chennai,Howrah,SL,TQ,14,1,5,1,0.809,0.172,0
12843,Howrah,Chennai,3A,GN,15,4,4,0,0.88,0.216,1
12007,Chennai,Bengaluru,2A,GN,18,29,3,0,0.785,0.164,1
12954,Delhi,Mumbai,3A,GN,11,18,4,0,0.624,0.075,1
12625,Chennai,New Delhi,2A,GN,28,30,5,1,0.81,0.136,0
12010,Bengaluru,Chennai,SL,GN,52,29,3,0,0.707,0.247,1
12953,Mumbai,Delhi,CC,GN,35,7,2,0,0.901,0.158,0
12954,Delhi,Mumbai,3A,GN,54,6,6,1,0.856,0.302,0
12953,Mumbai,Delhi,SL,GN,26,18,4,0,0.778,0.221,1
12841,Howrah,Chennai,CC,GN,26,30,3,0,0.683,0.153,1
12956,Delhi,Mumbai,SL,GN,29,6,1,0,0.808,0.194,0
12952,Delhi,Mumbai,3A,TQ,60,8,4,0,0.668,0.179,0
12840,Chennai,Howrah,CC,GN,17,28,6,1,0.661,0.184,1
12007,Chennai,Bengaluru,CC,GN,43,1,4,0,0.952,0.171,0
12841,Howrah,Chennai,SL,GN,31,14,3,0,0.9,0.134,0
12953,Mumbai,Delhi,SL,GN,32,8,1,0,0.834,0.222,0
12012,Bengaluru,Chennai,2A,GN,4,14,0,0,0.826,0.332,0
12840,Chennai,Howrah,SL,GN,31,16,3,0,0.873,0.196,0
12623,Chennai,New Delhi,2A,GN,58,25,1,0,0.758,0.161,0
12842,Chennai,Howrah,2A,GN,41,15,1,0,0.862,0.093,1
12009,Chennai,Bengaluru,CC,GN,23,12,2,0,0.892,0.124,0
12954,Delhi,Mumbai,SL,GN,52,27,1,0,0.608,0.182,1
12007,Chennai,Bengaluru,3A,GN,33,24,2,0,0.837,0.057,1
12953,Mumbai,Delhi,2A,GN,58,16,0,0,0.818,0.218,0
12956,Delhi,Mumbai,CC,TQ,34,11,0,0,0.947,0.208,0
12007,Chennai,Bengaluru,SL,GN,22,10,1,0,0.824,0.202,1
12954,Delhi,Mumbai,SL,GN,11,16,2,0,0.769,0.266,1
12951,Mumbai,Delhi,CC,GN,54,3,1,0,0.781,0.081,0
12843,Howrah,Chennai,3A,GN,4,28,0,0,0.636,0.064,1
12953,Mumbai,Delhi,CC,GN,52,4,5,1,0.888,0.356,0
12839,Howrah,Chennai,SL,GN,19,22,4,0,0.835,0.145,1
12010,Bengaluru,Chennai,2A,GN,52,17,2,0,0.817,0.223,0
12840,Chennai,Howrah,SL,GN,6,4,3,0,0.745,0.198,1
12625,Chennai,New Delhi,3A,GN,57,20,4,0,0.75,0.23,0
12955,Mumbai,Delhi,SL,TQ,51,21,2,0,0.733,0.068,0
12953,Mumbai,Delhi,CC,GN,4,30,6,1,0.727,0.161,0
12951,Mumbai,Delhi,SL,GN,44,10,5,1,0.869,0.132,0
12007,Chennai,Bengaluru,3A,GN,45,4,2,0,0.805,0.187,0
12621,Chennai,New Delhi,3A,TQ,18,24,2,0,0.787,0.216,0
12843,Howrah,Chennai,3A,GN,23,26,4,0,0.727,0.087,0
12626,New Delhi,Chennai,SL,GN,33,18,4,0,0.707,0.123,0
12954,Delhi,Mumbai,CC,GN,41,7,5,1,0.895,0.332,0
12954,Delhi,Mumbai,SL,GN,5,2,5,1,0.824,0.243,1
12840,Chennai,Howrah,CC,GN,40,6,3,0,0.679,0.185,0
12010,Bengaluru,Chennai,CC,GN,21,20,1,0,0.896,0.126,0
12840,Chennai,Howrah,CC,TQ,27,29,0,0,0.789,0.291,0
12954,Delhi,Mumbai,SL,GN,3,8,3,0,0.762,0.4,0
12012,Bengaluru,Chennai,2A,GN,51,11,3,0,0.705,0.052,0
12951,Mumbai,Delhi,SL,GN,55,9,6,1,0.504,0.254,0
12007,Chennai,Bengaluru,2A,TQ,43,8,5,1,0.801,0.157,0
12953,Mumbai,Delhi,CC,GN,43,5,3,0,0.694,0.26,0
12007,Chennai,Bengaluru,3A,GN,38,26,6,1,0.81,0.12,0
12956,Delhi,Mumbai,SL,GN,20,2,1,0,0.799,0.155,1
12012,Bengaluru,Chennai,3A,GN,44,25,2,0,0.75,0.199,0
12844,Chennai,Howrah,3A,GN,12,28,5,1,0.835,0.121,1
12011,Chennai,Bengaluru,3A,GN,57,23,5,1,0.739,0.236,1
12956,Delhi,Mumbai,SL,GN,16,2,1,0,0.688,0.215,0
12011,Chennai,Bengaluru,2A,GN,57,21,4,0,0.742,0.216,1
12621,Chennai,New Delhi,SL,GN,13,15,1,0,0.866,0.204,1
12843,Howrah,Chennai,CC,GN,19,30,6,1,0.637,0.167,1
12844,Chennai,Howrah,3A,TQ,23,22,0,0,0.831,0.162,1
12621,Chennai,New Delhi,3A,GN,59,28,6,1,0.842,0.334,0
12844,Chennai,Howrah,3A,GN,36,8,0,0,0.591,0.159,0
12625,Chennai,New Delhi,CC,GN,28,8,1,0,0.858,0.247,1
12842,Chennai,Howrah,CC,GN,49,16,5,1,0.617,0.145,0
12008,Bengaluru,Chennai,CC,GN,44,1,4,0,0.919,0.248,1
12952,Delhi,Mumbai,CC,GN,47,8,3,0,0.772,0.241,0
12840,Chennai,Howrah,CC,TQ,38,20,0,0,0.692,0.109,0
12951,Mumbai,Delhi,3A,GN,3,22,3,0,0.792,0.219,1
12955,Mumbai,Delhi,3A,GN,17,29,3,0,0.95,0.236,1
12622,New Delhi,Chennai,SL,GN,45,17,2,0,0.825,0.093,0
12955,Mumbai,Delhi,SL,GN,8,11,3,0,0.713,0.158,0
12010,Bengaluru,Chennai,CC,GN,43,22,5,1,0.863,0.139,0
12621,Chennai,New Delhi,2A,TQ,13,11,5,1,0.722,0.13,0
12626,New Delhi,Chennai,CC,TQ,53,13,3,0,0.66,0.252,0
12007,Chennai,Bengaluru,2A,GN,47,20,1,0,0.822,0.237,1
12951,Mumbai,Delhi,3A,GN,47,28,3,0,0.759,0.24,1
12625,Chennai,New Delhi,3A,GN,11,13,1,0,0.699,0.1,1
12621,Chennai,New Delhi,CC,GN,6,27,4,0,0.666,0.188,1
12952,Delhi,Mumbai,2A,GN,26,5,4,0,0.759,0.14,0
12844,Chennai,Howrah,SL,GN,21,22,2,0,0.964,0.128,0
12626,New Delhi,Chennai,3A,GN,3,28,3,0,0.671,0.171,1
12008,Bengaluru,Chennai,CC,GN,57,22,3,0,0.838,0.03,0
12953,Mumbai,Delhi,CC,GN,47,20,2,0,0.784,0.183,0
12624,New Delhi,Chennai,2A,GN,11,17,0,0,0.876,0.293,0
12952,Delhi,Mumbai,2A,GN,45,18,4,0,0.721,0.102,0
12009,Chennai,Bengaluru,3A,TQ,27,10,2,0,0.6,0.155,1
12951,Mumbai,Delhi,3A,GN,49,29,4,0,0.803,0.105,0
12008,Bengaluru,Chennai,3A,GN,37,9,0,0,0.653,0.189,0
12954,Delhi,Mumbai,CC,GN,58,17,4,0,0.731,0.092,1
12621,Chennai,New Delhi,CC,GN,28,24,4,0,0.98,0.116,0
12012,Bengaluru,Chennai,CC,GN,24,26,2,0,0.751,0.149,1
12010,Bengaluru,Chennai,SL,GN,19,27,4,0,0.611,0.26,0
12621,Chennai,New Delhi,CC,GN,56,20,0,0,0.775,0.171,1
12626,New Delhi,Chennai,CC,TQ,55,26,3,0,0.689,0.134,0
12839,Howrah,Chennai,3A,GN,53,14,2,0,0.917,0.264,0
12951,Mumbai,Delhi,2A,TQ,48,9,3,0,0.678,0.124,0
12011,Chennai,Bengaluru,3A,GN,55,16,1,0,0.695,0.317,0
12840,Chennai,Howrah,3A,GN,21,16,3,0,0.717,0.24,1
12621,Chennai,New Delhi,2A,GN,25,5,0,0,0.831,0.193,1
12623,Chennai,New Delhi,2A,GN,46,14,3,0,0.712,0.17,0
12007,Chennai,Bengaluru,CC,GN,19,27,5,1,0.749,0.148,1
12622,New Delhi,Chennai,CC,GN,60,2,1,0,0.878,0.266,0
12842,Chennai,Howrah,3A,GN,55,27,5,1,0.746,0.161,0
12625,Chennai,New Delhi,3A,TQ,21,19,4,0,0.928,0.146,0
12622,New Delhi,Chennai,3A,GN,54,20,3,0,0.695,0.103,0
12841,Howrah,Chennai,SL,GN,22,30,6,1,0.71,0.289,1
12010,Bengaluru,Chennai,2A,GN,49,26,4,0,0.861,0.157,1
12625,Chennai,New Delhi,3A,GN,57,29,3,0,0.753,0.126,0
12951,Mumbai,Delhi,3A,TQ,13,19,0,0,0.731,0.222,0
12010,Bengaluru,Chennai,3A,GN,29,1,3,0,0.922,0.245,1
12626,New Delhi,Chennai,2A,TQ,47,25,5,1,0.904,0.167,0
12953,Mumbai,Delhi,3A,GN,54,16,6,1,0.497,0.181,0
12626,New Delhi,Chennai,SL,GN,41,13,1,0,0.759,0.03,1
12625,Chennai,New Delhi,SL,TQ,54,24,5,1,0.847,0.105,0
12621,Chennai,New Delhi,CC,GN,28,6,3,0,0.862,0.19,0
12952,Delhi,Mumbai,CC,GN,43,3,4,0,0.606,0.188,0
12951,Mumbai,Delhi,3A,GN,25,3,6,1,0.667,0.226,0
12624,New Delhi,Chennai,SL,TQ,60,26,5,1,0.753,0.29,0
12626,New Delhi,Chennai,2A,GN,42,27,6,1,0.708,0.163,0
12843,Howrah,Chennai,SL,GN,58,7,3,0,0.876,0.314,0
12951,Mumbai,Delhi,2A,GN,32,11,0,0,0.859,0.071,0
12951,Mumbai,Delhi,CC,GN,41,29,1,0,0.718,0.349,0
12623,Chennai,New Delhi,SL,GN,56,20,1,0,0.736,0.239,1
12010,Bengaluru,Chennai,2A,GN,7,10,0,0,0.908,0.219,0
12623,Chennai,New Delhi,CC,GN,28,11,2,0,0.805,0.267,0
12625,Chennai,New Delhi,3A,GN,49,18,4,0,0.623,0.179,0
12954,Delhi,Mumbai,2A,GN,58,21,5,1,0.726,0.167,0
12012,Bengaluru,Chennai,3A,GN,13,30,2,0,0.76,0.094,1
12955,Mumbai,Delhi,SL,GN,35,28,2,0,0.817,0.183,1
12012,Bengaluru,Chennai,2A,GN,38,22,1,0,0.823,0.181,0
12951,Mumbai,Delhi,2A,GN,43,7,0,0,0.829,0.196,0
12840,Chennai,Howrah,CC,GN,10,4,4,0,0.869,0.032,0
12008,Bengaluru,Chennai,2A,GN,27,25,4,0,0.827,0.327,1
12625,Chennai,New Delhi,3A,GN,27,2,2,0,0.98,0.078,0
12956,Delhi,Mumbai,2A,TQ,27,26,5,1,0.749,0.267,0
12952,Delhi,Mumbai,3A,TQ,26,13,3,0,0.781,0.113,1
12953,Mumbai,Delhi,CC,GN,51,21,2,0,0.849,0.245,0
12621,Chennai,New Delhi,2A,TQ,26,8,4,0,0.921,0.152,0
12623,Chennai,New Delhi,SL,GN,48,7,5,1,0.433,0.03,0
12623,Chennai,New Delhi,2A,GN,34,29,1,0,0.786,0.272,1
12007,Chennai,Bengaluru,SL,GN,53,30,0,0,0.775,0.133,1
12621,Chennai,New Delhi,2A,GN,20,3,2,0,0.891,0.116,1
12012,Bengaluru,Chennai,3A,GN,25,16,2,0,0.961,0.137,1
12011,Chennai,Bengaluru,3A,GN,16,24,5,1,0.926,0.06,1
12622,New Delhi,Chennai,CC,GN,9,17,2,0,0.803,0.157,1
12008,Bengaluru,Chennai,CC,GN,59,21,4,0,0.783,0.113,1
12844,Chennai,Howrah,3A,GN,32,7,2,0,0.796,0.161,0
12010,Bengaluru,Chennai,3A,GN,29,9,4,0,0.844,0.102,0
12952,Delhi,Mumbai,SL,GN,15,4,3,0,0.894,0.159,0
12623,Chennai,New Delhi,3A,GN,14,2,4,0,0.793,0.117,0
12623,Chennai,New Delhi,2A,GN,5,27,5,1,0.781,0.209,1
12951,Mumbai,Delhi,CC,GN,56,22,2,0,0.702,0.18,1
12842,Chennai,Howrah,2A,GN,52,16,3,0,0.762,0.094,0
12955,Mumbai,Delhi,SL,GN,28,14,4,0,0.726,0.06,0
12011,Chennai,Bengaluru,2A,TQ,13,20,5,1,0.904,0.141,0
12840,Chennai,Howrah,SL,GN,29,24,1,0,0.777,0.161,1
12012,Bengaluru,Chennai,3A,GN,49,27,0,0,0.784,0.075,0
12956,Delhi,Mumbai,CC,GN,24,10,5,1,0.789,0.208,0
12626,New Delhi,Chennai,2A,GN,47,2,5,1,0.799,0.276,0
12622,New Delhi,Chennai,SL,GN,48,6,0,0,0.615,0.192,0
12840,Chennai,Howrah,2A,TQ,59,24,5,1,0.679,0.079,0
12952,Delhi,Mumbai,SL,GN,7,17,0,0,0.837,0.176,1
12955,Mumbai,Delhi,CC,GN,10,18,2,0,0.747,0.119,0
12011,Chennai,Bengaluru,2A,GN,59,9,2,0,0.782,0.174,0
12841,Howrah,Chennai,SL,GN,49,21,6,1,0.909,0.175,0
12624,New Delhi,Chennai,CC,TQ,11,29,1,0,0.848,0.284,0
12622,New Delhi,Chennai,3A,GN,19,4,2,0,0.804,0.244,0
12955,Mumbai,Delhi,SL,GN,27,14,2,0,0.741,0.283,1
12952,Delhi,Mumbai,3A,TQ,18,24,2,0,0.721,0.33,1
12955,Mumbai,Delhi,3A,GN,50,28,2,0,0.725,0.24,0
12621,Chennai,New Delhi,SL,GN,24,4,3,0,0.775,0.198,0
12012,Bengaluru,Chennai,SL,GN,38,21,4,0,0.859,0.204,1
12953,Mumbai,Delhi,SL,GN,60,27,1,0,0.877,0.03,0
12841,Howrah,Chennai,CC,GN,55,14,6,1,0.767,0.203,1
12952,Delhi,Mumbai,SL,GN,9,6,2,0,0.558,0.147,1
12953,Mumbai,Delhi,3A,TQ,12,23,2,0,0.759,0.177,1
12009,Chennai,Bengaluru,CC,GN,23,13,0,0,0.596,0.223,1
12626,New Delhi,Chennai,3A,GN,54,1,5,1,0.752,0.21,0
12625,Chennai,New Delhi,3A,GN,14,7,6,1,0.751,0.123,0
12844,Chennai,Howrah,CC,TQ,9,15,0,0,0.914,0.03,1
12012,Bengaluru,Chennai,3A,GN,54,1,1,0,0.886,0.177,1
12621,Chennai,New Delhi,CC,TQ,17,7,4,0,0.866,0.164,0
12010,Bengaluru,Chennai,3A,GN,25,27,4,0,0.635,0.246,1
12008,Bengaluru,Chennai,SL,GN,9,24,0,0,0.886,0.173,1
12621,Chennai,New Delhi,3A,GN,19,2,0,0,0.753,0.174,0
12623,Chennai,New Delhi,3A,TQ,48,2,5,1,0.646,0.174,0
12010,Bengaluru,Chennai,SL,GN,13,13,5,1,0.826,0.049,1
12840,Chennai,Howrah,3A,GN,59,23,5,1,0.635,0.082,1
12624,New Delhi,Chennai,3A,GN,49,9,3,0,0.74,0.127,0
12008,Bengaluru,Chennai,SL,GN,9,26,1,0,0.85,0.235,1
12953,Mumbai,Delhi,2A,GN,29,27,6,1,0.921,0.094,1
12010,Bengaluru,Chennai,CC,GN,3,21,1,0,0.799,0.246,1
12007,Chennai,Bengaluru,2A,GN,8,8,2,0,0.82,0.207,0
12626,New Delhi,Chennai,3A,GN,15,16,0,0,0.676,0.197,0
12010,Bengaluru,Chennai,CC,GN,57,15,2,0,0.573,0.192,0
12007,Chennai,Bengaluru,CC,GN,58,14,4,0,0.884,0.215,1
12844,Chennai,Howrah,CC,GN,20,12,0,0,0.911,0.148,1
12955,Mumbai,Delhi,SL,TQ,35,15,4,0,0.878,0.205,0
12844,Chennai,Howrah,CC,GN,7,8,4,0,0.922,0.203,1
12840,Chennai,Howrah,SL,GN,48,27,3,0,0.84,0.253,1
12008,Bengaluru,Chennai,SL,GN,35,20,2,0,0.761,0.265,1
12008,Bengaluru,Chennai,SL,GN,38,14,1,0,0.677,0.258,0
12956,Delhi,Mumbai,CC,GN,10,19,0,0,0.669,0.194,0
12954,Delhi,Mumbai,3A,GN,25,20,2,0,0.749,0.247,1
12953,Mumbai,Delhi,2A,GN,50,4,5,1,0.629,0.224,0
12624,New Delhi,Chennai,CC,GN,18,27,6,1,0.8,0.226,0
12840,Chennai,Howrah,3A,GN,1,7,3,0,0.731,0.086,1
12012,Bengaluru,Chennai,2A,GN,46,14,1,0,0.935,0.24,1
12956,Delhi,Mumbai,CC,GN,30,13,4,0,0.826,0.263,1
12840,Chennai,Howrah,3A,GN,44,8,2,0,0.699,0.17,1
12624,New Delhi,Chennai,2A,GN,59,15,2,0,0.806,0.117,0
12956,Delhi,Mumbai,2A,GN,42,17,6,1,0.943,0.279,0
12626,New Delhi,Chennai,SL,GN,42,30,4,0,0.694,0.166,0
12626,New Delhi,Chennai,3A,GN,20,18,5,1,0.903,0.03,0
12844,Chennai,Howrah,CC,GN,28,17,3,0,0.732,0.148,0
12840,Chennai,Howrah,CC,GN,38,24,6,1,0.731,0.161,1
12953,Mumbai,Delhi,CC,GN,40,14,2,0,0.865,0.169,1
12622,New Delhi,Chennai,SL,GN,53,24,1,0,0.954,0.158,1
12011,Chennai,Bengaluru,3A,GN,55,7,4,0,0.861,0.097,0
12008,Bengaluru,Chennai,SL,GN,44,6,2,0,0.7,0.203,0
12623,Chennai,New Delhi,SL,TQ,49,5,5,1,0.804,0.313,0
12840,Chennai,Howrah,CC,TQ,8,25,4,0,0.691,0.208,1
12956,Delhi,Mumbai,SL,GN,16,22,4,0,0.809,0.289,1
12955,Mumbai,Delhi,3A,GN,10,3,2,0,0.904,0.119,1
12625,Chennai,New Delhi,2A,GN,58,20,6,1,0.864,0.285,0
12622,New Delhi,Chennai,3A,GN,52,13,0,0,0.766,0.097,0
12012,Bengaluru,Chennai,2A,GN,46,8,2,0,0.754,0.2,0
12010,Bengaluru,Chennai,CC,GN,16,23,1,0,0.788,0.293,1
12009,Chennai,Bengaluru,3A,GN,43,21,5,1,0.797,0.138,0
12841,Howrah,Chennai,2A,TQ,10,12,6,1,0.811,0.116,1
12011,Chennai,Bengaluru,SL,GN,11,2,0,0,0.735,0.15,1
12623,Chennai,New Delhi,CC,TQ,12,1,2,0,0.735,0.268,1
12843,Howrah,Chennai,SL,GN,56,6,5,1,0.816,0.187,0
12956,Delhi,Mumbai,2A,GN,49,21,2,0,0.901,0.299,0
12955,Mumbai,Delhi,2A,GN,52,4,5,1,0.835,0.113,0
12841,Howrah,Chennai,3A,GN,41,4,6,1,0.919,0.159,0
12952,Delhi,Mumbai,3A,GN,40,1,6,1,0.736,0.083,0
12011,Chennai,Bengaluru,CC,GN,31,24,6,1,0.774,0.214,0
12622,New Delhi,Chennai,SL,GN,40,10,2,0,0.781,0.114,0
12012,Bengaluru,Chennai,CC,GN,4,23,6,1,0.766,0.114,1
12841,Howrah,Chennai,SL,GN,21,30,4,0,0.788,0.053,1
12009,Chennai,Bengaluru,CC,GN,25,21,0,0,0.62,0.095,1
12956,Delhi,Mumbai,3A,GN,3,8,1,0,0.754,0.227,1
12624,New Delhi,Chennai,SL,GN,58,13,4,0,0.677,0.173,0
12839,Howrah,Chennai,3A,TQ,44,12,6,1,0.712,0.198,0
12840,Chennai,Howrah,CC,TQ,9,7,6,1,0.71,0.233,0
12953,Mumbai,Delhi,2A,GN,57,10,5,1,0.733,0.199,0
12956,Delhi,Mumbai,SL,GN,47,17,0,0,0.662,0.194,1
12956,Delhi,Mumbai,3A,GN,8,29,6,1,0.884,0.151,1
12843,Howrah,Chennai,CC,TQ,6,5,5,1,0.766,0.127,0
12955,Mumbai,Delhi,3A,GN,50,18,3,0,0.795,0.301,0
12626,New Delhi,Chennai,2A,GN,43,15,3,0,0.883,0.274,1
12626,New Delhi,Chennai,CC,GN,17,7,2,0,0.671,0.176,1
12955,Mumbai,Delhi,3A,GN,37,16,6,1,0.66,0.152,0
12007,Chennai,Bengaluru,3A,GN,45,2,6,1,0.747,0.16,1
12625,Chennai,New Delhi,2A,GN,8,7,3,0,0.803,0.228,0
12012,Bengaluru,Chennai,3A,GN,29,7,3,0,0.95,0.246,1
12955,Mumbai,Delhi,CC,GN,46,12,3,0,0.78,0.291,0
12625,Chennai,New Delhi,SL,TQ,6,16,2,0,0.739,0.268,0
12951,Mumbai,Delhi,2A,GN,41,19,4,0,0.807,0.201,0
12842,Chennai,Howrah,2A,GN,42,3,0,0,0.763,0.295,0
12010,Bengaluru,Chennai,2A,TQ,23,10,2,0,0.76,0.246,1
12954,Delhi,Mumbai,SL,GN,47,25,1,0,0.779,0.121,0
12009,Chennai,Bengaluru,2A,GN,34,10,2,0,0.844,0.144,0
12954,Delhi,Mumbai,CC,GN,18,22,2,0,0.807,0.186,1
12843,Howrah,Chennai,2A,GN,6,25,3,0,0.67,0.123,1
12840,Chennai,Howrah,3A,GN,27,27,6,1,0.921,0.213,1
12009,Chennai,Bengaluru,2A,GN,12,13,5,1,0.733,0.14,1
12008,Bengaluru,Chennai,CC,GN,29,15,3,0,0.694,0.109,0
12621,Chennai,New Delhi,SL,TQ,37,29,2,0,0.974,0.169,0
12953,Mumbai,Delhi,2A,TQ,29,20,0,0,0.807,0.124,0
12008,Bengaluru,Chennai,3A,GN,36,30,4,0,0.888,0.139,1
12625,Chennai,New Delhi,2A,GN,38,6,3,0,0.657,0.248,0
12951,Mumbai,Delhi,3A,GN,20,23,5,1,0.696,0.185,1
12951,Mumbai,Delhi,2A,GN,31,3,0,0,0.733,0.339,1
12954,Delhi,Mumbai,2A,GN,2,2,3,0,0.781,0.327,1
12844,Chennai,Howrah,SL,GN,21,4,6,1,0.784,0.226,0
12844,Chennai,Howrah,CC,GN,26,11,1,0,0.87,0.212,0
12954,Delhi,Mumbai,SL,GN,60,22,5,1,0.662,0.11,0
12622,New Delhi,Chennai,CC,TQ,33,13,0,0,0.655,0.234,0
12012,Bengaluru,Chennai,2A,GN,16,2,1,0,0.841,0.068,0
12625,Chennai,New Delhi,3A,GN,34,16,3,0,0.933,0.173,1
12954,Delhi,Mumbai,2A,GN,2,29,6,1,0.872,0.193,1
12844,Chennai,Howrah,SL,GN,14,5,1,0,0.806,0.157,0
12844,Chennai,Howrah,SL,GN,45,4,3,0,0.85,0.172,0
12008,Bengaluru,Chennai,2A,TQ,21,8,2,0,0.756,0.183,0
12009,Chennai,Bengaluru,SL,GN,32,15,3,0,0.897,0.175,1
12953,Mumbai,Delhi,SL,TQ,23,8,2,0,0.844,0.157,0
12623,Chennai,New Delhi,SL,TQ,35,5,0,0,0.798,0.273,0
12954,Delhi,Mumbai,SL,TQ,27,25,6,1,0.667,0.176,0
12008,Bengaluru,Chennai,2A,TQ,3,1,6,1,0.813,0.096,0
12841,Howrah,Chennai,3A,GN,48,19,0,0,0.688,0.203,1
12625,Chennai,New Delhi,2A,TQ,54,19,5,1,0.85,0.188,0
12840,Chennai,Howrah,CC,GN,53,13,5,1,0.706,0.129,0
12842,Chennai,Howrah,2A,GN,9,20,2,0,0.98,0.127,1
12622,New Delhi,Chennai,2A,TQ,34,11,2,0,0.671,0.238,1
12623,Chennai,New Delhi,CC,GN,54,15,6,1,0.625,0.144,0
12955,Mumbai,Delhi,3A,GN,51,21,4,0,0.677,0.266,1
12009,Chennai,Bengaluru,3A,GN,54,9,6,1,0.943,0.134,0
12840,Chennai,Howrah,SL,GN,36,14,5,1,0.78,0.129,0
12011,Chennai,Bengaluru,SL,GN,52,26,5,1,0.777,0.03,0
12010,Bengaluru,Chennai,3A,GN,10,10,0,0,0.925,0.307,1
12843,Howrah,Chennai,CC,GN,17,4,2,0,0.678,0.111,0
12012,Bengaluru,Chennai,SL,GN,8,29,2,0,0.807,0.05,1
12008,Bengaluru,Chennai,2A,GN,59,4,4,0,0.949,0.215,0
12840,Chennai,Howrah,2A,GN,12,30,3,0,0.709,0.243,1
12840,Chennai,Howrah,2A,GN,31,30,4,0,0.699,0.208,0
12621,Chennai,New Delhi,SL,TQ,12,23,4,0,0.713,0.152,1
12840,Chennai,Howrah,3A,GN,43,18,3,0,0.697,0.205,1
12624,New Delhi,Chennai,CC,GN,4,17,1,0,0.805,0.277,1
12843,Howrah,Chennai,2A,GN,31,14,6,1,0.89,0.086,0
12625,Chennai,New Delhi,3A,GN,32,5,6,1,0.711,0.244,0
12621,Chennai,New Delhi,SL,GN,3,19,1,0,0.903,0.147,1
12011,Chennai,Bengaluru,3A,GN,19,3,6,1,0.768,0.083,1
12625,Chennai,New Delhi,CC,GN,53,25,6,1,0.98,0.192,0
12952,Delhi,Mumbai,3A,TQ,46,8,0,0,0.616,0.188,0
12007,Chennai,Bengaluru,2A,GN,18,27,3,0,0.793,0.26,1
12841,Howrah,Chennai,CC,GN,46,25,1,0,0.833,0.184,0
12841,Howrah,Chennai,3A,GN,18,2,1,0,0.678,0.082,1
12011,Chennai,Bengaluru,SL,GN,57,23,2,0,0.734,0.244,0
12844,Chennai,Howrah,SL,GN,43,23,5,1,0.785,0.215,0
12842,Chennai,Howrah,CC,GN,59,1,2,0,0.704,0.183,0
12955,Mumbai,Delhi,SL,GN,60,22,5,1,0.858,0.208,0
12009,Chennai,Bengaluru,CC,GN,55,22,4,0,0.676,0.167,0
12842,Chennai,Howrah,2A,GN,32,30,4,0,0.67,0.285,1
12621,Chennai,New Delhi,2A,GN,44,18,2,0,0.726,0.23,0
12625,Chennai,New Delhi,SL,GN,31,21,1,0,0.776,0.103,1
12841,Howrah,Chennai,SL,TQ,28,17,3,0,0.595,0.188,0
12955,Mumbai,Delhi,3A,GN,14,2,2,0,0.757,0.172,0
12012,Bengaluru,Chennai,CC,GN,24,13,2,0,0.776,0.183,0
12839,Howrah,Chennai,2A,GN,16,22,2,0,0.798,0.122,1
12008,Bengaluru,Chennai,CC,GN,18,2,0,0,0.98,0.273,1
12621,Chennai,New Delhi,2A,GN,30,25,3,0,0.658,0.162,1
12011,Chennai,Bengaluru,CC,GN,9,13,0,0,0.677,0.116,0
12953,Mumbai,Delhi,CC,GN,47,2,4,0,0.587,0.112,1
12008,Bengaluru,Chennai,2A,GN,9,30,4,0,0.599,0.106,0
12621,Chennai,New Delhi,CC,GN,21,23,4,0,0.794,0.25,0
12012,Bengaluru,Chennai,CC,GN,17,13,1,0,0.773,0.214,1
12956,Delhi,Mumbai,3A,GN,20,5,2,0,0.861,0.238,1
12625,Chennai,New Delhi,CC,GN,44,23,2,0,0.746,0.206,0
12008,Bengaluru,Chennai,2A,GN,51,8,1,0,0.826,0.249,1
12007,Chennai,Bengaluru,SL,TQ,10,2,3,0,0.824,0.122,0
12010,Bengaluru,Chennai,3A,GN,26,19,5,1,0.816,0.249,0
12009,Chennai,Bengaluru,2A,TQ,21,22,6,1,0.853,0.221,1
12625,Chennai,New Delhi,SL,GN,8,24,5,1,0.814,0.219,1
12623,Chennai,New Delhi,2A,GN,27,16,5,1,0.834,0.248,0
12010,Bengaluru,Chennai,2A,GN,48,3,3,0,0.949,0.169,0
12008,Bengaluru,Chennai,SL,TQ,31,17,3,0,0.723,0.203,0
12955,Mumbai,Delhi,2A,GN,36,23,6,1,0.758,0.25,0
12841,Howrah,Chennai,SL,GN,34,30,6,1,0.643,0.092,1
12955,Mumbai,Delhi,3A,TQ,54,2,0,0,0.874,0.255,0
12841,Howrah,Chennai,SL,GN,22,3,4,0,0.83,0.255,0
12954,Delhi,Mumbai,CC,GN,34,30,5,1,0.548,0.24,1
12008,Bengaluru,Chennai,2A,GN,40,9,4,0,0.85,0.382,1
12009,Chennai,Bengaluru,SL,GN,1,1,0,0,0.724,0.182,1
12624,New Delhi,Chennai,2A,GN,28,10,0,0,0.808,0.192,1
12844,Chennai,Howrah,CC,GN,56,18,5,1,0.742,0.132,0
12622,New Delhi,Chennai,SL,TQ,23,22,2,0,0.784,0.145,0
12952,Delhi,Mumbai,CC,TQ,52,18,2,0,0.594,0.198,0
12011,Chennai,Bengaluru,CC,TQ,56,19,5,1,0.88,0.145,0
12839,Howrah,Chennai,3A,GN,55,28,2,0,0.704,0.117,1
12839,Howrah,Chennai,SL,GN,1,30,1,0,0.674,0.106,1
12840,Chennai,Howrah,2A,GN,19,25,3,0,0.731,0.3,1
12840,Chennai,Howrah,CC,GN,28,1,3,0,0.716,0.118,0
12009,Chennai,Bengaluru,CC,GN,19,2,1,0,0.634,0.164,1
12840,Chennai,Howrah,CC,GN,1,22,6,1,0.694,0.187,1
12007,Chennai,Bengaluru,2A,GN,27,26,0,0,0.601,0.219,1
12842,Chennai,Howrah,3A,GN,23,6,6,1,0.547,0.03,0
12952,Delhi,Mumbai,SL,GN,7,3,1,0,0.91,0.263,1
12952,Delhi,Mumbai,SL,GN,32,6,6,1,0.894,0.209,0
12952,Delhi,Mumbai,3A,TQ,47,10,2,0,0.967,0.263,0
12011,Chennai,Bengaluru,3A,GN,17,14,2,0,0.728,0.215,1
12952,Delhi,Mumbai,2A,GN,37,16,2,0,0.669,0.08,0
12844,Chennai,Howrah,SL,GN,32,25,3,0,0.743,0.129,0
12844,Chennai,Howrah,3A,GN,18,10,3,0,0.945,0.163,1
12010,Bengaluru,Chennai,SL,GN,18,27,3,0,0.947,0.303,1
12953,Mumbai,Delhi,2A,GN,52,26,0,0,0.745,0.103,0
12843,Howrah,Chennai,2A,GN,42,19,0,0,0.72,0.058,1
12956,Delhi,Mumbai,CC,GN,53,22,6,1,0.686,0.219,0
12840,Chennai,Howrah,3A,GN,25,10,5,1,0.725,0.316,0
12008,Bengaluru,Chennai,2A,GN,43,26,1,0,0.909,0.152,1
12841,Howrah,Chennai,2A,GN,4,29,1,0,0.771,0.218,1
12007,Chennai,Bengaluru,3A,GN,34,12,1,0,0.774,0.03,0
12622,New Delhi,Chennai,SL,GN,13,23,0,0,0.798,0.265,1
12626,New Delhi,Chennai,CC,GN,36,14,2,0,0.708,0.267,0
12951,Mumbai,Delhi,3A,GN,52,27,5,1,0.615,0.285,0
12843,Howrah,Chennai,2A,GN,7,27,4,0,0.771,0.16,1
12842,Chennai,Howrah,SL,GN,15,3,4,0,0.796,0.052,1
12622,New Delhi,Chennai,CC,GN,55,14,6,1,0.83,0.203,0
12009,Chennai,Bengaluru,3A,GN,58,17,0,0,0.838,0.218,0
12954,Delhi,Mumbai,3A,GN,57,4,1,0,0.777,0.205,0
12954,Delhi,Mumbai,3A,GN,51,11,6,1,0.621,0.134,0
12008,Bengaluru,Chennai,CC,GN,42,12,4,0,0.714,0.127,0
12843,Howrah,Chennai,CC,GN,39,20,6,1,0.573,0.182,1
12955,Mumbai,Delhi,SL,GN,38,24,2,0,0.748,0.347,1
12844,Chennai,Howrah,SL,GN,56,28,0,0,0.899,0.17,1
12622,New Delhi,Chennai,CC,TQ,25,11,6,1,0.729,0.174,1
12012,Bengaluru,Chennai,2A,GN,34,20,2,0,0.741,0.243,1
12626,New Delhi,Chennai,SL,GN,52,17,2,0,0.912,0.193,0
12007,Chennai,Bengaluru,CC,GN,42,19,1,0,0.665,0.03,0
12844,Chennai,Howrah,3A,GN,8,18,0,0,0.876,0.093,1
12839,Howrah,Chennai,SL,GN,40,27,1,0,0.686,0.182,1
12953,Mumbai,Delhi,2A,TQ,24,12,6,1,0.617,0.282,0
12953,Mumbai,Delhi,SL,GN,10,20,4,0,0.688,0.1,1
12956,Delhi,Mumbai,2A,GN,36,21,5,1,0.901,0.072,1
12953,Mumbai,Delhi,2A,GN,48,13,4,0,0.897,0.167,0
12626,New Delhi,Chennai,CC,GN,48,1,3,0,0.824,0.03,0
12844,Chennai,Howrah,2A,GN,46,2,4,0,0.717,0.03,0
12625,Chennai,New Delhi,CC,TQ,51,10,2,0,0.673,0.225,0
12839,Howrah,Chennai,3A,GN,12,22,3,0,0.679,0.06,1
12843,Howrah,Chennai,3A,GN,57,23,1,0,0.648,0.139,0
12007,Chennai,Bengaluru,3A,GN,42,16,3,0,0.704,0.112,0
12844,Chennai,Howrah,2A,GN,54,7,1,0,0.664,0.298,0
12010,Bengaluru,Chennai,2A,GN,7,23,1,0,0.784,0.281,1
12842,Chennai,Howrah,CC,GN,26,16,0,0,0.889,0.207,1
12626,New Delhi,Chennai,3A,TQ,22,17,5,1,0.685,0.167,0
12841,Howrah,Chennai,2A,GN,16,5,4,0,0.822,0.161,1
12007,Chennai,Bengaluru,3A,GN,36,4,3,0,0.765,0.286,0
12954,Delhi,Mumbai,3A,GN,10,10,0,0,0.731,0.307,0
12839,Howrah,Chennai,SL,GN,28,17,6,1,0.908,0.226,0
12839,Howrah,Chennai,CC,GN,13,14,0,0,0.767,0.277,0
12626,New Delhi,Chennai,3A,GN,57,1,6,1,0.89,0.07,0
12953,Mumbai,Delhi,CC,GN,47,6,0,0,0.837,0.133,1
12956,Delhi,Mumbai,3A,GN,41,8,2,0,0.698,0.273,0
12843,Howrah,Chennai,SL,GN,9,17,4,0,0.756,0.183,1
12011,Chennai,Bengaluru,3A,GN,36,19,0,0,0.822,0.157,0
12953,Mumbai,Delhi,3A,GN,19,12,1,0,0.765,0.27,1
12010,Bengaluru,Chennai,SL,GN,60,9,6,1,0.774,0.168,0
12841,Howrah,Chennai,SL,GN,45,1,1,0,0.787,0.192,0
12009,Chennai,Bengaluru,CC,GN,18,27,6,1,0.744,0.217,1
12951,Mumbai,Delhi,3A,GN,59,9,2,0,0.771,0.135,0
12012,Bengaluru,Chennai,SL,GN,30,4,6,1,0.774,0.215,0
12842,Chennai,Howrah,CC,GN,38,23,3,0,0.58,0.161,1
12626,New Delhi,Chennai,3A,GN,50,10,5,1,0.789,0.292,0
12010,Bengaluru,Chennai,CC,GN,41,19,3,0,0.932,0.174,0
12012,Bengaluru,Chennai,3A,TQ,51,30,1,0,0.766,0.264,1
12956,Delhi,Mumbai,SL,GN,48,17,6,1,0.746,0.218,0
12844,Chennai,Howrah,SL,GN,19,5,1,0,0.78,0.163,0
12953,Mumbai,Delhi,CC,GN,35,24,3,0,0.882,0.12,0
12007,Chennai,Bengaluru,2A,GN,36,8,0,0,0.795,0.156,0
12624,New Delhi,Chennai,2A,GN,47,11,6,1,0.769,0.198,1
12953,Mumbai,Delhi,CC,TQ,13,9,0,0,0.888,0.292,0
12956,Delhi,Mumbai,CC,GN,11,30,6,1,0.936,0.193,1
12956,Delhi,Mumbai,CC,GN,45,7,4,0,0.686,0.141,0
12626,New Delhi,Chennai,2A,GN,45,11,5,1,0.785,0.138,0
12954,Delhi,Mumbai,CC,GN,25,15,3,0,0.78,0.14,1
12953,Mumbai,Delhi,2A,GN,54,21,4,0,0.868,0.058,0
12622,New Delhi,Chennai,2A,GN,18,23,0,0,0.799,0.117,1
12008,Bengaluru,Chennai,2A,TQ,28,21,6,1,0.634,0.21,0
12007,Chennai,Bengaluru,2A,GN,7,10,6,1,0.711,0.08,0
12008,Bengaluru,Chennai,2A,GN,29,22,4,0,0.839,0.163,1
12844,Chennai,Howrah,CC,GN,11,1,5,1,0.888,0.246,1
12956,Delhi,Mumbai,2A,GN,39,1,0,0,0.887,0.217,0
12954,Delhi,Mumbai,3A,GN,10,5,0,0,0.674,0.03,1
12840,Chennai,Howrah,SL,GN,6,16,0,0,0.841,0.22,1
12626,New Delhi,Chennai,3A,GN,15,27,0,0,0.78,0.206,1
12955,Mumbai,Delhi,3A,TQ,8,8,0,0,0.841,0.085,0
12839,Howrah,Chennai,3A,GN,56,20,1,0,0.942,0.271,1
12622,New Delhi,Chennai,SL,GN,36,20,4,0,0.862,0.26,0
12008,Bengaluru,Chennai,3A,GN,53,1,0,0,0.889,0.06,0
12842,Chennai,Howrah,SL,GN,7,10,3,0,0.92,0.249,1
12625,Chennai,New Delhi,SL,GN,23,10,1,0,0.812,0.27,0
12842,Chennai,Howrah,3A,GN,37,20,6,1,0.834,0.173,0
12952,Delhi,Mumbai,SL,GN,30,9,6,1,0.846,0.228,0
12007,Chennai,Bengaluru,SL,GN,10,3,3,0,0.652,0.133,1
12839,Howrah,Chennai,3A,TQ,15,25,1,0,0.927,0.218,1
12622,New Delhi,Chennai,2A,GN,39,9,1,0,0.594,0.063,1
12952,Delhi,Mumbai,SL,TQ,2,9,6,1,0.846,0.175,0
12008,Bengaluru,Chennai,3A,GN,57,23,0,0,0.886,0.348,0
12839,Howrah,Chennai,3A,GN,45,20,4,0,0.915,0.092,1
12621,Chennai,New Delhi,2A,GN,54,26,4,0,0.822,0.21,0
12009,Chennai,Bengaluru,SL,GN,52,16,5,1,0.974,0.156,1
12954,Delhi,Mumbai,2A,GN,59,5,1,0,0.745,0.287,0
12842,Chennai,Howrah,CC,GN,17,26,1,0,0.849,0.174,0
12012,Bengaluru,Chennai,3A,GN,6,24,1,0,0.98,0.174,1
12010,Bengaluru,Chennai,CC,TQ,11,14,2,0,0.943,0.067,0
12955,Mumbai,Delhi,SL,GN,14,1,3,0,0.823,0.165,1
12953,Mumbai,Delhi,3A,TQ,45,9,1,0,0.729,0.121,0
12625,Chennai,New Delhi,3A,GN,3,14,3,0,0.73,0.097,0
12842,Chennai,Howrah,2A,GN,54,9,3,0,0.801,0.111,0
12622,New Delhi,Chennai,CC,GN,56,11,6,1,0.858,0.275,0
12955,Mumbai,Delhi,3A,GN,13,3,1,0,0.876,0.205,1
12626,New Delhi,Chennai,SL,GN,11,7,1,0,0.619,0.104,0
12009,Chennai,Bengaluru,CC,TQ,59,30,1,0,0.677,0.146,1
12839,Howrah,Chennai,CC,GN,19,5,2,0,0.809,0.141,0
12623,Chennai,New Delhi,CC,GN,19,18,1,0,0.863,0.239,1
12622,New Delhi,Chennai,CC,GN,49,26,4,0,0.738,0.222,1
12842,Chennai,Howrah,SL,GN,50,21,5,1,0.806,0.217,0
12954,Delhi,Mumbai,SL,TQ,50,6,1,0,0.817,0.225,0
12622,New Delhi,Chennai,SL,GN,29,26,5,1,0.766,0.268,0
12839,Howrah,Chennai,2A,GN,40,18,0,0,0.778,0.116,1
12625,Chennai,New Delhi,2A,GN,25,13,1,0,0.716,0.297,1
12955,Mumbai,Delhi,2A,GN,49,19,2,0,0.784,0.056,1
12956,Delhi,Mumbai,2A,GN,4,5,0,0,0.883,0.289,0
12956,Delhi,Mumbai,3A,GN,55,26,5,1,0.701,0.208,0
12622,New Delhi,Chennai,SL,GN,10,17,2,0,0.875,0.217,0
12008,Bengaluru,Chennai,SL,GN,54,26,1,0,0.76,0.27,1
12843,Howrah,Chennai,2A,TQ,6,23,3,0,0.876,0.177,0
12953,Mumbai,Delhi,SL,TQ,5,3,2,0,0.839,0.189,0
12009,Chennai,Bengaluru,SL,TQ,60,11,6,1,0.867,0.107,0
12843,Howrah,Chennai,SL,GN,38,20,1,0,0.885,0.204,0
12625,Chennai,New Delhi,SL,GN,1,19,4,0,0.809,0.247,1
12007,Chennai,Bengaluru,SL,GN,3,28,4,0,0.783,0.224,1
12841,Howrah,Chennai,CC,GN,52,12,4,0,0.838,0.154,0
12007,Chennai,Bengaluru,CC,GN,50,15,3,0,0.714,0.161,0
12622,New Delhi,Chennai,CC,GN,18,7,3,0,0.681,0.197,1
12842,Chennai,Howrah,SL,GN,49,1,0,0,0.755,0.172,0
12009,Chennai,Bengaluru,SL,GN,19,21,6,1,0.888,0.141,1
12625,Chennai,New Delhi,SL,TQ,54,17,2,0,0.764,0.231,0
12841,Howrah,Chennai,SL,GN,10,24,4,0,0.802,0.158,1
12621,Chennai,New Delhi,CC,TQ,16,8,5,1,0.654,0.127,1
12951,Mumbai,Delhi,CC,GN,41,6,2,0,0.706,0.226,0
12952,Delhi,Mumbai,SL,GN,34,15,6,1,0.738,0.273,1
12621,Chennai,New Delhi,3A,GN,31,24,2,0,0.777,0.087,1
12012,Bengaluru,Chennai,SL,GN,60,3,3,0,0.76,0.195,0
12956,Delhi,Mumbai,2A,TQ,31,17,6,1,0.589,0.187,0
12011,Chennai,Bengaluru,SL,GN,26,12,1,0,0.704,0.286,0
12955,Mumbai,Delhi,2A,GN,51,11,3,0,0.699,0.16,0
12012,Bengaluru,Chennai,3A,GN,35,9,2,0,0.819,0.216,0
12621,Chennai,New Delhi,3A,GN,11,7,0,0,0.867,0.246,1
12626,New Delhi,Chennai,CC,GN,13,5,3,0,0.766,0.174,0
12956,Delhi,Mumbai,SL,GN,18,1,2,0,0.697,0.082,0
12010,Bengaluru,Chennai,CC,GN,28,14,3,0,0.859,0.13,0
12844,Chennai,Howrah,SL,GN,38,2,6,1,0.785,0.248,1
12012,Bengaluru,Chennai,3A,GN,24,8,1,0,0.703,0.203,0
12951,Mumbai,Delhi,SL,GN,34,30,6,1,0.751,0.183,1
12621,Chennai,New Delhi,3A,GN,14,21,1,0,0.903,0.183,1
12953,Mumbai,Delhi,2A,GN,47,10,1,0,0.822,0.25,1
12621,Chennai,New Delhi,3A,GN,19,26,0,0,0.817,0.221,1
12622,New Delhi,Chennai,SL,GN,44,25,2,0,0.748,0.222,0
12839,Howrah,Chennai,2A,TQ,59,15,5,1,0.746,0.154,0
12956,Delhi,Mumbai,SL,TQ,11,16,1,0,0.852,0.16,0
12952,Delhi,Mumbai,3A,GN,55,8,4,0,0.824,0.278,1
12623,Chennai,New Delhi,SL,GN,27,1,2,0,0.679,0.033,0
12842,Chennai,Howrah,2A,TQ,15,21,5,1,0.787,0.134,1
12009,Chennai,Bengaluru,3A,GN,8,7,2,0,0.674,0.209,1
12954,Delhi,Mumbai,CC,GN,17,1,6,1,0.98,0.303,0
12952,Delhi,Mumbai,CC,GN,13,21,1,0,0.758,0.185,1
12011,Chennai,Bengaluru,3A,GN,9,17,0,0,0.98,0.119,1
12010,Bengaluru,Chennai,SL,GN,54,4,6,1,0.694,0.168,0
12626,New Delhi,Chennai,CC,GN,52,6,2,0,0.68,0.214,0
12624,New Delhi,Chennai,CC,GN,29,27,6,1,0.724,0.182,0
12623,Chennai,New Delhi,SL,GN,45,13,6,1,0.793,0.213,1
12954,Delhi,Mumbai,SL,GN,50,28,3,0,0.677,0.149,1
12625,Chennai,New Delhi,2A,TQ,48,14,2,0,0.781,0.306,0
12953,Mumbai,Delhi,CC,GN,54,5,4,0,0.733,0.182,0
12956,Delhi,Mumbai,3A,GN,37,23,1,0,0.619,0.312,1
12952,Delhi,Mumbai,3A,GN,12,16,5,1,0.573,0.178,0
12012,Bengaluru,Chennai,CC,TQ,16,19,5,1,0.761,0.063,1
12626,New Delhi,Chennai,CC,TQ,17,15,0,0,0.85,0.156,1
12955,Mumbai,Delhi,3A,TQ,52,3,1,0,0.866,0.149,0
12012,Bengaluru,Chennai,CC,GN,32,30,1,0,0.837,0.126,1
12955,Mumbai,Delhi,2A,GN,23,9,1,0,0.613,0.186,0
12623,Chennai,New Delhi,2A,GN,14,7,4,0,0.829,0.183,1
12954,Delhi,Mumbai,3A,TQ,49,22,5,1,0.777,0.357,0
12956,Delhi,Mumbai,2A,GN,34,17,3,0,0.85,0.205,1
12007,Chennai,Bengaluru,CC,GN,59,17,3,0,0.846,0.118,0
12955,Mumbai,Delhi,2A,GN,47,2,3,0,0.677,0.183,0
12012,Bengaluru,Chennai,SL,GN,19,15,5,1,0.788,0.157,1
12624,New Delhi,Chennai,2A,GN,49,12,4,0,0.707,0.064,0
12622,New Delhi,Chennai,SL,TQ,7,1,6,1,0.686,0.161,0
12951,Mumbai,Delhi,CC,GN,13,23,2,0,0.746,0.19,1
12007,Chennai,Bengaluru,2A,GN,15,25,2,0,0.823,0.232,1
12008,Bengaluru,Chennai,2A,GN,17,21,3,0,0.746,0.193,1
12624,New Delhi,Chennai,CC,GN,26,7,0,0,0.743,0.236,1
12621,Chennai,New Delhi,3A,GN,58,6,0,0,0.587,0.229,0
12952,Delhi,Mumbai,2A,GN,10,28,2,0,0.782,0.199,1
12841,Howrah,Chennai,2A,GN,14,27,0,0,0.681,0.141,1
12841,Howrah,Chennai,SL,GN,37,23,0,0,0.806,0.203,1
12844,Chennai,Howrah,CC,GN,46,16,5,1,0.76,0.206,1
12952,Delhi,Mumbai,3A,GN,60,10,1,0,0.584,0.045,0
12953,Mumbai,Delhi,3A,GN,57,14,2,0,0.883,0.156,0
12626,New Delhi,Chennai,SL,TQ,40,17,4,0,0.873,0.06,1
12954,Delhi,Mumbai,3A,GN,60,6,3,0,0.762,0.208,0
12955,Mumbai,Delhi,SL,GN,22,9,0,0,0.83,0.182,1
12008,Bengaluru,Chennai,3A,GN,54,3,1,0,0.743,0.167,0
12951,Mumbai,Delhi,CC,GN,13,18,0,0,0.7,0.082,0
12842,Chennai,Howrah,SL,GN,60,2,5,1,0.831,0.084,0
12007,Chennai,Bengaluru,CC,GN,38,15,0,0,0.807,0.152,0
12623,Chennai,New Delhi,CC,GN,26,7,5,1,0.792,0.164,1
12843,Howrah,Chennai,CC,GN,21,24,3,0,0.865,0.263,1
12952,Delhi,Mumbai,CC,GN,5,11,3,0,0.646,0.231,1
12010,Bengaluru,Chennai,2A,TQ,43,29,4,0,0.98,0.03,0
12624,New Delhi,Chennai,2A,GN,59,10,5,1,0.617,0.135,0
12952,Delhi,Mumbai,CC,GN,42,2,0,0,0.598,0.29,0
12625,Chennai,New Delhi,3A,GN,49,1,0,0,0.69,0.123,0
12840,Chennai,Howrah,3A,GN,43,7,0,0,0.664,0.213,0
12008,Bengaluru,Chennai,SL,GN,51,5,6,1,0.753,0.266,0
12952,Delhi,Mumbai,3A,GN,20,28,1,0,0.799,0.178,1
12953,Mumbai,Delhi,CC,GN,13,18,4,0,0.888,0.195,1
12011,Chennai,Bengaluru,2A,TQ,5,9,1,0,0.779,0.053,0
12842,Chennai,Howrah,CC,GN,41,6,6,1,0.773,0.24,0
12953,Mumbai,Delhi,2A,TQ,29,26,5,1,0.715,0.348,0
12951,Mumbai,Delhi,CC,GN,4,30,5,1,0.905,0.209,1
12952,Delhi,Mumbai,2A,GN,15,4,3,0,0.61,0.223,1
12009,Chennai,Bengaluru,CC,GN,39,29,1,0,0.697,0.068,1
12842,Chennai,Howrah,CC,GN,17,17,1,0,0.584,0.167,1
12010,Bengaluru,Chennai,2A,TQ,8,21,4,0,0.887,0.13,1
12951,Mumbai,Delhi,CC,TQ,25,3,0,0,0.924,0.218,1
12622,New Delhi,Chennai,3A,GN,50,2,5,1,0.721,0.137,0
12007,Chennai,Bengaluru,2A,GN,8,10,5,1,0.948,0.09,1
12624,New Delhi,Chennai,SL,GN,20,21,1,0,0.744,0.089,1
12011,Chennai,Bengaluru,CC,GN,19,29,2,0,0.668,0.081,0
12621,Chennai,New Delhi,3A,GN,25,19,6,1,0.786,0.123,0
12008,Bengaluru,Chennai,SL,TQ,35,9,4,0,0.623,0.12,0
12625,Chennai,New Delhi,CC,GN,32,22,1,0,0.868,0.126,1
12622,New Delhi,Chennai,2A,TQ,38,12,4,0,0.675,0.176,0
12625,Chennai,New Delhi,2A,GN,20,15,5,1,0.876,0.179,1
12839,Howrah,Chennai,CC,GN,31,3,2,0,0.603,0.133,0
12009,Chennai,Bengaluru,2A,GN,30,21,3,0,0.71,0.113,0
12623,Chennai,New Delhi,3A,GN,44,16,2,0,0.667,0.202,0
12007,Chennai,Bengaluru,SL,GN,12,9,4,0,0.849,0.21,1
12844,Chennai,Howrah,2A,GN,13,26,3,0,0.98,0.179,1
12625,Chennai,New Delhi,SL,GN,48,20,6,1,0.932,0.207,1
12008,Bengaluru,Chennai,CC,GN,32,11,3,0,0.73,0.223,0
12624,New Delhi,Chennai,SL,GN,33,30,2,0,0.954,0.13,1
12955,Mumbai,Delhi,3A,GN,54,12,2,0,0.759,0.152,0
12844,Chennai,Howrah,SL,GN,22,20,0,0,0.732,0.239,1
12008,Bengaluru,Chennai,SL,TQ,15,1,5,1,0.527,0.12,1
12011,Chennai,Bengaluru,SL,GN,10,17,6,1,0.738,0.188,0
12844,Chennai,Howrah,SL,GN,47,5,6,1,0.738,0.128,0
12625,Chennai,New Delhi,2A,GN,23,23,2,0,0.742,0.218,0
12955,Mumbai,Delhi,CC,GN,51,9,4,0,0.716,0.169,0
12009,Chennai,Bengaluru,CC,GN,36,19,0,0,0.845,0.066,1
12012,Bengaluru,Chennai,3A,GN,37,20,0,0,0.98,0.146,0
12012,Bengaluru,Chennai,3A,GN,35,20,0,0,0.741,0.202,1
12839,Howrah,Chennai,2A,GN,30,18,0,0,0.76,0.332,0
12008,Bengaluru,Chennai,2A,GN,44,16,5,1,0.702,0.327,0
12622,New Delhi,Chennai,2A,GN,8,28,6,1,0.621,0.133,1
12952,Delhi,Mumbai,CC,GN,32,1,0,0,0.763,0.182,0
12954,Delhi,Mumbai,CC,GN,45,24,2,0,0.629,0.074,0
12625,Chennai,New Delhi,CC,GN,1,17,6,1,0.892,0.058,1
12843,Howrah,Chennai,3A,TQ,10,22,3,0,0.752,0.17,0
12622,New Delhi,Chennai,CC,TQ,28,30,4,0,0.763,0.234,0
12951,Mumbai,Delhi,2A,GN,42,29,3,0,0.642,0.199,0
12840,Chennai,Howrah,CC,GN,26,30,0,0,0.763,0.157,1
12623,Chennai,New Delhi,3A,GN,23,22,1,0,0.765,0.227,1
12841,Howrah,Chennai,3A,TQ,35,15,5,1,0.698,0.181,0
12843,Howrah,Chennai,3A,GN,15,14,2,0,0.65,0.03,1
12953,Mumbai,Delhi,CC,GN,26,18,3,0,0.49,0.179,1
12009,Chennai,Bengaluru,CC,GN,13,11,3,0,0.92,0.257,1
12844,Chennai,Howrah,3A,TQ,46,24,1,0,0.781,0.077,0
12951,Mumbai,Delhi,3A,GN,3,15,1,0,0.636,0.183,1
12956,Delhi,Mumbai,2A,GN,54,1,4,0,0.795,0.188,0
12955,Mumbai,Delhi,3A,GN,47,26,6,1,0.706,0.11,1
12953,Mumbai,Delhi,2A,GN,19,20,1,0,0.819,0.215,1
12007,Chennai,Bengaluru,3A,TQ,24,29,0,0,0.785,0.336,1
12624,New Delhi,Chennai,CC,GN,39,28,1,0,0.578,0.218,0
12011,Chennai,Bengaluru,3A,GN,48,7,3,0,0.725,0.054,0
12621,Chennai,New Delhi,2A,GN,1,24,3,0,0.825,0.162,1
12011,Chennai,Bengaluru,3A,GN,13,9,2,0,0.59,0.25,1
12840,Chennai,Howrah,CC,GN,37,15,2,0,0.748,0.03,1
12954,Delhi,Mumbai,CC,GN,48,10,1,0,0.669,0.123,0
12952,Delhi,Mumbai,2A,GN,25,26,4,0,0.814,0.111,1
12623,Chennai,New Delhi,SL,TQ,1,12,4,0,0.633,0.184,1
12952,Delhi,Mumbai,CC,GN,3,17,2,0,0.553,0.165,1
12951,Mumbai,Delhi,SL,TQ,12,28,3,0,0.814,0.241,1
12010,Bengaluru,Chennai,3A,GN,42,15,0,0,0.682,0.082,0
12844,Chennai,Howrah,SL,GN,17,30,0,0,0.748,0.088,0
12840,Chennai,Howrah,3A,GN,31,27,3,0,0.639,0.205,1
12621,Chennai,New Delhi,CC,GN,55,25,6,1,0.807,0.182,1
12842,Chennai,Howrah,2A,GN,11,30,2,0,0.617,0.03,1
12010,Bengaluru,Chennai,2A,GN,16,21,1,0,0.794,0.196,1
12840,Chennai,Howrah,2A,TQ,56,28,0,0,0.666,0.292,0
12625,Chennai,New Delhi,SL,GN,16,16,2,0,0.698,0.257,1
12622,New Delhi,Chennai,SL,GN,39,24,2,0,0.648,0.129,0
12840,Chennai,Howrah,3A,GN,2,18,1,0,0.894,0.135,0
12952,Delhi,Mumbai,3A,GN,31,29,5,1,0.918,0.324,1
12955,Mumbai,Delhi,2A,GN,50,17,6,1,0.839,0.173,0
12624,New Delhi,Chennai,CC,GN,3,26,6,1,0.585,0.117,1
12624,New Delhi,Chennai,CC,GN,49,12,1,0,0.796,0.109,0
12843,Howrah,Chennai,CC,GN,4,15,0,0,0.814,0.225,1
12626,New Delhi,Chennai,SL,TQ,37,19,4,0,0.726,0.187,0
12012,Bengaluru,Chennai,2A,TQ,48,3,6,1,0.618,0.207,0
12625,Chennai,New Delhi,3A,GN,24,11,0,0,0.812,0.161,1
12841,Howrah,Chennai,SL,GN,46,17,5,1,0.851,0.164,0
12010,Bengaluru,Chennai,CC,GN,38,7,0,0,0.635,0.111,0
12008,Bengaluru,Chennai,3A,GN,52,10,1,0,0.758,0.181,0
12007,Chennai,Bengaluru,SL,TQ,56,5,2,0,0.801,0.21,0
12012,Bengaluru,Chennai,CC,GN,7,1,4,0,0.797,0.03,1
12621,Chennai,New Delhi,3A,TQ,33,1,3,0,0.848,0.178,1
12842,Chennai,Howrah,3A,GN,52,10,3,0,0.86,0.229,0
12008,Bengaluru,Chennai,CC,TQ,3,2,0,0,0.686,0.231,0
12008,Bengaluru,Chennai,2A,GN,25,15,5,1,0.904,0.18,1
12622,New Delhi,Chennai,SL,GN,25,1,1,0,0.848,0.15,1
12955,Mumbai,Delhi,SL,GN,38,4,5,1,0.693,0.196,0
12010,Bengaluru,Chennai,2A,GN,57,1,2,0,0.98,0.4,0
12844,Chennai,Howrah,3A,GN,32,7,0,0,0.7,0.072,0
12840,Chennai,Howrah,3A,GN,20,24,5,1,0.732,0.108,1
12951,Mumbai,Delhi,2A,TQ,43,16,2,0,0.881,0.265,0
12623,Chennai,New Delhi,CC,GN,59,1,0,0,0.676,0.226,0
12008,Bengaluru,Chennai,3A,TQ,1,19,5,1,0.68,0.216,1
12621,Chennai,New Delhi,CC,GN,47,6,0,0,0.797,0.133,0
12955,Mumbai,Delhi,3A,GN,52,29,3,0,0.89,0.167,1
12840,Chennai,Howrah,3A,GN,9,9,1,0,0.803,0.197,1
12010,Bengaluru,Chennai,CC,GN,3,5,5,1,0.875,0.19,0
12010,Bengaluru,Chennai,2A,GN,49,9,3,0,0.72,0.13,0
12840,Chennai,Howrah,2A,GN,59,1,0,0,0.77,0.175,0
12842,Chennai,Howrah,CC,GN,5,17,5,1,0.829,0.086,1
12954,Delhi,Mumbai,3A,TQ,15,13,4,0,0.728,0.113,0
12953,Mumbai,Delhi,SL,GN,40,3,2,0,0.782,0.342,0
12621,Chennai,New Delhi,3A,GN,49,28,5,1,0.833,0.298,1
12624,New Delhi,Chennai,2A,GN,43,19,4,0,0.823,0.105,0
12952,Delhi,Mumbai,SL,GN,27,23,5,1,0.878,0.225,1
12007,Chennai,Bengaluru,3A,GN,46,22,1,0,0.779,0.198,0
12839,Howrah,Chennai,SL,GN,22,16,4,0,0.949,0.135,1
12624,New Delhi,Chennai,CC,GN,2,16,6,1,0.763,0.229,1
12623,Chennai,New Delhi,3A,GN,44,5,1,0,0.686,0.034,1
12955,Mumbai,Delhi,SL,GN,46,22,0,0,0.757,0.212,0
12842,Chennai,Howrah,2A,GN,57,7,0,0,0.927,0.19,0
12840,Chennai,Howrah,SL,TQ,29,16,4,0,0.88,0.256,1
12007,Chennai,Bengaluru,3A,GN,8,4,0,0,0.642,0.243,0
12007,Chennai,Bengaluru,SL,GN,59,19,4,0,0.621,0.155,0
12841,Howrah,Chennai,SL,GN,6,6,6,1,0.682,0.22,1
12622,New Delhi,Chennai,SL,GN,5,5,6,1,0.716,0.231,1
12956,Delhi,Mumbai,3A,GN,49,19,3,0,0.498,0.088,0
12621,Chennai,New Delhi,SL,GN,32,18,0,0,0.601,0.305,1
12956,Delhi,Mumbai,3A,TQ,11,29,3,0,0.692,0.189,1
12955,Mumbai,Delhi,SL,GN,1,3,4,0,0.648,0.03,1
12007,Chennai,Bengaluru,2A,GN,56,15,4,0,0.892,0.207,0
12622,New Delhi,Chennai,SL,GN,60,8,2,0,0.778,0.03,0
12007,Chennai,Bengaluru,CC,GN,43,23,1,0,0.592,0.281,0
12951,Mumbai,Delhi,2A,GN,50,8,2,0,0.735,0.124,0
12011,Chennai,Bengaluru,3A,GN,48,20,5,1,0.74,0.189,0
12956,Delhi,Mumbai,2A,GN,35,16,6,1,0.714,0.068,0
12008,Bengaluru,Chennai,SL,GN,55,3,3,0,0.765,0.311,0
12952,Delhi,Mumbai,2A,GN,23,13,6,1,0.603,0.2,0
12011,Chennai,Bengaluru,CC,TQ,38,11,2,0,0.963,0.132,0
12007,Chennai,Bengaluru,2A,GN,38,1,6,1,0.835,0.12,0
12839,Howrah,Chennai,SL,GN,1,18,2,0,0.703,0.197,1
12844,Chennai,Howrah,2A,GN,55,19,6,1,0.733,0.317,0
12010,Bengaluru,Chennai,SL,TQ,45,30,3,0,0.807,0.19,0
12956,Delhi,Mumbai,3A,GN,2,28,6,1,0.716,0.155,1
12951,Mumbai,Delhi,CC,GN,5,23,4,0,0.869,0.292,1
12624,New Delhi,Chennai,2A,GN,57,9,4,0,0.745,0.212,0
12623,Chennai,New Delhi,CC,GN,10,13,6,1,0.73,0.238,0
12843,Howrah,Chennai,CC,GN,50,9,1,0,0.819,0.119,0
12012,Bengaluru,Chennai,CC,GN,18,10,2,0,0.585,0.248,1
12954,Delhi,Mumbai,SL,GN,49,13,3,0,0.866,0.228,0
12954,Delhi,Mumbai,3A,GN,10,12,4,0,0.714,0.126,1
12839,Howrah,Chennai,3A,GN,20,29,4,0,0.606,0.277,1
12012,Bengaluru,Chennai,2A,GN,29,25,6,1,0.821,0.217,1
12621,Chennai,New Delhi,SL,GN,58,18,1,0,0.72,0.15,0
12011,Chennai,Bengaluru,2A,GN,8,12,2,0,0.683,0.169,1
12952,Delhi,Mumbai,2A,GN,4,5,0,0,0.806,0.24,1
12951,Mumbai,Delhi,3A,GN,21,5,0,0,0.729,0.219,1
12954,Delhi,Mumbai,SL,GN,41,22,1,0,0.743,0.277,1
12842,Chennai,Howrah,2A,GN,9,18,3,0,0.767,0.247,0
12008,Bengaluru,Chennai,CC,GN,13,16,3,0,0.869,0.205,1
12956,Delhi,Mumbai,CC,GN,60,30,6,1,0.906,0.204,0
12954,Delhi,Mumbai,3A,GN,14,26,5,1,0.824,0.069,1
12839,Howrah,Chennai,CC,GN,48,18,6,1,0.692,0.201,0
12007,Chennai,Bengaluru,2A,TQ,36,19,1,0,0.872,0.217,1
12953,Mumbai,Delhi,CC,GN,5,27,3,0,0.934,0.245,1
12839,Howrah,Chennai,3A,GN,49,5,1,0,0.755,0.156,0
12011,Chennai,Bengaluru,SL,GN,50,29,3,0,0.725,0.216,0
12008,Bengaluru,Chennai,2A,TQ,34,25,6,1,0.93,0.197,0
12840,Chennai,Howrah,2A,GN,35,29,2,0,0.933,0.265,0
12955,Mumbai,Delhi,SL,GN,51,11,4,0,0.708,0.133,1
12844,Chennai,Howrah,2A,GN,58,28,1,0,0.709,0.205,0
12007,Chennai,Bengaluru,SL,GN,16,11,5,1,0.658,0.165,1
12010,Bengaluru,Chennai,CC,TQ,25,2,6,1,0.747,0.156,0
12008,Bengaluru,Chennai,2A,GN,12,21,1,0,0.879,0.145,1
12956,Delhi,Mumbai,SL,GN,59,15,5,1,0.808,0.043,0
12843,Howrah,Chennai,2A,TQ,4,22,1,0,0.747,0.267,1
12011,Chennai,Bengaluru,SL,GN,37,5,2,0,0.887,0.162,0
12626,New Delhi,Chennai,CC,GN,19,10,6,1,0.829,0.148,0
12841,Howrah,Chennai,3A,GN,11,7,4,0,0.839,0.358,1
12625,Chennai,New Delhi,SL,GN,45,24,0,0,0.95,0.218,1
12622,New Delhi,Chennai,SL,TQ,21,10,3,0,0.735,0.194,1
12956,Delhi,Mumbai,SL,GN,2,18,0,0,0.714,0.179,1
12840,Chennai,Howrah,2A,GN,1,12,5,1,0.728,0.108,1
12012,Bengaluru,Chennai,3A,GN,18,3,1,0,0.513,0.167,0
12626,New Delhi,Chennai,2A,GN,39,25,5,1,0.836,0.038,1
12844,Chennai,Howrah,CC,GN,40,7,6,1,0.848,0.228,1
12007,Chennai,Bengaluru,3A,GN,4,8,2,0,0.886,0.067,1
12008,Bengaluru,Chennai,2A,GN,33,16,6,1,0.807,0.223,0
12843,Howrah,Chennai,3A,TQ,52,9,1,0,0.642,0.195,0
12955,Mumbai,Delhi,2A,GN,24,25,3,0,0.684,0.249,0
12010,Bengaluru,Chennai,3A,GN,51,1,4,0,0.577,0.093,0
12622,New Delhi,Chennai,2A,GN,35,7,2,0,0.935,0.09,0
12626,New Delhi,Chennai,SL,GN,28,22,3,0,0.675,0.252,0
12844,Chennai,Howrah,2A,GN,51,9,2,0,0.776,0.05,0
12008,Bengaluru,Chennai,2A,GN,54,10,6,1,0.889,0.346,0
12843,Howrah,Chennai,3A,GN,38,27,0,0,0.757,0.231,0
12623,Chennai,New Delhi,CC,GN,41,3,4,0,0.98,0.148,0
12623,Chennai,New Delhi,2A,GN,13,16,0,0,0.864,0.03,1
12951,Mumbai,Delhi,CC,GN,20,15,6,1,0.695,0.133,0
12009,Chennai,Bengaluru,SL,GN,8,16,5,1,0.96,0.123,0
12010,Bengaluru,Chennai,2A,GN,13,9,6,1,0.653,0.288,1
12623,Chennai,New Delhi,SL,GN,14,27,4,0,0.81,0.152,1
12008,Bengaluru,Chennai,2A,GN,33,12,1,0,0.806,0.214,1
12621,Chennai,New Delhi,2A,GN,45,13,3,0,0.98,0.246,0
12953,Mumbai,Delhi,SL,GN,12,4,3,0,0.789,0.185,0
12952,Delhi,Mumbai,2A,GN,3,12,2,0,0.657,0.102,0
12955,Mumbai,Delhi,SL,GN,60,22,4,0,0.893,0.169,0
12011,Chennai,Bengaluru,SL,GN,12,30,6,1,0.521,0.163,1
12008,Bengaluru,Chennai,CC,GN,4,21,6,1,0.815,0.186,1
12953,Mumbai,Delhi,SL,GN,28,29,5,1,0.699,0.175,0
12844,Chennai,Howrah,CC,GN,30,24,2,0,0.61,0.249,0
12626,New Delhi,Chennai,CC,TQ,45,11,5,1,0.833,0.181,0
12951,Mumbai,Delhi,2A,GN,41,21,3,0,0.809,0.232,0
12622,New Delhi,Chennai,CC,TQ,11,9,3,0,0.884,0.07,0
12954,Delhi,Mumbai,3A,TQ,21,6,2,0,0.899,0.091,0
12956,Delhi,Mumbai,SL,GN,31,17,0,0,0.71,0.255,1
12953,Mumbai,Delhi,2A,GN,19,28,2,0,0.844,0.285,1
12843,Howrah,Chennai,2A,GN,30,10,3,0,0.61,0.341,0
12844,Chennai,Howrah,SL,GN,41,15,6,1,0.755,0.154,1
12841,Howrah,Chennai,CC,GN,29,25,3,0,0.646,0.148,0
12622,New Delhi,Chennai,3A,TQ,38,13,5,1,0.804,0.274,1
12844,Chennai,Howrah,SL,GN,4,13,0,0,0.847,0.03,1
12621,Chennai,New Delhi,SL,GN,12,21,2,0,0.679,0.18,0
12008,Bengaluru,Chennai,3A,TQ,35,19,5,1,0.509,0.174,0
12622,New Delhi,Chennai,2A,GN,2,3,6,1,0.78,0.09,0
12842,Chennai,Howrah,CC,TQ,43,11,6,1,0.809,0.292,0
12840,Chennai,Howrah,3A,GN,39,2,0,0,0.967,0.12,1
12626,New Delhi,Chennai,CC,GN,35,17,3,0,0.824,0.267,1
12952,Delhi,Mumbai,3A,GN,13,27,6,1,0.672,0.226,1
12008,Bengaluru,Chennai,SL,GN,19,8,6,1,0.98,0.315,0
12951,Mumbai,Delhi,SL,GN,2,12,0,0,0.931,0.259,1
12623,Chennai,New Delhi,3A,GN,20,8,0,0,0.666,0.177,0
12623,Chennai,New Delhi,SL,GN,28,3,6,1,0.685,0.126,0
12011,Chennai,Bengaluru,2A,GN,37,22,0,0,0.841,0.151,1
12840,Chennai,Howrah,CC,GN,30,21,5,1,0.875,0.184,1
12007,Chennai,Bengaluru,SL,GN,17,15,4,0,0.733,0.178,1
12842,Chennai,Howrah,3A,GN,26,5,0,0,0.872,0.127,0
12843,Howrah,Chennai,SL,GN,47,8,6,1,0.728,0.303,0
12953,Mumbai,Delhi,CC,GN,38,26,3,0,0.41,0.185,0
12955,Mumbai,Delhi,CC,GN,54,14,3,0,0.72,0.281,0
12008,Bengaluru,Chennai,SL,GN,7,27,5,1,0.909,0.09,1
12008,Bengaluru,Chennai,2A,GN,24,22,5,1,0.945,0.154,1
12007,Chennai,Bengaluru,SL,GN,33,21,2,0,0.94,0.135,1
12842,Chennai,Howrah,SL,GN,30,21,0,0,0.782,0.086,1
12954,Delhi,Mumbai,CC,GN,5,19,1,0,0.705,0.316,1
12626,New Delhi,Chennai,3A,GN,55,5,2,0,0.777,0.12,0
12623,Chennai,New Delhi,3A,GN,46,11,5,1,0.735,0.215,0
12007,Chennai,Bengaluru,CC,GN,5,7,2,0,0.733,0.098,0
12011,Chennai,Bengaluru,2A,GN,14,17,4,0,0.73,0.176,1
12955,Mumbai,Delhi,3A,GN,15,4,3,0,0.722,0.098,1
12626,New Delhi,Chennai,2A,GN,41,8,5,1,0.784,0.229,0
12951,Mumbai,Delhi,CC,GN,48,27,5,1,0.733,0.274,0
12012,Bengaluru,Chennai,3A,GN,56,14,5,1,0.98,0.03,0
12008,Bengaluru,Chennai,SL,GN,37,25,0,0,0.905,0.202,0
12955,Mumbai,Delhi,SL,GN,60,11,3,0,0.942,0.141,0
12841,Howrah,Chennai,CC,GN,8,8,0,0,0.758,0.153,1
12956,Delhi,Mumbai,3A,TQ,40,13,6,1,0.837,0.145,0
12842,Chennai,Howrah,CC,GN,38,5,4,0,0.808,0.258,1
12012,Bengaluru,Chennai,3A,TQ,60,15,6,1,0.92,0.268,0
12840,Chennai,Howrah,2A,GN,4,29,6,1,0.92,0.153,1
12625,Chennai,New Delhi,CC,GN,22,13,6,1,0.642,0.128,0
12626,New Delhi,Chennai,CC,GN,51,12,1,0,0.853,0.03,0
12951,Mumbai,Delhi,2A,GN,12,21,4,0,0.726,0.267,1
12626,New Delhi,Chennai,SL,GN,15,2,5,1,0.788,0.09,0
12953,Mumbai,Delhi,2A,GN,56,14,0,0,0.758,0.171,0
12839,Howrah,Chennai,CC,GN,20,19,1,0,0.75,0.182,0
12621,Chennai,New Delhi,CC,GN,50,20,1,0,0.817,0.071,0
12840,Chennai,Howrah,SL,GN,12,10,0,0,0.738,0.149,0
12954,Delhi,Mumbai,CC,GN,3,22,1,0,0.508,0.229,0
12623,Chennai,New Delhi,2A,GN,53,18,5,1,0.746,0.109,0
12011,Chennai,Bengaluru,SL,GN,28,16,6,1,0.725,0.236,1
12010,Bengaluru,Chennai,2A,GN,43,22,2,0,0.841,0.276,1
12842,Chennai,Howrah,2A,GN,57,13,6,1,0.859,0.226,0
12007,Chennai,Bengaluru,3A,TQ,32,19,4,0,0.94,0.153,0
12622,New Delhi,Chennai,CC,TQ,21,25,3,0,0.732,0.163,1
12956,Delhi,Mumbai,2A,GN,6,16,1,0,0.84,0.16,1
12012,Bengaluru,Chennai,SL,GN,47,3,0,0,0.882,0.322,0
12011,Chennai,Bengaluru,3A,GN,30,17,6,1,0.664,0.164,1
12622,New Delhi,Chennai,CC,GN,56,23,3,0,0.803,0.065,0
12952,Delhi,Mumbai,2A,GN,50,16,4,0,0.897,0.218,0
12622,New Delhi,Chennai,SL,GN,21,24,5,1,0.603,0.104,1
12010,Bengaluru,Chennai,3A,GN,42,20,0,0,0.614,0.083,1
12011,Chennai,Bengaluru,SL,GN,60,5,1,0,0.805,0.231,1
12622,New Delhi,Chennai,SL,GN,8,1,4,0,0.909,0.11,1
12624,New Delhi,Chennai,SL,GN,3,5,1,0,0.848,0.19,1
12844,Chennai,Howrah,3A,GN,56,19,4,0,0.738,0.211,0
12626,New Delhi,Chennai,3A,TQ,3,14,0,0,0.879,0.164,1
12956,Delhi,Mumbai,3A,TQ,35,12,5,1,0.812,0.17,0
12008,Bengaluru,Chennai,3A,GN,19,6,5,1,0.867,0.35,0
12626,New Delhi,Chennai,2A,TQ,12,27,0,0,0.752,0.126,1
12844,Chennai,Howrah,2A,GN,20,11,3,0,0.757,0.11,0
12009,Chennai,Bengaluru,SL,GN,25,27,3,0,0.784,0.087,1
12011,Chennai,Bengaluru,3A,GN,20,6,2,0,0.863,0.128,0
12010,Bengaluru,Chennai,CC,GN,48,5,4,0,0.707,0.148,0
12953,Mumbai,Delhi,2A,GN,55,14,4,0,0.647,0.241,1
12008,Bengaluru,Chennai,3A,GN,29,14,3,0,0.785,0.155,1
12007,Chennai,Bengaluru,SL,GN,18,1,4,0,0.974,0.136,1
12626,New Delhi,Chennai,CC,GN,33,21,2,0,0.782,0.144,0
12954,Delhi,Mumbai,CC,TQ,7,11,3,0,0.698,0.09,0
12843,Howrah,Chennai,2A,GN,17,8,2,0,0.922,0.09,1
12008,Bengaluru,Chennai,3A,TQ,3,27,5,1,0.718,0.102,0
12624,New Delhi,Chennai,2A,GN,57,5,4,0,0.874,0.124,0
12955,Mumbai,Delhi,3A,GN,56,29,2,0,0.826,0.223,1
12008,Bengaluru,Chennai,2A,GN,26,8,6,1,0.82,0.141,1
12625,Chennai,New Delhi,CC,GN,22,8,1,0,0.801,0.318,0
12839,Howrah,Chennai,3A,GN,14,21,1,0,0.901,0.279,1
12011,Chennai,Bengaluru,CC,TQ,8,15,1,0,0.973,0.236,0
12008,Bengaluru,Chennai,2A,GN,50,7,4,0,0.793,0.235,0
12840,Chennai,Howrah,SL,GN,23,16,2,0,0.667,0.252,0
12840,Chennai,Howrah,3A,GN,21,4,4,0,0.834,0.125,1
12841,Howrah,Chennai,SL,GN,7,29,4,0,0.905,0.226,1
12844,Chennai,Howrah,2A,GN,32,17,4,0,0.759,0.234,0
12954,Delhi,Mumbai,SL,GN,39,11,0,0,0.831,0.069,0
12008,Bengaluru,Chennai,3A,GN,14,16,6,1,0.831,0.268,1
12009,Chennai,Bengaluru,CC,GN,8,8,5,1,0.748,0.154,1
12843,Howrah,Chennai,2A,GN,31,18,1,0,0.842,0.136,1
12951,Mumbai,Delhi,SL,TQ,51,13,3,0,0.859,0.144,0
12952,Delhi,Mumbai,2A,GN,43,16,4,0,0.687,0.141,0
12844,Chennai,Howrah,CC,GN,13,16,2,0,0.98,0.184,1
12953,Mumbai,Delhi,SL,GN,2,11,6,1,0.678,0.34,1
12840,Chennai,Howrah,CC,TQ,17,5,5,1,0.693,0.175,0
12624,New Delhi,Chennai,SL,GN,18,17,0,0,0.859,0.131,0
12954,Delhi,Mumbai,SL,GN,52,10,4,0,0.841,0.191,0
12626,New Delhi,Chennai,CC,GN,37,25,0,0,0.802,0.149,0
12952,Delhi,Mumbai,2A,GN,14,9,6,1,0.712,0.114,0
12953,Mumbai,Delhi,2A,GN,26,10,3,0,0.824,0.277,1
12622,New Delhi,Chennai,CC,GN,5,18,4,0,0.628,0.215,1
12951,Mumbai,Delhi,CC,GN,15,18,0,0,0.877,0.17,1
12012,Bengaluru,Chennai,2A,GN,10,3,1,0,0.769,0.218,0
12840,Chennai,Howrah,CC,GN,40,13,1,0,0.666,0.076,0
12955,Mumbai,Delhi,SL,GN,30,26,4,0,0.659,0.128,0
12840,Chennai,Howrah,3A,GN,41,5,6,1,0.775,0.178,0
12623,Chennai,New Delhi,SL,GN,53,28,6,1,0.822,0.237,0
12843,Howrah,Chennai,3A,GN,48,25,4,0,0.803,0.259,1
12008,Bengaluru,Chennai,3A,GN,4,13,2,0,0.828,0.241,1
12953,Mumbai,Delhi,2A,TQ,42,19,1,0,0.755,0.139,0
12954,Delhi,Mumbai,CC,GN,2,21,6,1,0.796,0.285,1
12623,Chennai,New Delhi,CC,GN,10,15,4,0,0.819,0.166,0
12621,Chennai,New Delhi,3A,TQ,6,21,0,0,0.694,0.118,0
12839,Howrah,Chennai,3A,GN,13,27,1,0,0.683,0.058,1
12626,New Delhi,Chennai,3A,GN,20,18,6,1,0.736,0.181,1
12012,Bengaluru,Chennai,CC,GN,3,1,1,0,0.725,0.141,0
12011,Chennai,Bengaluru,3A,GN,26,3,2,0,0.856,0.121,1
12843,Howrah,Chennai,CC,GN,11,27,4,0,0.794,0.217,0
12009,Chennai,Bengaluru,3A,GN,46,18,5,1,0.738,0.224,0
12843,Howrah,Chennai,2A,GN,36,25,2,0,0.625,0.153,0
12008,Bengaluru,Chennai,SL,GN,5,26,3,0,0.73,0.218,1
12956,Delhi,Mumbai,2A,GN,37,6,2,0,0.76,0.293,0
12956,Delhi,Mumbai,3A,GN,38,4,3,0,0.824,0.24,1
12007,Chennai,Bengaluru,SL,TQ,37,18,3,0,0.669,0.261,0
12955,Mumbai,Delhi,CC,GN,1,17,0,0,0.855,0.189,1
12841,Howrah,Chennai,2A,GN,50,17,2,0,0.657,0.123,0
12621,Chennai,New Delhi,2A,GN,14,7,3,0,0.944,0.08,1
12007,Chennai,Bengaluru,SL,GN,20,9,3,0,0.618,0.161,0
12625,Chennai,New Delhi,CC,GN,2,13,0,0,0.98,0.216,1
12951,Mumbai,Delhi,SL,GN,30,24,3,0,0.842,0.047,1
12956,Delhi,Mumbai,2A,GN,13,4,1,0,0.68,0.186,1
12622,New Delhi,Chennai,SL,GN,12,25,2,0,0.85,0.055,1
12622,New Delhi,Chennai,SL,GN,16,15,2,0,0.591,0.277,1
12840,Chennai,Howrah,SL,GN,13,1,6,1,0.684,0.12,1
12011,Chennai,Bengaluru,3A,GN,42,21,6,1,0.757,0.114,0
12012,Bengaluru,Chennai,CC,GN,22,26,4,0,0.882,0.23,0
12843,Howrah,Chennai,3A,GN,45,23,5,1,0.612,0.092,1
12621,Chennai,New Delhi,SL,GN,37,8,6,1,0.849,0.19,0
12840,Chennai,Howrah,3A,GN,23,25,3,0,0.922,0.122,1
12840,Chennai,Howrah,SL,GN,51,16,4,0,0.929,0.188,0
12842,Chennai,Howrah,CC,GN,14,24,1,0,0.843,0.234,0
12951,Mumbai,Delhi,SL,GN,51,12,4,0,0.817,0.166,1
12840,Chennai,Howrah,CC,GN,20,24,6,1,0.68,0.334,0
12623,Chennai,New Delhi,SL,GN,58,27,2,0,0.73,0.309,1
12008,Bengaluru,Chennai,2A,GN,33,1,6,1,0.715,0.157,1
12007,Chennai,Bengaluru,3A,TQ,29,24,3,0,0.749,0.105,1
12012,Bengaluru,Chennai,3A,GN,30,26,2,0,0.638,0.135,0
12842,Chennai,Howrah,SL,GN,19,13,1,0,0.678,0.138,1
12955,Mumbai,Delhi,CC,GN,45,18,6,1,0.725,0.117,1
12011,Chennai,Bengaluru,2A,GN,7,20,1,0,0.592,0.27,0
12842,Chennai,Howrah,2A,GN,20,7,3,0,0.839,0.174,0
12011,Chennai,Bengaluru,CC,GN,39,25,2,0,0.831,0.157,1
12010,Bengaluru,Chennai,SL,GN,57,18,0,0,0.646,0.146,0
12009,Chennai,Bengaluru,2A,GN,31,14,0,0,0.667,0.168,0
12624,New Delhi,Chennai,3A,GN,8,14,2,0,0.789,0.156,1
12009,Chennai,Bengaluru,3A,GN,27,8,6,1,0.576,0.132,1
12842,Chennai,Howrah,CC,GN,22,25,4,0,0.81,0.232,1
12007,Chennai,Bengaluru,CC,GN,17,12,0,0,0.75,0.202,0
12009,Chennai,Bengaluru,CC,GN,39,28,2,0,0.871,0.174,1
12007,Chennai,Bengaluru,3A,GN,34,19,0,0,0.53,0.302,0
12012,Bengaluru,Chennai,CC,GN,45,13,5,1,0.816,0.219,0
12621,Chennai,New Delhi,CC,GN,7,3,6,1,0.716,0.184,1
12011,Chennai,Bengaluru,CC,GN,14,22,5,1,0.783,0.17,1
12626,New Delhi,Chennai,SL,TQ,52,1,6,1,0.887,0.292,0
12010,Bengaluru,Chennai,3A,TQ,34,8,4,0,0.645,0.15,0
12956,Delhi,Mumbai,2A,GN,46,17,4,0,0.757,0.116,0
12012,Bengaluru,Chennai,CC,GN,32,21,3,0,0.812,0.221,0
12621,Chennai,New Delhi,3A,GN,41,23,3,0,0.778,0.177,1
12844,Chennai,Howrah,CC,GN,31,24,6,1,0.777,0.145,1
12009,Chennai,Bengaluru,CC,GN,27,24,0,0,0.851,0.175,1
12843,Howrah,Chennai,3A,GN,24,8,3,0,0.636,0.149,1
12841,Howrah,Chennai,SL,GN,12,19,5,1,0.759,0.053,1
12840,Chennai,Howrah,SL,GN,51,9,0,0,0.522,0.122,0
12624,New Delhi,Chennai,CC,GN,2,19,6,1,0.892,0.066,0
12621,Chennai,New Delhi,CC,GN,47,4,6,1,0.651,0.158,0
12841,Howrah,Chennai,CC,GN,52,21,4,0,0.738,0.13,0
12839,Howrah,Chennai,2A,GN,52,19,1,0,0.831,0.174,0
12843,Howrah,Chennai,CC,TQ,38,15,6,1,0.913,0.241,0
12955,Mumbai,Delhi,SL,GN,33,29,1,0,0.677,0.111,0
12843,Howrah,Chennai,SL,GN,49,27,1,0,0.746,0.137,0
12953,Mumbai,Delhi,CC,TQ,59,3,5,1,0.684,0.053,0
12839,Howrah,Chennai,3A,GN,9,20,1,0,0.602,0.226,1
12844,Chennai,Howrah,3A,GN,11,23,2,0,0.687,0.104,0
12841,Howrah,Chennai,2A,TQ,37,9,1,0,0.792,0.146,0
12622,New Delhi,Chennai,2A,TQ,5,9,2,0,0.79,0.144,1
12008,Bengaluru,Chennai,3A,TQ,55,17,1,0,0.726,0.168,0
12009,Chennai,Bengaluru,3A,GN,31,6,2,0,0.894,0.097,1
12840,Chennai,Howrah,3A,GN,32,11,6,1,0.779,0.242,1
12626,New Delhi,Chennai,2A,TQ,26,12,3,0,0.832,0.162,1
12844,Chennai,Howrah,3A,GN,53,1,6,1,0.657,0.274,0
12008,Bengaluru,Chennai,SL,GN,60,7,1,0,0.635,0.147,0
12007,Chennai,Bengaluru,CC,GN,19,15,3,0,0.777,0.132,1
12841,Howrah,Chennai,2A,TQ,38,26,5,1,0.775,0.214,0
12954,Delhi,Mumbai,CC,GN,55,20,2,0,0.825,0.168,0
12953,Mumbai,Delhi,3A,GN,40,6,5,1,0.868,0.202,0
12955,Mumbai,Delhi,CC,GN,28,1,5,1,0.736,0.03,1
12011,Chennai,Bengaluru,2A,GN,29,4,1,0,0.821,0.244,0
12008,Bengaluru,Chennai,3A,GN,21,28,3,0,0.698,0.327,1
12841,Howrah,Chennai,3A,GN,41,25,0,0,0.789,0.206,1
12012,Bengaluru,Chennai,2A,GN,43,18,6,1,0.664,0.193,1
12952,Delhi,Mumbai,CC,GN,36,4,4,0,0.729,0.197,0
12955,Mumbai,Delhi,2A,GN,30,21,0,0,0.575,0.112,1
12621,Chennai,New Delhi,3A,GN,4,4,2,0,0.803,0.133,1
12844,Chennai,Howrah,2A,GN,43,4,6,1,0.774,0.075,0
12621,Chennai,New Delhi,2A,GN,46,9,6,1,0.616,0.161,0
12007,Chennai,Bengaluru,SL,GN,9,8,6,1,0.776,0.314,0
12623,Chennai,New Delhi,SL,GN,19,2,5,1,0.892,0.196,1
12010,Bengaluru,Chennai,3A,GN,27,16,3,0,0.807,0.243,1
12842,Chennai,Howrah,2A,GN,49,11,1,0,0.819,0.209,0
12010,Bengaluru,Chennai,CC,GN,3,30,2,0,0.791,0.188,1
12623,Chennai,New Delhi,2A,GN,49,4,2,0,0.785,0.128,0
12844,Chennai,Howrah,2A,GN,26,17,6,1,0.816,0.25,0
12953,Mumbai,Delhi,CC,GN,6,28,4,0,0.811,0.309,1
12012,Bengaluru,Chennai,2A,GN,12,27,4,0,0.817,0.258,1
12008,Bengaluru,Chennai,3A,GN,17,9,2,0,0.79,0.215,1
12010,Bengaluru,Chennai,CC,GN,58,3,6,1,0.823,0.122,0
12841,Howrah,Chennai,2A,GN,27,27,6,1,0.761,0.134,0
12955,Mumbai,Delhi,3A,GN,9,20,0,0,0.859,0.03,1
12954,Delhi,Mumbai,3A,GN,38,2,3,0,0.795,0.168,0
12010,Bengaluru,Chennai,CC,GN,42,12,0,0,0.778,0.104,1
12955,Mumbai,Delhi,CC,GN,35,26,0,0,0.742,0.18,0
12951,Mumbai,Delhi,CC,GN,50,9,5,1,0.726,0.093,0
12624,New Delhi,Chennai,SL,TQ,54,15,5,1,0.791,0.256,0
12624,New Delhi,Chennai,CC,GN,24,28,3,0,0.821,0.164,1
12844,Chennai,Howrah,CC,GN,7,26,0,0,0.789,0.267,1
12011,Chennai,Bengaluru,SL,GN,2,20,3,0,0.634,0.21,1
12951,Mumbai,Delhi,2A,GN,50,29,0,0,0.848,0.177,0
12841,Howrah,Chennai,CC,GN,42,24,1,0,0.896,0.233,1
12010,Bengaluru,Chennai,SL,GN,48,13,2,0,0.862,0.109,0
12624,New Delhi,Chennai,CC,GN,19,20,3,0,0.718,0.138,1
12007,Chennai,Bengaluru,2A,GN,49,17,5,1,0.646,0.142,1
12622,New Delhi,Chennai,3A,TQ,14,16,6,1,0.865,0.168,0
12839,Howrah,Chennai,2A,GN,35,17,1,0,0.604,0.212,0
12012,Bengaluru,Chennai,3A,GN,42,29,3,0,0.718,0.204,1
12623,Chennai,New Delhi,SL,GN,4,7,0,0,0.787,0.157,0
12007,Chennai,Bengaluru,CC,GN,52,19,0,0,0.738,0.147,1
12622,New Delhi,Chennai,CC,GN,29,8,2,0,0.786,0.088,0
12841,Howrah,Chennai,SL,GN,17,30,1,0,0.684,0.22,1
12010,Bengaluru,Chennai,3A,GN,53,9,4,0,0.695,0.119,1
12954,Delhi,Mumbai,2A,TQ,48,22,4,0,0.812,0.084,0
12955,Mumbai,Delhi,2A,GN,16,20,4,0,0.749,0.03,1
12624,New Delhi,Chennai,SL,GN,58,14,0,0,0.584,0.26,0
12953,Mumbai,Delhi,CC,GN,53,10,0,0,0.663,0.237,0
12624,New Delhi,Chennai,3A,GN,55,2,6,1,0.957,0.118,0
12954,Delhi,Mumbai,CC,GN,58,25,2,0,0.694,0.12,0
12843,Howrah,Chennai,CC,GN,42,2,3,0,0.829,0.207,0
12951,Mumbai,Delhi,SL,TQ,41,6,4,0,0.921,0.196,0
12011,Chennai,Bengaluru,CC,GN,40,1,1,0,0.724,0.369,0
12008,Bengaluru,Chennai,2A,GN,50,2,6,1,0.78,0.133,0
12624,New Delhi,Chennai,SL,GN,32,4,6,1,0.637,0.033,0
12626,New Delhi,Chennai,SL,GN,10,28,6,1,0.796,0.294,1
12010,Bengaluru,Chennai,2A,GN,10,5,4,0,0.762,0.227,1
12009,Chennai,Bengaluru,CC,GN,18,29,2,0,0.925,0.065,1
12951,Mumbai,Delhi,SL,GN,58,29,4,0,0.794,0.269,0
12010,Bengaluru,Chennai,3A,GN,19,7,0,0,0.84,0.255,1
12951,Mumbai,Delhi,SL,GN,23,8,4,0,0.799,0.148,0
12009,Chennai,Bengaluru,CC,GN,18,19,3,0,0.71,0.184,1
12954,Delhi,Mumbai,3A,GN,31,12,4,0,0.714,0.116,1
12952,Delhi,Mumbai,3A,GN,36,29,3,0,0.657,0.142,1
12843,Howrah,Chennai,3A,GN,42,4,4,0,0.927,0.286,0
12012,Bengaluru,Chennai,2A,GN,3,11,1,0,0.852,0.162,1
12624,New Delhi,Chennai,2A,TQ,59,5,1,0,0.614,0.263,0
12007,Chennai,Bengaluru,2A,GN,2,11,5,1,0.667,0.151,1
12624,New Delhi,Chennai,2A,GN,36,26,1,0,0.823,0.185,1
12951,Mumbai,Delhi,3A,GN,21,12,4,0,0.943,0.12,0
12839,Howrah,Chennai,2A,GN,15,4,0,0,0.825,0.156,1
12011,Chennai,Bengaluru,SL,GN,6,27,2,0,0.789,0.238,1
12622,New Delhi,Chennai,2A,TQ,3,18,0,0,0.783,0.166,0
12011,Chennai,Bengaluru,2A,TQ,55,30,3,0,0.791,0.174,0
12956,Delhi,Mumbai,SL,GN,4,1,6,1,0.741,0.269,1
12952,Delhi,Mumbai,2A,GN,26,12,3,0,0.636,0.225,1
12844,Chennai,Howrah,SL,GN,41,25,3,0,0.846,0.289,1
12952,Delhi,Mumbai,3A,GN,32,1,4,0,0.889,0.062,0
12955,Mumbai,Delhi,SL,GN,37,15,1,0,0.862,0.11,0
12843,Howrah,Chennai,CC,TQ,2,26,1,0,0.809,0.048,1
12626,New Delhi,Chennai,2A,GN,46,24,0,0,0.716,0.108,0
12956,Delhi,Mumbai,3A,GN,23,8,0,0,0.77,0.161,1
12623,Chennai,New Delhi,SL,GN,4,14,3,0,0.749,0.171,0
12956,Delhi,Mumbai,2A,GN,11,3,3,0,0.877,0.089,0
12953,Mumbai,Delhi,CC,GN,13,24,3,0,0.838,0.226,0
12844,Chennai,Howrah,CC,TQ,12,19,4,0,0.858,0.216,0
12840,Chennai,Howrah,3A,GN,3,10,5,1,0.564,0.169,1
12844,Chennai,Howrah,CC,TQ,58,6,6,1,0.758,0.16,0
12625,Chennai,New Delhi,CC,GN,31,7,0,0,0.707,0.184,0
12012,Bengaluru,Chennai,2A,GN,15,5,2,0,0.867,0.192,1
12009,Chennai,Bengaluru,2A,GN,51,16,6,1,0.749,0.193,0
12622,New Delhi,Chennai,3A,GN,31,11,5,1,0.701,0.141,0
12621,Chennai,New Delhi,3A,GN,24,8,2,0,0.719,0.199,0
12625,Chennai,New Delhi,3A,GN,44,16,3,0,0.686,0.202,0
12012,Bengaluru,Chennai,CC,TQ,20,28,4,0,0.729,0.219,0
12953,Mumbai,Delhi,2A,GN,56,25,4,0,0.773,0.16,0
12843,Howrah,Chennai,CC,GN,27,17,0,0,0.706,0.173,1
12956,Delhi,Mumbai,SL,GN,58,26,6,1,0.763,0.236,1
12842,Chennai,Howrah,2A,GN,27,17,0,0,0.715,0.199,0
12011,Chennai,Bengaluru,SL,GN,11,22,1,0,0.98,0.184,1
12955,Mumbai,Delhi,2A,TQ,27,30,5,1,0.66,0.192,1
12843,Howrah,Chennai,SL,TQ,7,30,4,0,0.773,0.162,1
12010,Bengaluru,Chennai,2A,GN,55,30,6,1,0.833,0.087,0
12953,Mumbai,Delhi,3A,TQ,39,15,4,0,0.793,0.12,0
12956,Delhi,Mumbai,2A,GN,46,18,2,0,0.682,0.226,0
12621,Chennai,New Delhi,CC,GN,15,20,5,1,0.805,0.168,0
12007,Chennai,Bengaluru,CC,GN,9,17,6,1,0.766,0.102,1
12951,Mumbai,Delhi,3A,GN,51,14,3,0,0.806,0.172,1
12623,Chennai,New Delhi,2A,GN,40,10,2,0,0.811,0.111,0
12010,Bengaluru,Chennai,CC,GN,50,29,4,0,0.681,0.207,1
12951,Mumbai,Delhi,SL,GN,28,18,1,0,0.855,0.114,0
12008,Bengaluru,Chennai,3A,TQ,12,22,3,0,0.777,0.28,0
12840,Chennai,Howrah,SL,GN,49,4,6,1,0.681,0.271,0
12011,Chennai,Bengaluru,2A,TQ,47,8,5,1,0.769,0.155,0
12010,Bengaluru,Chennai,3A,GN,16,6,1,0,0.695,0.158,0
12010,Bengaluru,Chennai,3A,GN,29,12,3,0,0.749,0.248,0
12843,Howrah,Chennai,SL,GN,36,25,3,0,0.628,0.204,0
12843,Howrah,Chennai,CC,GN,45,29,5,1,0.712,0.236,0
12007,Chennai,Bengaluru,CC,GN,56,8,1,0,0.887,0.207,0
12625,Chennai,New Delhi,2A,GN,10,30,1,0,0.707,0.17,1
12621,Chennai,New Delhi,SL,GN,58,12,4,0,0.693,0.242,0
12841,Howrah,Chennai,3A,GN,55,8,0,0,0.95,0.238,0
12625,Chennai,New Delhi,2A,GN,49,25,0,0,0.57,0.047,1
12841,Howrah,Chennai,3A,GN,27,22,2,0,0.864,0.325,0
12011,Chennai,Bengaluru,SL,GN,10,23,6,1,0.948,0.03,1
12841,Howrah,Chennai,CC,GN,34,13,6,1,0.798,0.101,0
12010,Bengaluru,Chennai,SL,GN,55,10,5,1,0.62,0.303,0
12007,Chennai,Bengaluru,SL,GN,38,13,3,0,0.76,0.113,0
12951,Mumbai,Delhi,2A,GN,27,10,5,1,0.766,0.172,1
12842,Chennai,Howrah,SL,GN,48,11,1,0,0.808,0.174,0
12843,Howrah,Chennai,SL,TQ,52,28,6,1,0.777,0.219,0
12009,Chennai,Bengaluru,3A,GN,41,27,6,1,0.761,0.222,0
12621,Chennai,New Delhi,CC,GN,37,17,1,0,0.743,0.287,0
12844,Chennai,Howrah,CC,GN,49,17,3,0,0.718,0.263,0
12621,Chennai,New Delhi,CC,GN,55,26,0,0,0.659,0.193,0
12952,Delhi,Mumbai,CC,GN,16,5,2,0,0.952,0.218,0
12625,Chennai,New Delhi,2A,GN,53,20,6,1,0.902,0.094,0
12840,Chennai,Howrah,3A,GN,29,10,2,0,0.655,0.206,0
12010,Bengaluru,Chennai,CC,GN,60,3,5,1,0.795,0.209,0
12841,Howrah,Chennai,3A,GN,28,26,5,1,0.776,0.172,1
12009,Chennai,Bengaluru,2A,TQ,27,24,4,0,0.951,0.175,1
12953,Mumbai,Delhi,CC,GN,11,18,1,0,0.748,0.151,0
12624,New Delhi,Chennai,2A,GN,13,4,2,0,0.937,0.219,1
12843,Howrah,Chennai,2A,TQ,32,10,4,0,0.726,0.262,0
12842,Chennai,Howrah,CC,GN,25,4,6,1,0.619,0.276,0
12012,Bengaluru,Chennai,CC,GN,28,16,1,0,0.74,0.166,0
12626,New Delhi,Chennai,SL,GN,45,26,0,0,0.701,0.188,0
12624,New Delhi,Chennai,3A,GN,47,7,6,1,0.98,0.201,0
12007,Chennai,Bengaluru,2A,TQ,29,4,4,0,0.695,0.218,1
12843,Howrah,Chennai,SL,GN,44,21,3,0,0.901,0.217,0
12841,Howrah,Chennai,SL,GN,14,17,4,0,0.9,0.151,0
12012,Bengaluru,Chennai,3A,GN,55,27,0,0,0.594,0.256,0
12955,Mumbai,Delhi,3A,GN,9,7,5,1,0.703,0.089,0
12626,New Delhi,Chennai,CC,TQ,9,23,6,1,0.627,0.353,0
12954,Delhi,Mumbai,SL,TQ,18,24,6,1,0.811,0.125,0
12009,Chennai,Bengaluru,3A,GN,57,13,0,0,0.691,0.206,0
12956,Delhi,Mumbai,CC,GN,18,21,6,1,0.791,0.215,1
12952,Delhi,Mumbai,3A,GN,39,20,6,1,0.755,0.045,1
12844,Chennai,Howrah,SL,GN,27,28,2,0,0.737,0.063,0
12623,Chennai,New Delhi,SL,GN,15,18,6,1,0.734,0.159,0
12952,Delhi,Mumbai,SL,GN,1,16,1,0,0.791,0.137,0
12951,Mumbai,Delhi,SL,GN,43,13,2,0,0.738,0.071,0
12011,Chennai,Bengaluru,CC,GN,5,16,6,1,0.854,0.154,1
12007,Chennai,Bengaluru,SL,TQ,28,12,0,0,0.806,0.148,0
12625,Chennai,New Delhi,SL,GN,36,14,2,0,0.904,0.171,1
12011,Chennai,Bengaluru,2A,GN,26,29,3,0,0.708,0.247,0
12955,Mumbai,Delhi,2A,GN,27,29,3,0,0.658,0.252,1
12841,Howrah,Chennai,CC,GN,13,8,0,0,0.851,0.126,0
12951,Mumbai,Delhi,CC,GN,21,13,4,0,0.757,0.154,1
12840,Chennai,Howrah,2A,GN,30,18,5,1,0.783,0.181,0
12952,Delhi,Mumbai,3A,GN,25,8,1,0,0.788,0.245,1
12008,Bengaluru,Chennai,2A,GN,20,15,2,0,0.762,0.221,0
12012,Bengaluru,Chennai,SL,GN,14,28,2,0,0.784,0.226,0
12954,Delhi,Mumbai,3A,GN,33,24,2,0,0.922,0.279,1
12623,Chennai,New Delhi,CC,GN,44,27,0,0,0.794,0.156,0
12841,Howrah,Chennai,3A,GN,4,13,3,0,0.751,0.149,1
12843,Howrah,Chennai,CC,GN,25,23,0,0,0.602,0.092,1
12951,Mumbai,Delhi,2A,GN,26,11,2,0,0.949,0.132,1
12953,Mumbai,Delhi,CC,GN,12,29,4,0,0.851,0.222,1
12012,Bengaluru,Chennai,CC,GN,37,16,6,1,0.844,0.147,0
12951,Mumbai,Delhi,3A,GN,42,17,5,1,0.844,0.178,0
12956,Delhi,Mumbai,SL,GN,56,24,6,1,0.575,0.109,0
12622,New Delhi,Chennai,3A,TQ,12,27,0,0,0.936,0.241,1
12625,Chennai,New Delhi,CC,GN,14,12,4,0,0.827,0.118,1
12622,New Delhi,Chennai,CC,GN,31,2,3,0,0.803,0.112,0
12844,Chennai,Howrah,CC,TQ,48,24,0,0,0.622,0.156,0
12839,Howrah,Chennai,2A,GN,2,6,0,0,0.818,0.175,1
12842,Chennai,Howrah,CC,GN,27,8,5,1,0.923,0.058,1
12951,Mumbai,Delhi,2A,GN,15,2,4,0,0.725,0.151,1
12621,Chennai,New Delhi,3A,TQ,25,28,5,1,0.812,0.229,0
12625,Chennai,New Delhi,2A,TQ,52,5,6,1,0.803,0.233,0
12625,Chennai,New Delhi,SL,GN,23,11,4,0,0.923,0.05,1
12624,New Delhi,Chennai,3A,GN,31,1,5,1,0.771,0.247,0
12842,Chennai,Howrah,3A,GN,32,21,6,1,0.764,0.264,0
12008,Bengaluru,Chennai,2A,GN,53,15,1,0,0.807,0.246,0
12009,Chennai,Bengaluru,2A,GN,60,1,3,0,0.798,0.108,1
12012,Bengaluru,Chennai,2A,GN,18,24,5,1,0.879,0.197,1
12840,Chennai,Howrah,2A,GN,9,3,6,1,0.759,0.197,1
12622,New Delhi,Chennai,SL,GN,55,30,1,0,0.784,0.219,0
12952,Delhi,Mumbai,SL,GN,53,14,4,0,0.688,0.123,0
12622,New Delhi,Chennai,SL,GN,31,21,1,0,0.824,0.135,0
12951,Mumbai,Delhi,3A,GN,21,10,0,0,0.798,0.206,1
12623,Chennai,New Delhi,2A,GN,46,27,3,0,0.817,0.136,0
12839,Howrah,Chennai,2A,GN,35,20,5,1,0.953,0.302,1
12622,New Delhi,Chennai,3A,GN,59,6,2,0,0.72,0.213,0
12622,New Delhi,Chennai,3A,GN,58,21,4,0,0.98,0.153,0
12843,Howrah,Chennai,2A,GN,39,22,2,0,0.724,0.133,0
12011,Chennai,Bengaluru,3A,GN,10,22,1,0,0.859,0.33,1
12008,Bengaluru,Chennai,3A,GN,25,6,5,1,0.661,0.263,1
12007,Chennai,Bengaluru,CC,GN,55,23,0,0,0.749,0.141,0
12010,Bengaluru,Chennai,2A,GN,29,23,0,0,0.877,0.237,0
12623,Chennai,New Delhi,SL,GN,5,28,4,0,0.798,0.242,1
12956,Delhi,Mumbai,2A,TQ,9,10,4,0,0.712,0.218,1
12011,Chennai,Bengaluru,SL,GN,1,30,2,0,0.716,0.03,0
12625,Chennai,New Delhi,CC,GN,51,4,4,0,0.757,0.17,1
12009,Chennai,Bengaluru,3A,TQ,17,2,3,0,0.892,0.227,1
12008,Bengaluru,Chennai,3A,GN,46,4,6,1,0.932,0.088,0
12841,Howrah,Chennai,CC,GN,1,1,1,0,0.909,0.069,1
12952,Delhi,Mumbai,2A,GN,11,24,6,1,0.902,0.097,1
12841,Howrah,Chennai,3A,TQ,44,4,1,0,0.714,0.26,0
12843,Howrah,Chennai,CC,GN,3,24,1,0,0.753,0.177,1
12626,New Delhi,Chennai,CC,GN,27,16,5,1,0.9,0.076,0
12625,Chennai,New Delhi,CC,GN,53,26,5,1,0.825,0.102,0
12953,Mumbai,Delhi,CC,GN,3,23,4,0,0.869,0.174,1
12839,Howrah,Chennai,CC,GN,53,29,6,1,0.799,0.243,0
12954,Delhi,Mumbai,2A,GN,13,25,4,0,0.696,0.203,0
12841,Howrah,Chennai,3A,GN,32,10,0,0,0.629,0.285,0
12841,Howrah,Chennai,CC,GN,9,8,3,0,0.808,0.159,0
12843,Howrah,Chennai,SL,GN,21,4,0,0,0.691,0.247,0
12954,Delhi,Mumbai,3A,GN,15,6,1,0,0.638,0.165,1
12623,Chennai,New Delhi,SL,GN,43,17,0,0,0.939,0.138,0
12626,New Delhi,Chennai,2A,GN,5,14,1,0,0.978,0.341,1
12011,Chennai,Bengaluru,CC,GN,42,5,2,0,0.879,0.238,0
12626,New Delhi,Chennai,3A,GN,48,11,1,0,0.923,0.206,0
12844,Chennai,Howrah,SL,GN,38,1,1,0,0.775,0.341,0
12624,New Delhi,Chennai,CC,TQ,50,21,3,0,0.752,0.177,0
12623,Chennai,New Delhi,3A,GN,37,2,3,0,0.635,0.233,0
12008,Bengaluru,Chennai,SL,GN,1,15,3,0,0.771,0.143,1
12626,New Delhi,Chennai,SL,GN,59,20,3,0,0.761,0.168,0
12956,Delhi,Mumbai,SL,GN,5,27,6,1,0.708,0.249,1
12951,Mumbai,Delhi,CC,GN,25,30,2,0,0.71,0.208,1
12840,Chennai,Howrah,CC,GN,59,15,5,1,0.737,0.163,0
12951,Mumbai,Delhi,CC,GN,56,30,6,1,0.805,0.267,0
12954,Delhi,Mumbai,2A,GN,34,2,5,1,0.852,0.195,1
12011,Chennai,Bengaluru,CC,GN,39,12,4,0,0.634,0.096,1
12011,Chennai,Bengaluru,2A,TQ,45,30,2,0,0.61,0.089,0
12624,New Delhi,Chennai,3A,GN,16,18,4,0,0.675,0.313,1
12011,Chennai,Bengaluru,3A,GN,5,4,6,1,0.706,0.1,0
12007,Chennai,Bengaluru,CC,GN,53,8,6,1,0.814,0.202,0
12955,Mumbai,Delhi,3A,GN,13,29,4,0,0.89,0.277,1
12839,Howrah,Chennai,2A,GN,15,26,5,1,0.894,0.258,1
12839,Howrah,Chennai,3A,GN,23,21,0,0,0.757,0.237,1
12011,Chennai,Bengaluru,3A,GN,57,27,0,0,0.87,0.042,0
12625,Chennai,New Delhi,2A,GN,27,24,2,0,0.759,0.128,0
12956,Delhi,Mumbai,CC,GN,29,8,2,0,0.717,0.091,0
12012,Bengaluru,Chennai,SL,GN,38,16,6,1,0.836,0.259,0
12951,Mumbai,Delhi,3A,GN,51,17,0,0,0.675,0.158,0
12623,Chennai,New Delhi,3A,GN,10,17,4,0,0.91,0.186,1
12840,Chennai,Howrah,3A,GN,56,3,3,0,0.801,0.105,0
12952,Delhi,Mumbai,SL,GN,38,19,1,0,0.958,0.202,0
12621,Chennai,New Delhi,SL,GN,42,10,1,0,0.69,0.128,0
12007,Chennai,Bengaluru,2A,GN,50,18,4,0,0.833,0.197,0
12952,Delhi,Mumbai,CC,GN,35,12,2,0,0.741,0.181,0
12954,Delhi,Mumbai,2A,GN,39,8,4,0,0.71,0.319,1
12622,New Delhi,Chennai,CC,GN,53,2,6,1,0.734,0.138,0
12626,New Delhi,Chennai,2A,GN,46,8,4,0,0.732,0.139,1
12955,Mumbai,Delhi,2A,GN,22,27,5,1,0.675,0.125,0
12840,Chennai,Howrah,CC,TQ,60,25,0,0,0.857,0.283,1
12839,Howrah,Chennai,2A,GN,11,10,0,0,0.754,0.131,0
12012,Bengaluru,Chennai,2A,GN,59,28,5,1,0.612,0.12,0
12840,Chennai,Howrah,SL,GN,29,17,3,0,0.978,0.162,0
12625,Chennai,New Delhi,SL,TQ,48,9,0,0,0.954,0.184,0
12844,Chennai,Howrah,2A,GN,23,23,1,0,0.74,0.293,0
12953,Mumbai,Delhi,2A,GN,7,6,5,1,0.644,0.176,0
12009,Chennai,Bengaluru,2A,GN,1,15,6,1,0.823,0.212,0
12953,Mumbai,Delhi,SL,GN,53,20,5,1,0.751,0.207,0
12953,Mumbai,Delhi,SL,GN,52,24,2,0,0.736,0.222,0
12954,Delhi,Mumbai,2A,GN,59,3,4,0,0.729,0.253,0
12842,Chennai,Howrah,2A,GN,26,22,6,1,0.725,0.177,1
12009,Chennai,Bengaluru,2A,GN,60,2,5,1,0.758,0.356,0
12621,Chennai,New Delhi,CC,GN,25,1,0,0,0.705,0.16,1
12842,Chennai,Howrah,2A,GN,38,27,5,1,0.945,0.168,0
12953,Mumbai,Delhi,2A,GN,5,14,6,1,0.803,0.095,1
12842,Chennai,Howrah,CC,GN,20,12,0,0,0.818,0.148,1
12839,Howrah,Chennai,3A,GN,44,20,2,0,0.801,0.227,1
12622,New Delhi,Chennai,SL,GN,9,4,6,1,0.802,0.282,1
12011,Chennai,Bengaluru,2A,TQ,3,11,6,1,0.625,0.234,0
12010,Bengaluru,Chennai,2A,TQ,56,29,4,0,0.733,0.206,0
12843,Howrah,Chennai,2A,GN,27,14,2,0,0.887,0.159,1
12626,New Delhi,Chennai,2A,GN,1,20,3,0,0.632,0.245,0
12011,Chennai,Bengaluru,CC,TQ,17,26,6,1,0.591,0.091,1
12839,Howrah,Chennai,SL,GN,10,18,6,1,0.769,0.308,0
12956,Delhi,Mumbai,2A,GN,21,5,6,1,0.603,0.282,1
12623,Chennai,New Delhi,3A,GN,48,12,0,0,0.78,0.264,0
12011,Chennai,Bengaluru,SL,TQ,54,5,5,1,0.629,0.169,0
12009,Chennai,Bengaluru,2A,GN,47,27,3,0,0.758,0.277,0
12840,Chennai,Howrah,CC,GN,54,12,1,0,0.913,0.245,0
12626,New Delhi,Chennai,SL,GN,44,15,3,0,0.808,0.044,0
12951,Mumbai,Delhi,3A,GN,21,12,3,0,0.755,0.109,1
12010,Bengaluru,Chennai,3A,GN,38,9,6,1,0.732,0.216,0
12011,Chennai,Bengaluru,SL,GN,22,29,5,1,0.728,0.203,0
12840,Chennai,Howrah,SL,GN,4,3,0,0,0.699,0.221,0
12011,Chennai,Bengaluru,3A,GN,2,25,0,0,0.783,0.15,0
12840,Chennai,Howrah,3A,GN,33,20,0,0,0.796,0.205,0
12621,Chennai,New Delhi,CC,GN,52,20,1,0,0.873,0.138,1
12956,Delhi,Mumbai,2A,GN,48,8,0,0,0.977,0.246,1
12009,Chennai,Bengaluru,2A,TQ,22,20,4,0,0.837,0.253,0
12009,Chennai,Bengaluru,CC,GN,22,27,3,0,0.831,0.157,1
12955,Mumbai,Delhi,2A,GN,31,7,0,0,0.708,0.131,1
12952,Delhi,Mumbai,CC,GN,52,9,5,1,0.754,0.262,0
12622,New Delhi,Chennai,CC,GN,26,29,6,1,0.828,0.049,1
12839,Howrah,Chennai,CC,GN,60,7,2,0,0.723,0.237,0
12625,Chennai,New Delhi,3A,GN,15,15,5,1,0.872,0.238,0
12010,Bengaluru,Chennai,CC,TQ,24,26,3,0,0.751,0.145,0
12839,Howrah,Chennai,3A,GN,15,14,4,0,0.864,0.092,1
12007,Chennai,Bengaluru,2A,GN,45,29,1,0,0.735,0.04,0
12011,Chennai,Bengaluru,SL,GN,42,1,6,1,0.683,0.171,0
12952,Delhi,Mumbai,CC,GN,36,9,5,1,0.837,0.184,0
12954,Delhi,Mumbai,2A,GN,17,30,6,1,0.667,0.192,1
12626,New Delhi,Chennai,2A,GN,26,8,5,1,0.88,0.263,0
12623,Chennai,New Delhi,2A,GN,6,7,5,1,0.727,0.206,1
12842,Chennai,Howrah,CC,GN,15,3,3,0,0.722,0.056,0
12011,Chennai,Bengaluru,CC,GN,54,24,6,1,0.56,0.195,0
12011,Chennai,Bengaluru,3A,TQ,2,28,1,0,0.812,0.314,0
12844,Chennai,Howrah,3A,GN,19,23,4,0,0.663,0.245,0
12007,Chennai,Bengaluru,SL,GN,54,22,0,0,0.717,0.166,1
12841,Howrah,Chennai,2A,GN,3,3,4,0,0.979,0.253,1
12952,Delhi,Mumbai,2A,GN,39,19,3,0,0.844,0.097,1
12622,New Delhi,Chennai,3A,GN,59,20,0,0,0.737,0.247,0
12843,Howrah,Chennai,CC,GN,50,10,0,0,0.628,0.156,0
12842,Chennai,Howrah,CC,GN,34,10,1,0,0.714,0.119,0
12844,Chennai,Howrah,SL,GN,36,18,3,0,0.885,0.246,0
12010,Bengaluru,Chennai,3A,GN,52,8,6,1,0.905,0.091,0
12626,New Delhi,Chennai,2A,GN,38,18,6,1,0.839,0.128,1
12955,Mumbai,Delhi,2A,GN,43,29,1,0,0.657,0.145,0
12844,Chennai,Howrah,2A,GN,23,11,1,0,0.675,0.201,0
12841,Howrah,Chennai,3A,GN,8,16,4,0,0.631,0.068,1
12012,Bengaluru,Chennai,2A,GN,55,26,5,1,0.671,0.132,0
12844,Chennai,Howrah,3A,GN,48,15,5,1,0.754,0.226,1
12624,New Delhi,Chennai,3A,GN,60,21,4,0,0.78,0.34,0
12007,Chennai,Bengaluru,3A,GN,57,10,0,0,0.772,0.217,0
12622,New Delhi,Chennai,2A,GN,59,9,2,0,0.803,0.174,0
12010,Bengaluru,Chennai,SL,GN,58,13,4,0,0.685,0.164,0
12625,Chennai,New Delhi,3A,GN,9,8,3,0,0.598,0.311,1
12012,Bengaluru,Chennai,3A,TQ,13,27,2,0,0.798,0.207,1
12012,Bengaluru,Chennai,CC,GN,50,27,1,0,0.627,0.092,0
12008,Bengaluru,Chennai,3A,GN,48,13,6,1,0.676,0.149,0
12012,Bengaluru,Chennai,SL,GN,15,9,0,0,0.826,0.147,1
12622,New Delhi,Chennai,3A,GN,44,17,2,0,0.827,0.251,1
12842,Chennai,Howrah,2A,GN,33,12,4,0,0.819,0.3,1
12626,New Delhi,Chennai,2A,GN,28,4,3,0,0.909,0.059,0
12011,Chennai,Bengaluru,SL,TQ,44,19,0,0,0.794,0.212,0
12953,Mumbai,Delhi,3A,GN,59,27,4,0,0.878,0.204,1
12626,New Delhi,Chennai,SL,GN,4,27,2,0,0.914,0.14,1
12622,New Delhi,Chennai,3A,GN,15,13,4,0,0.737,0.086,1
12623,Chennai,New Delhi,3A,GN,9,13,2,0,0.694,0.227,0
12011,Chennai,Bengaluru,3A,GN,44,7,3,0,0.914,0.177,0
12012,Bengaluru,Chennai,2A,GN,11,8,3,0,0.853,0.067,1
12012,Bengaluru,Chennai,3A,GN,4,25,1,0,0.896,0.097,1
12621,Chennai,New Delhi,3A,GN,53,25,3,0,0.711,0.306,0
12012,Bengaluru,Chennai,3A,GN,48,1,3,0,0.857,0.131,0
12839,Howrah,Chennai,SL,TQ,37,18,6,1,0.856,0.207,0
12623,Chennai,New Delhi,SL,TQ,3,2,6,1,0.736,0.144,0
12009,Chennai,Bengaluru,SL,GN,27,28,5,1,0.678,0.137,1
12842,Chennai,Howrah,3A,GN,27,2,2,0,0.819,0.265,0
12951,Mumbai,Delhi,2A,GN,19,12,5,1,0.762,0.235,0
12953,Mumbai,Delhi,SL,GN,47,21,5,1,0.695,0.195,1
12841,Howrah,Chennai,SL,GN,1,19,5,1,0.751,0.128,1
12625,Chennai,New Delhi,2A,GN,32,28,4,0,0.797,0.154,1
12843,Howrah,Chennai,3A,GN,26,12,2,0,0.704,0.122,1
12842,Chennai,Howrah,2A,GN,16,23,3,0,0.842,0.131,1
12955,Mumbai,Delhi,CC,GN,29,15,5,1,0.844,0.13,1
12842,Chennai,Howrah,SL,GN,54,6,2,0,0.632,0.066,0
12955,Mumbai,Delhi,SL,GN,57,6,0,0,0.844,0.125,0
12956,Delhi,Mumbai,SL,TQ,56,13,2,0,0.876,0.122,0
12626,New Delhi,Chennai,SL,GN,49,21,3,0,0.73,0.158,1
12844,Chennai,Howrah,CC,GN,12,15,5,1,0.804,0.153,0
12011,Chennai,Bengaluru,CC,GN,16,10,2,0,0.936,0.245,0
12624,New Delhi,Chennai,CC,GN,60,30,1,0,0.938,0.179,0
12844,Chennai,Howrah,CC,GN,37,10,0,0,0.98,0.275,0
12008,Bengaluru,Chennai,2A,GN,43,7,0,0,0.804,0.187,0
12842,Chennai,Howrah,SL,TQ,8,21,5,1,0.684,0.201,0
12954,Delhi,Mumbai,2A,GN,34,19,6,1,0.795,0.283,0
12844,Chennai,Howrah,CC,TQ,47,8,1,0,0.764,0.257,0
12010,Bengaluru,Chennai,SL,GN,15,15,3,0,0.98,0.312,0
12954,Delhi,Mumbai,2A,TQ,22,9,6,1,0.741,0.273,0
12952,Delhi,Mumbai,2A,GN,8,27,2,0,0.73,0.16,1
12843,Howrah,Chennai,3A,GN,37,16,5,1,0.725,0.138,1
12956,Delhi,Mumbai,SL,GN,45,22,3,0,0.668,0.163,0
12624,New Delhi,Chennai,3A,GN,31,5,4,0,0.709,0.199,0
12012,Bengaluru,Chennai,3A,GN,51,6,0,0,0.87,0.121,1
12952,Delhi,Mumbai,2A,GN,39,15,4,0,0.746,0.11,0
12953,Mumbai,Delhi,CC,GN,13,17,3,0,0.737,0.16,1
12624,New Delhi,Chennai,3A,GN,8,20,2,0,0.71,0.123,1
12010,Bengaluru,Chennai,2A,GN,27,1,4,0,0.704,0.105,0
12841,Howrah,Chennai,SL,GN,48,15,3,0,0.716,0.123,0
12011,Chennai,Bengaluru,CC,GN,58,14,4,0,0.81,0.115,0
12623,Chennai,New Delhi,CC,GN,16,19,5,1,0.735,0.239,1
12012,Bengaluru,Chennai,2A,GN,36,9,3,0,0.795,0.175,0
12844,Chennai,Howrah,3A,GN,46,3,5,1,0.787,0.274,0
12842,Chennai,Howrah,CC,GN,32,19,0,0,0.846,0.177,0
12621,Chennai,New Delhi,CC,GN,40,21,2,0,0.805,0.183,1
12952,Delhi,Mumbai,CC,TQ,36,27,2,0,0.727,0.102,0
12844,Chennai,Howrah,2A,GN,13,29,4,0,0.769,0.161,1
12624,New Delhi,Chennai,SL,GN,1,11,1,0,0.98,0.117,1
12839,Howrah,Chennai,CC,GN,31,23,4,0,0.704,0.212,0
12009,Chennai,Bengaluru,3A,GN,27,25,3,0,0.775,0.308,1
12008,Bengaluru,Chennai,3A,TQ,47,9,3,0,0.785,0.115,0
12956,Delhi,Mumbai,3A,GN,19,8,1,0,0.886,0.219,1
12842,Chennai,Howrah,CC,TQ,35,9,4,0,0.705,0.262,0
12840,Chennai,Howrah,2A,GN,15,18,4,0,0.763,0.088,1
12953,Mumbai,Delhi,CC,GN,6,14,1,0,0.664,0.222,0
12623,Chennai,New Delhi,2A,GN,36,16,0,0,0.892,0.146,0
12953,Mumbai,Delhi,3A,TQ,32,7,1,0,0.874,0.185,0
12622,New Delhi,Chennai,CC,GN,33,20,0,0,0.705,0.185,0
12622,New Delhi,Chennai,CC,GN,6,27,4,0,0.636,0.187,1
12625,Chennai,New Delhi,2A,GN,22,15,0,0,0.806,0.165,1
12623,Chennai,New Delhi,CC,GN,23,25,6,1,0.796,0.128,0
12951,Mumbai,Delhi,SL,GN,25,10,3,0,0.667,0.18,0
12012,Bengaluru,Chennai,2A,GN,33,14,6,1,0.924,0.063,1
12011,Chennai,Bengaluru,3A,GN,38,9,1,0,0.78,0.192,0
12844,Chennai,Howrah,3A,GN,46,6,4,0,0.815,0.095,0
12009,Chennai,Bengaluru,SL,GN,28,1,1,0,0.98,0.269,1
12008,Bengaluru,Chennai,SL,GN,60,5,2,0,0.567,0.068,0
12956,Delhi,Mumbai,2A,TQ,38,20,0,0,0.799,0.098,0
12952,Delhi,Mumbai,2A,GN,5,14,6,1,0.98,0.148,1
12839,Howrah,Chennai,CC,GN,45,27,1,0,0.761,0.176,1
12840,Chennai,Howrah,CC,GN,44,2,6,1,0.902,0.302,0
12623,Chennai,New Delhi,SL,GN,47,19,5,1,0.703,0.116,0
12007,Chennai,Bengaluru,CC,GN,33,5,3,0,0.803,0.274,0
12624,New Delhi,Chennai,CC,GN,8,1,0,0,0.742,0.202,0
12951,Mumbai,Delhi,CC,GN,3,4,5,1,0.669,0.215,1
12844,Chennai,Howrah,3A,TQ,22,19,4,0,0.588,0.142,1
12954,Delhi,Mumbai,SL,GN,48,3,4,0,0.669,0.183,0
12840,Chennai,Howrah,SL,GN,14,14,0,0,0.759,0.31,1
12008,Bengaluru,Chennai,3A,GN,54,24,3,0,0.813,0.219,0
12955,Mumbai,Delhi,3A,GN,43,21,6,1,0.813,0.172,0
12839,Howrah,Chennai,CC,GN,23,4,1,0,0.882,0.201,0
12010,Bengaluru,Chennai,3A,GN,43,25,1,0,0.729,0.118,0
12626,New Delhi,Chennai,CC,TQ,38,19,0,0,0.863,0.059,0
12624,New Delhi,Chennai,CC,TQ,30,10,5,1,0.752,0.234,0
12951,Mumbai,Delhi,SL,TQ,32,27,6,1,0.778,0.13,0
12011,Chennai,Bengaluru,2A,TQ,22,23,6,1,0.872,0.215,1
12009,Chennai,Bengaluru,2A,TQ,57,30,6,1,0.667,0.185,1
12844,Chennai,Howrah,SL,GN,59,17,6,1,0.881,0.362,0
12956,Delhi,Mumbai,3A,GN,41,22,5,1,0.856,0.055,0
12625,Chennai,New Delhi,2A,GN,36,10,2,0,0.865,0.088,1
12011,Chennai,Bengaluru,CC,TQ,60,9,2,0,0.767,0.118,0
12626,New Delhi,Chennai,3A,TQ,58,25,4,0,0.833,0.21,1
12841,Howrah,Chennai,3A,TQ,2,24,4,0,0.789,0.245,1
12621,Chennai,New Delhi,2A,GN,17,26,0,0,0.854,0.274,0
12952,Delhi,Mumbai,SL,GN,14,27,6,1,0.924,0.176,1
12952,Delhi,Mumbai,SL,GN,34,2,2,0,0.796,0.13,1
12840,Chennai,Howrah,2A,GN,26,1,5,1,0.969,0.203,0
12954,Delhi,Mumbai,2A,GN,16,8,2,0,0.761,0.143,0
12626,New Delhi,Chennai,SL,GN,48,18,5,1,0.822,0.193,1
12951,Mumbai,Delhi,2A,TQ,17,16,4,0,0.733,0.079,0
12012,Bengaluru,Chennai,SL,GN,57,1,6,1,0.836,0.223,0
12011,Chennai,Bengaluru,3A,GN,55,16,2,0,0.775,0.09,0
12011,Chennai,Bengaluru,3A,GN,22,11,2,0,0.765,0.119,1
12839,Howrah,Chennai,CC,GN,31,28,4,0,0.821,0.209,0
12844,Chennai,Howrah,SL,GN,30,26,4,0,0.826,0.244,1
12011,Chennai,Bengaluru,3A,GN,41,7,2,0,0.848,0.165,0
12623,Chennai,New Delhi,2A,GN,48,7,3,0,0.787,0.342,0
12008,Bengaluru,Chennai,2A,GN,12,17,0,0,0.785,0.194,1
12624,New Delhi,Chennai,SL,GN,40,25,6,1,0.753,0.274,1
12842,Chennai,Howrah,SL,GN,51,16,0,0,0.805,0.242,0
12011,Chennai,Bengaluru,SL,GN,26,21,6,1,0.856,0.249,1
12008,Bengaluru,Chennai,3A,TQ,12,7,2,0,0.724,0.149,0
12839,Howrah,Chennai,2A,GN,43,25,3,0,0.704,0.054,0
12953,Mumbai,Delhi,2A,TQ,40,24,6,1,0.755,0.163,0
12952,Delhi,Mumbai,3A,GN,47,12,4,0,0.952,0.075,1
12623,Chennai,New Delhi,3A,GN,30,29,1,0,0.792,0.222,1
12840,Chennai,Howrah,3A,TQ,35,24,1,0,0.88,0.384,1
12953,Mumbai,Delhi,2A,GN,21,17,1,0,0.803,0.145,0
12953,Mumbai,Delhi,2A,TQ,57,1,0,0,0.716,0.104,0
12839,Howrah,Chennai,2A,GN,5,25,1,0,0.837,0.19,1
12621,Chennai,New Delhi,3A,TQ,31,1,2,0,0.877,0.102,0
12012,Bengaluru,Chennai,CC,GN,50,28,0,0,0.733,0.115,0
12625,Chennai,New Delhi,SL,GN,52,29,2,0,0.888,0.148,1
12008,Bengaluru,Chennai,3A,GN,33,11,4,0,0.512,0.08,0
12625,Chennai,New Delhi,SL,GN,7,14,5,1,0.716,0.065,1
12955,Mumbai,Delhi,CC,GN,4,1,1,0,0.563,0.221,1
12012,Bengaluru,Chennai,CC,GN,48,23,5,1,0.683,0.03,0
12844,Chennai,Howrah,3A,GN,35,7,0,0,0.84,0.147,0
12008,Bengaluru,Chennai,CC,GN,47,28,5,1,0.758,0.163,0
12840,Chennai,Howrah,3A,GN,39,18,4,0,0.775,0.136,1
12622,New Delhi,Chennai,SL,GN,50,25,3,0,0.849,0.19,1
12841,Howrah,Chennai,3A,GN,1,29,5,1,0.858,0.159,1
12625,Chennai,New Delhi,2A,GN,31,16,6,1,0.804,0.341,1
12954,Delhi,Mumbai,CC,GN,52,20,4,0,0.934,0.236,0
12007,Chennai,Bengaluru,CC,GN,2,1,5,1,0.648,0.256,0
12843,Howrah,Chennai,3A,GN,13,7,6,1,0.675,0.296,1
12844,Chennai,Howrah,SL,GN,34,19,5,1,0.716,0.258,1
12953,Mumbai,Delhi,CC,TQ,9,22,6,1,0.871,0.2,1
12624,New Delhi,Chennai,CC,GN,15,24,3,0,0.823,0.216,1
12622,New Delhi,Chennai,CC,GN,16,4,5,1,0.579,0.157,1
12951,Mumbai,Delhi,SL,GN,42,18,4,0,0.837,0.133,0
12622,New Delhi,Chennai,SL,GN,10,14,5,1,0.755,0.147,0
12844,Chennai,Howrah,3A,TQ,46,19,5,1,0.836,0.256,0
12621,Chennai,New Delhi,2A,GN,32,8,1,0,0.686,0.31,0
12953,Mumbai,Delhi,SL,GN,20,17,2,0,0.721,0.172,1
12009,Chennai,Bengaluru,SL,TQ,32,11,1,0,0.829,0.148,1
12008,Bengaluru,Chennai,3A,GN,25,5,4,0,0.698,0.213,0
12954,Delhi,Mumbai,CC,TQ,9,2,0,0,0.683,0.154,0
12842,Chennai,Howrah,3A,TQ,46,18,0,0,0.904,0.09,1
12011,Chennai,Bengaluru,SL,TQ,19,15,2,0,0.798,0.163,1
12011,Chennai,Bengaluru,CC,GN,16,26,0,0,0.601,0.179,1
12840,Chennai,Howrah,SL,TQ,35,13,5,1,0.788,0.174,0
12009,Chennai,Bengaluru,SL,GN,28,2,6,1,0.795,0.186,0
12954,Delhi,Mumbai,SL,TQ,13,10,0,0,0.933,0.031,1
12842,Chennai,Howrah,3A,GN,4,21,2,0,0.773,0.202,1
12839,Howrah,Chennai,SL,GN,28,18,4,0,0.8,0.188,0
12840,Chennai,Howrah,CC,GN,54,14,2,0,0.619,0.181,0
12008,Bengaluru,Chennai,3A,GN,28,4,3,0,0.98,0.211,1
12010,Bengaluru,Chennai,CC,GN,26,24,1,0,0.747,0.224,0
12621,Chennai,New Delhi,2A,GN,20,30,5,1,0.855,0.284,1
12008,Bengaluru,Chennai,2A,GN,17,16,3,0,0.721,0.08,1
12956,Delhi,Mumbai,2A,GN,48,11,0,0,0.812,0.244,0
12840,Chennai,Howrah,2A,TQ,17,5,5,1,0.886,0.163,0
12843,Howrah,Chennai,SL,GN,35,12,1,0,0.65,0.12,1
12842,Chennai,Howrah,CC,GN,26,25,3,0,0.865,0.232,0
12626,New Delhi,Chennai,CC,GN,25,25,4,0,0.786,0.108,1
12011,Chennai,Bengaluru,3A,GN,32,12,2,0,0.714,0.118,0
12839,Howrah,Chennai,3A,GN,10,2,1,0,0.792,0.234,1
12840,Chennai,Howrah,CC,GN,55,8,1,0,0.819,0.054,0
12011,Chennai,Bengaluru,2A,GN,29,23,1,0,0.607,0.131,0
12841,Howrah,Chennai,SL,GN,44,24,5,1,0.881,0.395,0
12008,Bengaluru,Chennai,2A,GN,25,26,5,1,0.77,0.228,0
12012,Bengaluru,Chennai,3A,GN,53,19,3,0,0.703,0.13,1
12953,Mumbai,Delhi,3A,GN,39,13,3,0,0.815,0.1,1
12843,Howrah,Chennai,3A,GN,53,19,5,1,0.625,0.285,1
12623,Chennai,New Delhi,SL,GN,6,23,2,0,0.782,0.116,1
12952,Delhi,Mumbai,2A,GN,29,8,5,1,0.787,0.141,0
12011,Chennai,Bengaluru,3A,GN,21,22,6,1,0.802,0.389,0
12625,Chennai,New Delhi,CC,GN,24,7,0,0,0.713,0.359,0
12843,Howrah,Chennai,2A,GN,10,12,1,0,0.802,0.102,1
12007,Chennai,Bengaluru,CC,GN,36,30,2,0,0.812,0.295,0
12010,Bengaluru,Chennai,SL,GN,36,19,5,1,0.662,0.257,1
12010,Bengaluru,Chennai,2A,GN,33,9,5,1,0.857,0.143,0
12623,Chennai,New Delhi,SL,GN,30,4,1,0,0.769,0.279,1
12956,Delhi,Mumbai,2A,TQ,39,1,2,0,0.761,0.171,0
12954,Delhi,Mumbai,SL,GN,43,23,5,1,0.684,0.204,0
12009,Chennai,Bengaluru,2A,GN,50,4,2,0,0.889,0.17,0
12012,Bengaluru,Chennai,CC,GN,45,1,1,0,0.698,0.03,0
12842,Chennai,Howrah,SL,GN,16,14,6,1,0.706,0.116,1
12841,Howrah,Chennai,3A,GN,48,4,5,1,0.801,0.327,0
12842,Chennai,Howrah,2A,GN,26,30,4,0,0.756,0.361,1
12840,Chennai,Howrah,2A,TQ,45,25,2,0,0.599,0.255,1
12954,Delhi,Mumbai,CC,GN,36,17,5,1,0.705,0.173,0
12840,Chennai,Howrah,SL,TQ,10,21,0,0,0.637,0.277,1
12951,Mumbai,Delhi,3A,GN,31,17,3,0,0.731,0.332,1
12623,Chennai,New Delhi,3A,TQ,8,19,1,0,0.871,0.272,1
12624,New Delhi,Chennai,3A,TQ,2,2,4,0,0.95,0.131,1
12010,Bengaluru,Chennai,SL,GN,12,9,6,1,0.715,0.045,0
12843,Howrah,Chennai,3A,GN,8,30,4,0,0.699,0.154,1
12839,Howrah,Chennai,3A,GN,51,25,6,1,0.764,0.201,0
12621,Chennai,New Delhi,3A,GN,16,27,4,0,0.697,0.183,1
12954,Delhi,Mumbai,CC,GN,18,7,0,0,0.934,0.207,1
12624,New Delhi,Chennai,3A,GN,57,25,2,0,0.8,0.081,0
12951,Mumbai,Delhi,SL,GN,55,21,2,0,0.98,0.185,1
12843,Howrah,Chennai,3A,GN,56,10,6,1,0.719,0.124,0
12625,Chennai,New Delhi,2A,GN,12,28,3,0,0.885,0.152,0
12839,Howrah,Chennai,2A,GN,32,23,4,0,0.918,0.151,1
12953,Mumbai,Delhi,CC,GN,48,17,2,0,0.829,0.081,1
12843,Howrah,Chennai,3A,TQ,27,15,2,0,0.791,0.229,0
12953,Mumbai,Delhi,3A,TQ,25,12,0,0,0.671,0.21,0
12839,Howrah,Chennai,3A,GN,35,22,6,1,0.769,0.192,0
12951,Mumbai,Delhi,2A,GN,21,26,1,0,0.908,0.298,0
12952,Delhi,Mumbai,SL,TQ,23,25,0,0,0.907,0.087,0
12011,Chennai,Bengaluru,CC,GN,52,14,4,0,0.756,0.084,1
12008,Bengaluru,Chennai,CC,GN,1,5,0,0,0.797,0.095,1
12008,Bengaluru,Chennai,SL,GN,35,15,5,1,0.587,0.233,0
12621,Chennai,New Delhi,SL,GN,49,4,6,1,0.784,0.153,0
12010,Bengaluru,Chennai,SL,GN,9,6,5,1,0.69,0.259,0
12844,Chennai,Howrah,2A,GN,55,8,1,0,0.63,0.131,0
12839,Howrah,Chennai,2A,GN,1,10,5,1,0.894,0.12,0
12955,Mumbai,Delhi,3A,GN,55,23,1,0,0.98,0.263,1
12952,Delhi,Mumbai,CC,GN,17,2,6,1,0.754,0.172,0
12956,Delhi,Mumbai,3A,GN,30,15,4,0,0.791,0.157,1
12951,Mumbai,Delhi,2A,TQ,28,25,6,1,0.856,0.096,0
12623,Chennai,New Delhi,CC,TQ,33,17,4,0,0.87,0.137,0
12625,Chennai,New Delhi,SL,GN,27,23,2,0,0.859,0.195,1
12842,Chennai,Howrah,CC,GN,7,15,1,0,0.793,0.088,1
12011,Chennai,Bengaluru,3A,GN,24,19,2,0,0.747,0.158,1
12012,Bengaluru,Chennai,CC,GN,19,17,1,0,0.693,0.172,1
12951,Mumbai,Delhi,CC,TQ,14,17,0,0,0.819,0.184,0
12625,Chennai,New Delhi,CC,GN,16,27,3,0,0.97,0.16,1
12625,Chennai,New Delhi,3A,GN,29,3,1,0,0.852,0.18,0
12952,Delhi,Mumbai,3A,TQ,18,9,0,0,0.78,0.18,0
12626,New Delhi,Chennai,2A,GN,13,16,1,0,0.856,0.198,0
12842,Chennai,Howrah,SL,GN,10,26,5,1,0.817,0.329,1
12007,Chennai,Bengaluru,SL,GN,40,25,1,0,0.768,0.284,0
12622,New Delhi,Chennai,2A,TQ,56,18,6,1,0.788,0.238,0
12842,Chennai,Howrah,SL,GN,31,29,6,1,0.917,0.098,0
12011,Chennai,Bengaluru,SL,GN,3,14,5,1,0.874,0.211,1
12625,Chennai,New Delhi,3A,GN,25,23,0,0,0.914,0.157,1
12623,Chennai,New Delhi,3A,GN,36,29,1,0,0.749,0.19,1
12012,Bengaluru,Chennai,2A,GN,60,22,5,1,0.791,0.198,1
12953,Mumbai,Delhi,2A,GN,22,16,3,0,0.862,0.186,1
12842,Chennai,Howrah,2A,GN,9,9,5,1,0.943,0.177,1
12839,Howrah,Chennai,2A,GN,1,28,3,0,0.594,0.161,1
12955,Mumbai,Delhi,3A,GN,46,25,5,1,0.845,0.112,0
12842,Chennai,Howrah,2A,GN,38,23,6,1,0.767,0.246,0
12839,Howrah,Chennai,SL,GN,60,27,1,0,0.791,0.17,0
12007,Chennai,Bengaluru,3A,TQ,33,21,1,0,0.69,0.163,0
12011,Chennai,Bengaluru,SL,GN,19,16,2,0,0.759,0.125,1
12622,New Delhi,Chennai,2A,GN,13,16,1,0,0.844,0.134,1
12843,Howrah,Chennai,2A,GN,50,6,0,0,0.896,0.03,0
12622,New Delhi,Chennai,2A,GN,28,4,1,0,0.842,0.238,0
12007,Chennai,Bengaluru,2A,TQ,56,13,3,0,0.739,0.082,0
12951,Mumbai,Delhi,CC,GN,42,1,6,1,0.67,0.222,0
12012,Bengaluru,Chennai,3A,GN,12,25,2,0,0.547,0.15,1
12625,Chennai,New Delhi,SL,TQ,44,29,0,0,0.632,0.116,0
12008,Bengaluru,Chennai,CC,GN,30,16,1,0,0.681,0.132,0
12841,Howrah,Chennai,2A,GN,17,9,0,0,0.672,0.113,0
12955,Mumbai,Delhi,CC,GN,13,27,2,0,0.649,0.159,0
12010,Bengaluru,Chennai,2A,GN,24,6,1,0,0.797,0.052,0
12625,Chennai,New Delhi,SL,GN,34,24,0,0,0.857,0.175,0
12844,Chennai,Howrah,SL,TQ,22,19,2,0,0.7,0.187,1
12622,New Delhi,Chennai,3A,GN,25,25,5,1,0.909,0.305,1
12623,Chennai,New Delhi,CC,GN,34,14,6,1,0.792,0.03,0
12954,Delhi,Mumbai,SL,GN,14,10,5,1,0.705,0.197,1
12843,Howrah,Chennai,SL,GN,58,15,0,0,0.908,0.168,1
12956,Delhi,Mumbai,CC,GN,36,11,2,0,0.626,0.204,0
12622,New Delhi,Chennai,CC,GN,20,22,5,1,0.827,0.101,1
12842,Chennai,Howrah,3A,GN,33,25,6,1,0.98,0.162,1
12951,Mumbai,Delhi,CC,GN,14,16,4,0,0.809,0.135,1
12625,Chennai,New Delhi,2A,GN,16,26,2,0,0.636,0.082,0
12956,Delhi,Mumbai,CC,GN,31,30,2,0,0.853,0.092,1
12624,New Delhi,Chennai,3A,GN,55,12,3,0,0.823,0.151,0
12011,Chennai,Bengaluru,CC,GN,49,1,5,1,0.697,0.284,0
12954,Delhi,Mumbai,CC,GN,54,23,4,0,0.825,0.214,0
12953,Mumbai,Delhi,2A,GN,36,13,3,0,0.737,0.052,0
12010,Bengaluru,Chennai,SL,GN,47,27,2,0,0.748,0.229,0
12844,Chennai,Howrah,SL,GN,59,3,5,1,0.98,0.275,0
12951,Mumbai,Delhi,3A,GN,37,9,4,0,0.763,0.18,0
12622,New Delhi,Chennai,CC,GN,48,17,3,0,0.719,0.181,0
12840,Chennai,Howrah,3A,GN,10,16,3,0,0.886,0.041,1
12009,Chennai,Bengaluru,SL,GN,34,27,6,1,0.855,0.181,0
12953,Mumbai,Delhi,SL,GN,24,2,1,0,0.724,0.186,0
12622,New Delhi,Chennai,3A,GN,8,18,3,0,0.748,0.161,0
12841,Howrah,Chennai,SL,GN,57,6,3,0,0.704,0.073,0
12951,Mumbai,Delhi,SL,GN,37,13,2,0,0.737,0.075,0
12007,Chennai,Bengaluru,CC,GN,4,10,1,0,0.779,0.175,1
12625,Chennai,New Delhi,SL,GN,41,2,2,0,0.866,0.257,0
12012,Bengaluru,Chennai,3A,GN,38,6,5,1,0.748,0.289,1
12011,Chennai,Bengaluru,CC,GN,33,28,0,0,0.723,0.297,1
12626,New Delhi,Chennai,2A,GN,2,27,2,0,0.716,0.213,1
12955,Mumbai,Delhi,SL,GN,42,5,5,1,0.733,0.167,0
12842,Chennai,Howrah,SL,TQ,13,22,6,1,0.815,0.231,0
12008,Bengaluru,Chennai,2A,GN,21,18,5,1,0.848,0.188,0
12953,Mumbai,Delhi,2A,TQ,49,3,6,1,0.767,0.232,0
12843,Howrah,Chennai,2A,GN,47,11,5,1,0.866,0.15,0
12840,Chennai,Howrah,3A,GN,25,29,0,0,0.88,0.179,1
12623,Chennai,New Delhi,CC,GN,3,18,1,0,0.884,0.24,1
12011,Chennai,Bengaluru,CC,TQ,24,4,3,0,0.744,0.225,1
12012,Bengaluru,Chennai,3A,GN,39,2,2,0,0.744,0.245,0
12841,Howrah,Chennai,2A,GN,14,26,5,1,0.801,0.23,1
12952,Delhi,Mumbai,2A,GN,60,25,2,0,0.74,0.176,0
12622,New Delhi,Chennai,3A,GN,57,2,2,0,0.747,0.176,0
12839,Howrah,Chennai,CC,GN,12,18,1,0,0.748,0.238,1
12843,Howrah,Chennai,3A,GN,12,10,2,0,0.856,0.225,1
12955,Mumbai,Delhi,SL,GN,60,10,6,1,0.945,0.238,1
12007,Chennai,Bengaluru,2A,GN,20,3,6,1,0.754,0.152,0
12010,Bengaluru,Chennai,SL,GN,30,8,5,1,0.747,0.102,1
12841,Howrah,Chennai,SL,GN,45,21,0,0,0.663,0.109,1
12010,Bengaluru,Chennai,2A,GN,52,24,6,1,0.88,0.185,0
12622,New Delhi,Chennai,2A,TQ,24,13,4,0,0.757,0.111,0
12621,Chennai,New Delhi,3A,TQ,14,3,4,0,0.603,0.108,0
12625,Chennai,New Delhi,SL,GN,22,2,0,0,0.777,0.155,1
12626,New Delhi,Chennai,CC,GN,27,19,4,0,0.775,0.173,0
12626,New Delhi,Chennai,2A,GN,11,9,2,0,0.641,0.201,1
12623,Chennai,New Delhi,CC,GN,21,8,0,0,0.839,0.144,0
12010,Bengaluru,Chennai,SL,GN,51,20,1,0,0.845,0.058,0
12953,Mumbai,Delhi,SL,GN,8,10,6,1,0.734,0.251,1
12624,New Delhi,Chennai,SL,GN,11,29,6,1,0.808,0.139,1
12011,Chennai,Bengaluru,3A,GN,42,19,2,0,0.671,0.269,0
12842,Chennai,Howrah,CC,GN,38,30,0,0,0.771,0.206,1
12010,Bengaluru,Chennai,SL,GN,22,13,0,0,0.852,0.177,0
12625,Chennai,New Delhi,CC,GN,26,4,1,0,0.885,0.258,1
12840,Chennai,Howrah,CC,GN,51,29,4,0,0.767,0.155,0
12010,Bengaluru,Chennai,CC,TQ,25,5,2,0,0.761,0.122,0
12841,Howrah,Chennai,2A,GN,39,26,5,1,0.882,0.04,0
12839,Howrah,Chennai,SL,GN,38,2,1,0,0.884,0.191,0
12007,Chennai,Bengaluru,3A,GN,44,3,4,0,0.854,0.298,1
12624,New Delhi,Chennai,CC,GN,6,24,1,0,0.831,0.217,0
12007,Chennai,Bengaluru,CC,GN,42,1,2,0,0.906,0.262,0
12621,Chennai,New Delhi,2A,GN,35,23,5,1,0.675,0.204,0
12842,Chennai,Howrah,2A,TQ,19,17,5,1,0.646,0.259,0
12951,Mumbai,Delhi,3A,TQ,36,4,0,0,0.721,0.179,0
12624,New Delhi,Chennai,CC,TQ,21,22,0,0,0.829,0.101,1
12840,Chennai,Howrah,CC,GN,16,16,4,0,0.791,0.104,1
12011,Chennai,Bengaluru,CC,GN,18,17,6,1,0.677,0.192,1
12010,Bengaluru,Chennai,CC,GN,44,30,3,0,0.758,0.071,0
12955,Mumbai,Delhi,2A,GN,30,12,0,0,0.772,0.179,0
12840,Chennai,Howrah,2A,GN,21,20,2,0,0.666,0.066,0
12952,Delhi,Mumbai,2A,GN,5,2,4,0,0.679,0.167,1
12841,Howrah,Chennai,3A,GN,11,4,2,0,0.767,0.122,1
12952,Delhi,Mumbai,SL,GN,54,24,3,0,0.829,0.162,0
12840,Chennai,Howrah,SL,GN,40,11,6,1,0.643,0.162,0
12844,Chennai,Howrah,SL,TQ,32,15,4,0,0.861,0.072,0
12621,Chennai,New Delhi,2A,GN,32,9,6,1,0.546,0.097,0
12012,Bengaluru,Chennai,3A,GN,9,14,2,0,0.786,0.129,0
12012,Bengaluru,Chennai,SL,GN,13,24,4,0,0.891,0.269,1
12840,Chennai,Howrah,2A,GN,52,7,3,0,0.888,0.18,0
12955,Mumbai,Delhi,CC,TQ,32,11,5,1,0.742,0.283,0
12953,Mumbai,Delhi,2A,GN,17,2,3,0,0.698,0.237,1
12953,Mumbai,Delhi,CC,GN,14,7,2,0,0.791,0.195,1
12008,Bengaluru,Chennai,2A,GN,7,8,6,1,0.697,0.078,1
12840,Chennai,Howrah,2A,GN,58,6,1,0,0.826,0.273,0
12841,Howrah,Chennai,3A,GN,27,18,5,1,0.812,0.18,0
12010,Bengaluru,Chennai,3A,GN,3,21,0,0,0.666,0.178,1
12624,New Delhi,Chennai,3A,GN,46,21,4,0,0.79,0.243,0
12626,New Delhi,Chennai,SL,GN,36,18,6,1,0.856,0.256,0
12011,Chennai,Bengaluru,3A,TQ,22,1,1,0,0.664,0.115,0
12008,Bengaluru,Chennai,3A,TQ,48,27,1,0,0.77,0.229,0
12840,Chennai,Howrah,3A,GN,42,30,3,0,0.777,0.212,0
12622,New Delhi,Chennai,SL,GN,60,30,3,0,0.624,0.198,0
12953,Mumbai,Delhi,3A,GN,48,7,0,0,0.819,0.127,0
12844,Chennai,Howrah,SL,GN,60,22,1,0,0.82,0.185,1
12009,Chennai,Bengaluru,3A,GN,40,22,2,0,0.733,0.14,1
12621,Chennai,New Delhi,SL,GN,48,22,6,1,0.697,0.122,0
12625,Chennai,New Delhi,2A,GN,17,21,2,0,0.811,0.33,0
12843,Howrah,Chennai,3A,GN,55,6,5,1,0.925,0.332,1
12624,New Delhi,Chennai,3A,GN,38,24,0,0,0.942,0.055,0
12625,Chennai,New Delhi,CC,GN,52,25,6,1,0.651,0.13,0
12839,Howrah,Chennai,CC,GN,41,25,0,0,0.738,0.232,0
12622,New Delhi,Chennai,2A,TQ,52,4,5,1,0.752,0.254,0
12842,Chennai,Howrah,CC,GN,42,25,0,0,0.884,0.199,0
12010,Bengaluru,Chennai,2A,TQ,15,13,2,0,0.729,0.292,0
12951,Mumbai,Delhi,2A,GN,35,11,2,0,0.656,0.226,1
12842,Chennai,Howrah,2A,GN,43,17,1,0,0.675,0.091,0
12954,Delhi,Mumbai,CC,GN,7,1,3,0,0.708,0.195,0
12624,New Delhi,Chennai,2A,GN,15,14,0,0,0.836,0.112,0
12008,Bengaluru,Chennai,2A,GN,22,22,0,0,0.678,0.108,1
12952,Delhi,Mumbai,3A,GN,42,22,5,1,0.635,0.185,0
12011,Chennai,Bengaluru,CC,GN,34,4,5,1,0.693,0.126,0
12012,Bengaluru,Chennai,2A,GN,60,29,4,0,0.601,0.172,1
12626,New Delhi,Chennai,3A,GN,20,29,3,0,0.855,0.088,1
12012,Bengaluru,Chennai,3A,GN,43,13,2,0,0.783,0.164,0
12007,Chennai,Bengaluru,SL,TQ,45,6,5,1,0.657,0.211,0
12953,Mumbai,Delhi,3A,TQ,45,19,0,0,0.751,0.296,0
12953,Mumbai,Delhi,SL,GN,41,16,1,0,0.62,0.192,1
12951,Mumbai,Delhi,2A,GN,10,28,1,0,0.934,0.166,0
12624,New Delhi,Chennai,2A,GN,7,26,2,0,0.64,0.116,1
12010,Bengaluru,Chennai,CC,GN,36,20,4,0,0.814,0.117,1
12621,Chennai,New Delhi,3A,GN,55,28,1,0,0.789,0.244,1
12625,Chennai,New Delhi,SL,GN,48,1,2,0,0.833,0.158,0
12955,Mumbai,Delhi,SL,GN,9,9,0,0,0.86,0.03,1
12008,Bengaluru,Chennai,SL,GN,24,30,1,0,0.786,0.122,1
12008,Bengaluru,Chennai,3A,GN,4,26,6,1,0.834,0.159,1
12956,Delhi,Mumbai,2A,GN,47,28,0,0,0.814,0.2,1
12009,Chennai,Bengaluru,3A,GN,16,30,5,1,0.845,0.183,1
12954,Delhi,Mumbai,SL,TQ,57,19,0,0,0.6,0.113,0
12955,Mumbai,Delhi,SL,GN,34,18,6,1,0.894,0.214,1
12842,Chennai,Howrah,2A,TQ,47,15,2,0,0.711,0.229,0
12011,Chennai,Bengaluru,CC,GN,12,7,6,1,0.822,0.285,0
12842,Chennai,Howrah,3A,TQ,7,28,1,0,0.872,0.214,1
12840,Chennai,Howrah,SL,GN,43,8,6,1,0.939,0.28,0
12624,New Delhi,Chennai,2A,GN,50,25,0,0,0.81,0.173,0
12843,Howrah,Chennai,CC,GN,12,4,2,0,0.782,0.14,0
12956,Delhi,Mumbai,CC,GN,23,23,1,0,0.821,0.142,0
12956,Delhi,Mumbai,2A,GN,3,6,1,0,0.729,0.124,1
12625,Chennai,New Delhi,3A,GN,2,21,1,0,0.949,0.303,1
12954,Delhi,Mumbai,2A,GN,25,1,2,0,0.896,0.21,0
12621,Chennai,New Delhi,CC,GN,40,12,6,1,0.79,0.229,0
12955,Mumbai,Delhi,3A,GN,5,30,3,0,0.857,0.24,1
12844,Chennai,Howrah,CC,GN,32,19,2,0,0.83,0.245,1
12844,Chennai,Howrah,SL,GN,27,9,4,0,0.563,0.175,0
12954,Delhi,Mumbai,SL,GN,53,28,1,0,0.739,0.106,1
12010,Bengaluru,Chennai,SL,GN,35,20,1,0,0.823,0.248,1
12842,Chennai,Howrah,2A,GN,33,30,6,1,0.812,0.037,1
12841,Howrah,Chennai,2A,TQ,3,25,0,0,0.781,0.21,1
12951,Mumbai,Delhi,CC,TQ,27,22,5,1,0.891,0.16,0
12840,Chennai,Howrah,SL,GN,53,4,4,0,0.653,0.262,0
12624,New Delhi,Chennai,SL,GN,22,22,1,0,0.863,0.304,0
12625,Chennai,New Delhi,3A,GN,22,27,6,1,0.735,0.196,0
12625,Chennai,New Delhi,CC,GN,41,8,5,1,0.961,0.12,0
12622,New Delhi,Chennai,CC,GN,56,12,0,0,0.74,0.176,0
12840,Chennai,Howrah,CC,GN,59,20,6,1,0.789,0.071,0
12841,Howrah,Chennai,CC,GN,29,3,3,0,0.722,0.054,0
12951,Mumbai,Delhi,3A,GN,37,13,0,0,0.854,0.199,1
12010,Bengaluru,Chennai,3A,TQ,23,8,1,0,0.78,0.336,0
12007,Chennai,Bengaluru,2A,GN,48,20,6,1,0.815,0.238,1
12008,Bengaluru,Chennai,3A,GN,20,10,2,0,0.554,0.173,1
12956,Delhi,Mumbai,2A,GN,29,6,3,0,0.823,0.175,0
12621,Chennai,New Delhi,2A,GN,20,16,6,1,0.719,0.169,1
12841,Howrah,Chennai,3A,GN,58,29,4,0,0.727,0.248,1
12623,Chennai,New Delhi,CC,GN,16,28,2,0,0.691,0.234,1
12841,Howrah,Chennai,2A,GN,40,7,2,0,0.743,0.248,0
12011,Chennai,Bengaluru,3A,GN,26,5,3,0,0.677,0.206,0
12953,Mumbai,Delhi,2A,GN,10,1,2,0,0.656,0.056,1
12955,Mumbai,Delhi,3A,GN,6,20,6,1,0.678,0.13,0
12010,Bengaluru,Chennai,2A,GN,24,21,0,0,0.644,0.138,0
12008,Bengaluru,Chennai,3A,GN,52,2,0,0,0.812,0.278,0
12956,Delhi,Mumbai,3A,GN,37,21,0,0,0.942,0.23,0
12011,Chennai,Bengaluru,SL,GN,7,23,2,0,0.764,0.254,1
12955,Mumbai,Delhi,2A,GN,8,14,4,0,0.693,0.194,0
12011,Chennai,Bengaluru,3A,GN,32,8,4,0,0.871,0.236,0
12842,Chennai,Howrah,CC,GN,50,10,0,0,0.896,0.134,0
12621,Chennai,New Delhi,3A,GN,30,19,6,1,0.841,0.217,0
12954,Delhi,Mumbai,CC,GN,3,9,1,0,0.969,0.222,1
12951,Mumbai,Delhi,CC,GN,11,18,6,1,0.833,0.261,0
12008,Bengaluru,Chennai,CC,GN,52,15,0,0,0.728,0.089,0
12011,Chennai,Bengaluru,2A,GN,42,9,0,0,0.684,0.169,0
12009,Chennai,Bengaluru,2A,GN,7,8,5,1,0.692,0.241,0
12012,Bengaluru,Chennai,CC,GN,52,5,3,0,0.747,0.116,0
12622,New Delhi,Chennai,SL,GN,35,22,1,0,0.691,0.303,0
12621,Chennai,New Delhi,3A,GN,23,25,1,0,0.865,0.196,1
12624,New Delhi,Chennai,SL,GN,8,14,6,1,0.638,0.061,0
12012,Bengaluru,Chennai,CC,GN,52,23,4,0,0.699,0.135,0
12626,New Delhi,Chennai,SL,GN,44,20,0,0,0.846,0.161,1
12621,Chennai,New Delhi,CC,GN,52,16,2,0,0.711,0.076,0
12010,Bengaluru,Chennai,SL,GN,53,1,5,1,0.705,0.122,0
12954,Delhi,Mumbai,SL,TQ,34,5,1,0,0.71,0.087,0
12840,Chennai,Howrah,CC,GN,50,16,3,0,0.884,0.246,0
12622,New Delhi,Chennai,3A,GN,17,3,3,0,0.724,0.218,0
12954,Delhi,Mumbai,SL,GN,51,21,5,1,0.903,0.166,0
12841,Howrah,Chennai,3A,GN,23,18,2,0,0.82,0.314,1
12626,New Delhi,Chennai,3A,GN,8,5,2,0,0.78,0.147,1
12955,Mumbai,Delhi,2A,GN,55,24,4,0,0.911,0.086,0
12955,Mumbai,Delhi,3A,GN,44,5,1,0,0.842,0.2,0
12009,Chennai,Bengaluru,2A,GN,20,6,2,0,0.98,0.169,0
12008,Bengaluru,Chennai,3A,GN,16,4,6,1,0.911,0.126,1
12841,Howrah,Chennai,SL,GN,58,23,1,0,0.783,0.337,0
12623,Chennai,New Delhi,2A,GN,38,15,2,0,0.743,0.158,1
12624,New Delhi,Chennai,SL,GN,28,3,1,0,0.813,0.228,1
12841,Howrah,Chennai,3A,GN,33,9,2,0,0.672,0.114,0
12623,Chennai,New Delhi,3A,TQ,16,8,6,1,0.9,0.148,0
12007,Chennai,Bengaluru,CC,TQ,58,26,5,1,0.896,0.206,0
12011,Chennai,Bengaluru,CC,GN,16,9,1,0,0.751,0.107,0
12012,Bengaluru,Chennai,3A,GN,13,3,0,0,0.701,0.159,1
12012,Bengaluru,Chennai,3A,GN,7,15,3,0,0.952,0.21,1
12010,Bengaluru,Chennai,SL,TQ,48,20,0,0,0.794,0.316,1
12011,Chennai,Bengaluru,SL,GN,60,13,5,1,0.778,0.193,0
12952,Delhi,Mumbai,2A,GN,7,16,1,0,0.847,0.03,1
12843,Howrah,Chennai,CC,GN,21,2,5,1,0.791,0.206,0
12951,Mumbai,Delhi,CC,GN,47,28,0,0,0.98,0.221,0
12844,Chennai,Howrah,CC,GN,1,20,2,0,0.926,0.165,1
12956,Delhi,Mumbai,3A,GN,21,15,5,1,0.756,0.248,1
12621,Chennai,New Delhi,2A,TQ,48,13,0,0,0.716,0.229,0
12951,Mumbai,Delhi,CC,GN,36,6,1,0,0.726,0.262,0
12012,Bengaluru,Chennai,3A,GN,12,25,0,0,0.811,0.178,1
12956,Delhi,Mumbai,SL,GN,10,17,6,1,0.892,0.102,1
12622,New Delhi,Chennai,CC,GN,13,10,5,1,0.489,0.079,1
12953,Mumbai,Delhi,CC,GN,6,29,0,0,0.98,0.133,1
12626,New Delhi,Chennai,3A,GN,12,14,1,0,0.815,0.084,1
12954,Delhi,Mumbai,CC,GN,60,28,2,0,0.713,0.107,0
12012,Bengaluru,Chennai,SL,GN,58,25,5,1,0.763,0.13,1
12843,Howrah,Chennai,CC,TQ,11,13,0,0,0.809,0.157,1
12843,Howrah,Chennai,SL,TQ,48,28,4,0,0.722,0.198,0
12624,New Delhi,Chennai,SL,GN,32,15,1,0,0.862,0.186,1
12007,Chennai,Bengaluru,3A,GN,10,29,5,1,0.724,0.167,1
12843,Howrah,Chennai,CC,TQ,12,26,0,0,0.806,0.157,0
12623,Chennai,New Delhi,2A,GN,21,1,4,0,0.843,0.209,0
12956,Delhi,Mumbai,SL,GN,11,8,1,0,0.811,0.159,1
12621,Chennai,New Delhi,SL,GN,56,1,4,0,0.744,0.156,0
12625,Chennai,New Delhi,3A,GN,60,22,5,1,0.765,0.093,0
12012,Bengaluru,Chennai,3A,GN,43,17,0,0,0.721,0.154,0
12953,Mumbai,Delhi,3A,GN,55,21,0,0,0.705,0.06,0
12008,Bengaluru,Chennai,CC,GN,13,19,3,0,0.803,0.263,0
12621,Chennai,New Delhi,2A,TQ,45,21,4,0,0.932,0.142,0
12843,Howrah,Chennai,SL,GN,31,6,0,0,0.599,0.243,0
12956,Delhi,Mumbai,3A,GN,52,22,3,0,0.817,0.2,0
12008,Bengaluru,Chennai,3A,TQ,6,21,3,0,0.826,0.198,1
12954,Delhi,Mumbai,2A,GN,47,27,1,0,0.738,0.117,0
12010,Bengaluru,Chennai,CC,GN,14,10,4,0,0.681,0.116,0
12007,Chennai,Bengaluru,SL,GN,46,4,0,0,0.759,0.225,0
12008,Bengaluru,Chennai,CC,GN,35,17,0,0,0.766,0.212,0
12007,Chennai,Bengaluru,3A,TQ,11,6,6,1,0.709,0.078,0
12626,New Delhi,Chennai,3A,GN,46,2,5,1,0.761,0.064,0
12010,Bengaluru,Chennai,2A,TQ,22,7,1,0,0.646,0.175,0
12009,Chennai,Bengaluru,3A,GN,22,20,1,0,0.701,0.147,1
12953,Mumbai,Delhi,CC,GN,41,2,0,0,0.731,0.153,0
12623,Chennai,New Delhi,CC,GN,54,17,2,0,0.733,0.113,0
12625,Chennai,New Delhi,CC,GN,28,24,6,1,0.79,0.109,0
12840,Chennai,Howrah,SL,TQ,52,15,1,0,0.957,0.275,0
12843,Howrah,Chennai,2A,GN,25,22,1,0,0.816,0.101,1
12621,Chennai,New Delhi,SL,GN,23,21,5,1,0.874,0.103,0
12844,Chennai,Howrah,CC,GN,35,17,0,0,0.512,0.096,1
12842,Chennai,Howrah,3A,GN,47,1,4,0,0.802,0.162,0
12839,Howrah,Chennai,SL,GN,24,15,3,0,0.549,0.089,1
12955,Mumbai,Delhi,CC,GN,39,14,0,0,0.903,0.208,1
12843,Howrah,Chennai,2A,TQ,53,2,2,0,0.97,0.178,0
12951,Mumbai,Delhi,CC,GN,25,9,1,0,0.826,0.124,0
12625,Chennai,New Delhi,SL,GN,40,18,1,0,0.569,0.212,0
12955,Mumbai,Delhi,SL,GN,11,5,3,0,0.76,0.125,1
12954,Delhi,Mumbai,CC,GN,55,25,4,0,0.905,0.246,1
12844,Chennai,Howrah,CC,GN,29,19,0,0,0.76,0.216,1
12009,Chennai,Bengaluru,CC,GN,46,30,2,0,0.808,0.15,1
12953,Mumbai,Delhi,3A,TQ,20,22,2,0,0.776,0.129,0
12624,New Delhi,Chennai,2A,TQ,39,21,1,0,0.681,0.305,0
12951,Mumbai,Delhi,CC,GN,2,25,2,0,0.967,0.157,1
12626,New Delhi,Chennai,2A,GN,58,8,2,0,0.903,0.203,0
12842,Chennai,Howrah,CC,GN,40,29,5,1,0.808,0.081,0
12956,Delhi,Mumbai,3A,TQ,56,12,4,0,0.821,0.238,0
12951,Mumbai,Delhi,SL,TQ,22,15,3,0,0.622,0.28,0
12625,Chennai,New Delhi,3A,GN,31,3,2,0,0.74,0.265,0
12953,Mumbai,Delhi,CC,TQ,48,24,3,0,0.846,0.035,1
12839,Howrah,Chennai,SL,GN,40,19,1,0,0.784,0.283,0
12623,Chennai,New Delhi,SL,GN,26,17,4,0,0.917,0.168,0
12623,Chennai,New Delhi,3A,GN,21,9,3,0,0.743,0.068,0
12621,Chennai,New Delhi,3A,GN,5,18,1,0,0.498,0.166,1
12621,Chennai,New Delhi,SL,TQ,44,8,5,1,0.518,0.159,0
12951,Mumbai,Delhi,SL,GN,9,13,4,0,0.961,0.204,1
12844,Chennai,Howrah,SL,TQ,56,6,6,1,0.739,0.134,0
12007,Chennai,Bengaluru,3A,GN,14,18,3,0,0.812,0.177,1
12623,Chennai,New Delhi,SL,TQ,36,6,5,1,0.812,0.125,0
12955,Mumbai,Delhi,SL,TQ,54,27,6,1,0.713,0.116,1
12952,Delhi,Mumbai,SL,GN,40,11,5,1,0.83,0.109,0
12840,Chennai,Howrah,2A,GN,28,4,2,0,0.769,0.161,0
12843,Howrah,Chennai,CC,GN,50,4,1,0,0.834,0.137,0
12955,Mumbai,Delhi,3A,GN,21,6,2,0,0.925,0.102,0
12007,Chennai,Bengaluru,3A,GN,57,23,3,0,0.805,0.133,0
12842,Chennai,Howrah,SL,GN,32,4,0,0,0.748,0.239,0
12007,Chennai,Bengaluru,3A,TQ,50,7,1,0,0.793,0.19,0
12625,Chennai,New Delhi,CC,GN,17,11,2,0,0.874,0.1,1
12624,New Delhi,Chennai,SL,GN,29,1,0,0,0.893,0.172,0
12623,Chennai,New Delhi,CC,TQ,42,8,1,0,0.752,0.101,0
12008,Bengaluru,Chennai,2A,GN,19,11,5,1,0.837,0.182,0
12954,Delhi,Mumbai,3A,GN,36,13,2,0,0.568,0.123,1
12621,Chennai,New Delhi,SL,TQ,27,24,2,0,0.765,0.274,1
12955,Mumbai,Delhi,3A,GN,25,2,1,0,0.784,0.25,0
12624,New Delhi,Chennai,SL,GN,28,28,3,0,0.885,0.147,0
12626,New Delhi,Chennai,SL,GN,49,24,2,0,0.753,0.208,0
12626,New Delhi,Chennai,2A,GN,56,17,2,0,0.724,0.201,0
12008,Bengaluru,Chennai,2A,GN,9,27,0,0,0.842,0.254,1
12621,Chennai,New Delhi,SL,GN,3,6,3,0,0.738,0.181,1
12007,Chennai,Bengaluru,SL,GN,37,20,0,0,0.749,0.131,1
12844,Chennai,Howrah,SL,GN,42,15,3,0,0.656,0.046,1
12011,Chennai,Bengaluru,3A,GN,11,5,6,1,0.784,0.219,1
12007,Chennai,Bengaluru,2A,GN,59,22,1,0,0.718,0.185,0
12008,Bengaluru,Chennai,CC,GN,48,1,6,1,0.885,0.147,0
12839,Howrah,Chennai,CC,GN,35,13,2,0,0.784,0.263,0
12951,Mumbai,Delhi,2A,TQ,4,28,0,0,0.772,0.188,0
12010,Bengaluru,Chennai,3A,GN,40,24,3,0,0.864,0.144,1
12841,Howrah,Chennai,CC,GN,21,18,3,0,0.858,0.24,0
12840,Chennai,Howrah,CC,GN,30,2,3,0,0.98,0.163,1
12842,Chennai,Howrah,SL,GN,28,13,1,0,0.8,0.097,1
12956,Delhi,Mumbai,2A,GN,53,11,1,0,0.798,0.104,0
12623,Chennai,New Delhi,2A,GN,59,21,1,0,0.819,0.142,0
12951,Mumbai,Delhi,3A,GN,57,6,2,0,0.849,0.226,0
12839,Howrah,Chennai,2A,TQ,59,26,4,0,0.72,0.245,0
12622,New Delhi,Chennai,2A,GN,40,14,3,0,0.865,0.107,1
12621,Chennai,New Delhi,CC,GN,17,17,6,1,0.666,0.232,1
12951,Mumbai,Delhi,CC,GN,42,22,4,0,0.78,0.083,0
12952,Delhi,Mumbai,SL,GN,36,27,3,0,0.816,0.207,1
12956,Delhi,Mumbai,3A,GN,42,22,0,0,0.833,0.041,1
12842,Chennai,Howrah,3A,GN,16,27,5,1,0.843,0.16,1
12010,Bengaluru,Chennai,SL,GN,6,22,4,0,0.626,0.181,1
12956,Delhi,Mumbai,SL,TQ,36,30,1,0,0.807,0.214,1
12008,Bengaluru,Chennai,2A,GN,4,13,1,0,0.858,0.096,1
12007,Chennai,Bengaluru,2A,GN,53,25,0,0,0.959,0.264,1
12010,Bengaluru,Chennai,2A,GN,36,22,2,0,0.908,0.221,0
12624,New Delhi,Chennai,CC,GN,35,12,6,1,0.9,0.142,0
12626,New Delhi,Chennai,3A,GN,55,21,1,0,0.796,0.114,0
12011,Chennai,Bengaluru,CC,GN,49,23,6,1,0.926,0.058,1
12953,Mumbai,Delhi,3A,GN,53,21,3,0,0.824,0.165,0
12011,Chennai,Bengaluru,CC,GN,30,27,6,1,0.655,0.176,1
12011,Chennai,Bengaluru,3A,TQ,57,6,6,1,0.829,0.048,0
12009,Chennai,Bengaluru,2A,GN,14,14,1,0,0.816,0.209,0
12626,New Delhi,Chennai,3A,GN,3,18,6,1,0.756,0.207,1
12007,Chennai,Bengaluru,SL,GN,35,15,4,0,0.887,0.207,1
12956,Delhi,Mumbai,3A,GN,2,18,0,0,0.923,0.188,1
12010,Bengaluru,Chennai,3A,TQ,19,14,4,0,0.747,0.226,1
12839,Howrah,Chennai,SL,GN,11,7,4,0,0.871,0.129,0
12842,Chennai,Howrah,2A,TQ,35,27,4,0,0.711,0.21,0
12956,Delhi,Mumbai,CC,GN,22,14,6,1,0.731,0.252,0
12954,Delhi,Mumbai,SL,GN,46,30,5,1,0.792,0.262,1
12625,Chennai,New Delhi,2A,GN,33,19,1,0,0.709,0.169,1
12010,Bengaluru,Chennai,2A,GN,55,21,5,1,0.805,0.17,1
12951,Mumbai,Delhi,2A,GN,52,17,5,1,0.628,0.204,0
12840,Chennai,Howrah,2A,GN,34,2,3,0,0.899,0.092,0
12844,Chennai,Howrah,CC,GN,51,22,3,0,0.736,0.289,0
12625,Chennai,New Delhi,3A,GN,45,16,4,0,0.594,0.126,0
12843,Howrah,Chennai,SL,GN,59,1,6,1,0.812,0.223,1
12624,New Delhi,Chennai,3A,GN,27,24,2,0,0.844,0.221,1
12625,Chennai,New Delhi,2A,GN,42,14,2,0,0.912,0.178,0
12844,Chennai,Howrah,SL,GN,30,10,3,0,0.953,0.231,1
12009,Chennai,Bengaluru,3A,GN,56,23,1,0,0.822,0.278,0
12956,Delhi,Mumbai,SL,GN,12,21,4,0,0.763,0.173,1
12840,Chennai,Howrah,SL,GN,26,12,0,0,0.778,0.15,1
12009,Chennai,Bengaluru,2A,GN,9,9,1,0,0.76,0.172,0
12843,Howrah,Chennai,CC,GN,1,13,5,1,0.8,0.235,1
12842,Chennai,Howrah,SL,GN,17,18,4,0,0.84,0.269,1
12624,New Delhi,Chennai,3A,GN,51,4,1,0,0.668,0.184,0
12954,Delhi,Mumbai,3A,GN,40,24,1,0,0.852,0.134,1
12954,Delhi,Mumbai,2A,GN,60,19,3,0,0.693,0.119,0
12012,Bengaluru,Chennai,3A,GN,43,7,6,1,0.754,0.231,0
12953,Mumbai,Delhi,3A,GN,22,26,5,1,0.71,0.155,1
12842,Chennai,Howrah,SL,GN,36,28,1,0,0.684,0.193,0
12011,Chennai,Bengaluru,SL,GN,25,26,2,0,0.745,0.14,1
12840,Chennai,Howrah,SL,TQ,46,6,4,0,0.98,0.284,0
12839,Howrah,Chennai,2A,TQ,55,27,0,0,0.686,0.271,0
12842,Chennai,Howrah,2A,GN,37,23,4,0,0.967,0.18,0
12012,Bengaluru,Chennai,2A,GN,2,3,5,1,0.705,0.172,0
12955,Mumbai,Delhi,CC,TQ,41,4,6,1,0.841,0.295,0
12007,Chennai,Bengaluru,SL,GN,22,2,3,0,0.78,0.184,0
12622,New Delhi,Chennai,2A,GN,24,11,6,1,0.705,0.256,0
12841,Howrah,Chennai,SL,GN,33,3,6,1,0.639,0.196,0
12840,Chennai,Howrah,CC,TQ,52,30,5,1,0.766,0.188,0
12007,Chennai,Bengaluru,2A,GN,13,7,6,1,0.664,0.17,1
12954,Delhi,Mumbai,CC,GN,23,6,4,0,0.835,0.259,0
12954,Delhi,Mumbai,2A,GN,59,3,1,0,0.887,0.299,0
12621,Chennai,New Delhi,2A,GN,37,28,0,0,0.711,0.166,0
12843,Howrah,Chennai,CC,GN,44,24,1,0,0.759,0.4,1
12011,Chennai,Bengaluru,2A,GN,36,6,6,1,0.684,0.064,1
12844,Chennai,Howrah,3A,GN,19,19,3,0,0.954,0.299,1
12009,Chennai,Bengaluru,CC,GN,14,5,5,1,0.873,0.107,1
12621,Chennai,New Delhi,2A,GN,54,15,6,1,0.826,0.145,1
12624,New Delhi,Chennai,SL,GN,6,4,2,0,0.921,0.114,0
12622,New Delhi,Chennai,2A,TQ,12,17,4,0,0.808,0.243,1
12839,Howrah,Chennai,3A,GN,26,29,4,0,0.966,0.199,1
12624,New Delhi,Chennai,2A,TQ,25,10,4,0,0.839,0.11,0
12839,Howrah,Chennai,2A,GN,12,20,1,0,0.813,0.1,1
12954,Delhi,Mumbai,SL,GN,12,7,3,0,0.575,0.264,0
12843,Howrah,Chennai,3A,GN,42,29,5,1,0.836,0.215,0
12625,Chennai,New Delhi,SL,GN,7,11,5,1,0.828,0.109,0
12012,Bengaluru,Chennai,SL,TQ,9,19,3,0,0.84,0.31,1
12011,Chennai,Bengaluru,SL,GN,15,21,5,1,0.754,0.262,1
12842,Chennai,Howrah,2A,GN,48,27,6,1,0.729,0.195,0
12623,Chennai,New Delhi,2A,GN,36,19,0,0,0.827,0.226,0
12840,Chennai,Howrah,SL,GN,37,11,3,0,0.788,0.168,0
12840,Chennai,Howrah,3A,TQ,53,8,5,1,0.797,0.145,0
12842,Chennai,Howrah,2A,GN,31,13,6,1,0.727,0.111,0
12842,Chennai,Howrah,SL,TQ,47,6,6,1,0.796,0.133,0
12839,Howrah,Chennai,3A,GN,40,29,6,1,0.785,0.064,0
12624,New Delhi,Chennai,SL,TQ,10,6,0,0,0.633,0.121,0
12951,Mumbai,Delhi,CC,GN,31,16,1,0,0.847,0.207,0
12626,New Delhi,Chennai,2A,GN,24,26,2,0,0.742,0.267,1
12952,Delhi,Mumbai,CC,GN,38,26,6,1,0.747,0.228,1
12011,Chennai,Bengaluru,CC,GN,36,25,3,0,0.743,0.094,0
12953,Mumbai,Delhi,CC,GN,57,28,5,1,0.674,0.03,0
12624,New Delhi,Chennai,CC,TQ,7,17,3,0,0.859,0.116,0
12842,Chennai,Howrah,2A,GN,47,29,0,0,0.779,0.096,1
12953,Mumbai,Delhi,3A,GN,7,2,6,1,0.864,0.076,0
12841,Howrah,Chennai,3A,TQ,41,14,4,0,0.947,0.149,0
12622,New Delhi,Chennai,2A,GN,32,24,5,1,0.787,0.173,0
12954,Delhi,Mumbai,2A,TQ,58,21,6,1,0.772,0.03,0
12841,Howrah,Chennai,3A,GN,17,7,5,1,0.756,0.338,1
12010,Bengaluru,Chennai,3A,GN,45,8,5,1,0.769,0.219,0
12622,New Delhi,Chennai,CC,GN,4,15,4,0,0.656,0.219,1
12011,Chennai,Bengaluru,3A,TQ,37,30,4,0,0.825,0.229,0
12952,Delhi,Mumbai,CC,GN,45,14,4,0,0.908,0.143,0
12010,Bengaluru,Chennai,CC,GN,8,12,1,0,0.822,0.28,1
12009,Chennai,Bengaluru,2A,TQ,4,18,0,0,0.689,0.107,1
12951,Mumbai,Delhi,CC,TQ,8,25,6,1,0.915,0.212,1
12621,Chennai,New Delhi,SL,GN,13,21,3,0,0.902,0.076,1
12623,Chennai,New Delhi,2A,GN,34,22,3,0,0.717,0.187,0
12954,Delhi,Mumbai,3A,GN,5,9,3,0,0.797,0.179,1
12956,Delhi,Mumbai,SL,GN,52,14,1,0,0.835,0.213,0
12625,Chennai,New Delhi,SL,TQ,15,11,3,0,0.604,0.159,0
12842,Chennai,Howrah,CC,TQ,8,22,1,0,0.71,0.128,1
12624,New Delhi,Chennai,CC,GN,9,6,6,1,0.768,0.162,0
12626,New Delhi,Chennai,2A,GN,53,13,3,0,0.789,0.167,0
12951,Mumbai,Delhi,3A,GN,49,21,4,0,0.667,0.117,0
12952,Delhi,Mumbai,3A,GN,28,4,6,1,0.728,0.165,0
12956,Delhi,Mumbai,SL,GN,32,20,2,0,0.739,0.151,1
12623,Chennai,New Delhi,2A,GN,18,25,1,0,0.723,0.248,0
12009,Chennai,Bengaluru,3A,GN,3,7,3,0,0.726,0.094,1
12955,Mumbai,Delhi,3A,TQ,18,14,4,0,0.819,0.302,0
12951,Mumbai,Delhi,SL,GN,4,29,1,0,0.864,0.202,1
12626,New Delhi,Chennai,2A,GN,40,12,4,0,0.94,0.188,0
12621,Chennai,New Delhi,2A,GN,10,20,3,0,0.808,0.116,1
12623,Chennai,New Delhi,3A,GN,23,23,1,0,0.741,0.076,0
12951,Mumbai,Delhi,SL,GN,38,13,3,0,0.821,0.15,1
12011,Chennai,Bengaluru,3A,GN,34,7,1,0,0.772,0.27,0
12842,Chennai,Howrah,3A,TQ,29,5,1,0,0.739,0.286,0
12622,New Delhi,Chennai,3A,GN,12,10,4,0,0.763,0.161,1
12008,Bengaluru,Chennai,CC,GN,15,14,4,0,0.856,0.135,1
12844,Chennai,Howrah,2A,GN,13,9,5,1,0.739,0.146,0
12623,Chennai,New Delhi,CC,GN,21,1,4,0,0.763,0.179,0
12956,Delhi,Mumbai,CC,GN,21,2,5,1,0.916,0.13,0
12622,New Delhi,Chennai,CC,GN,8,1,5,1,0.664,0.241,0
12011,Chennai,Bengaluru,2A,GN,60,26,4,0,0.681,0.306,0
12954,Delhi,Mumbai,SL,TQ,56,2,5,1,0.801,0.185,0
12839,Howrah,Chennai,3A,TQ,16,20,1,0,0.75,0.273,0
12621,Chennai,New Delhi,SL,GN,22,23,2,0,0.955,0.212,1
12842,Chennai,Howrah,3A,GN,52,6,0,0,0.634,0.216,0
12953,Mumbai,Delhi,3A,GN,40,9,4,0,0.715,0.205,0
12952,Delhi,Mumbai,3A,GN,33,1,6,1,0.763,0.319,0
12951,Mumbai,Delhi,SL,TQ,49,22,4,0,0.73,0.292,0
12626,New Delhi,Chennai,2A,GN,55,30,1,0,0.745,0.316,1
12012,Bengaluru,Chennai,SL,GN,23,23,3,0,0.626,0.294,1
12626,New Delhi,Chennai,3A,GN,13,20,3,0,0.799,0.079,1
12011,Chennai,Bengaluru,SL,GN,41,11,5,1,0.6,0.279,0
12625,Chennai,New Delhi,3A,GN,48,3,4,0,0.972,0.2,0
12011,Chennai,Bengaluru,CC,GN,53,8,3,0,0.927,0.135,0
12009,Chennai,Bengaluru,SL,GN,12,30,2,0,0.706,0.054,1
12622,New Delhi,Chennai,3A,GN,31,22,6,1,0.664,0.196,0
12844,Chennai,Howrah,2A,TQ,23,14,4,0,0.807,0.162,1
12622,New Delhi,Chennai,2A,GN,32,30,6,1,0.633,0.224,0
12010,Bengaluru,Chennai,CC,GN,59,7,6,1,0.783,0.108,0
12956,Delhi,Mumbai,SL,GN,35,19,2,0,0.78,0.141,0
12952,Delhi,Mumbai,3A,GN,30,9,4,0,0.841,0.271,0
12953,Mumbai,Delhi,CC,TQ,50,13,6,1,0.758,0.236,0
12840,Chennai,Howrah,3A,GN,56,5,5,1,0.78,0.177,0
12009,Chennai,Bengaluru,2A,TQ,30,30,3,0,0.849,0.247,1
12841,Howrah,Chennai,2A,TQ,37,14,2,0,0.774,0.171,1
12956,Delhi,Mumbai,3A,GN,37,28,3,0,0.646,0.172,1
12009,Chennai,Bengaluru,3A,GN,6,13,1,0,0.718,0.188,1
12011,Chennai,Bengaluru,CC,GN,42,20,2,0,0.693,0.122,0
12841,Howrah,Chennai,2A,GN,15,7,6,1,0.816,0.253,0
12951,Mumbai,Delhi,2A,GN,21,11,0,0,0.723,0.236,0
12010,Bengaluru,Chennai,3A,GN,43,18,6,1,0.793,0.154,0
12843,Howrah,Chennai,CC,GN,1,3,2,0,0.761,0.17,1
12626,New Delhi,Chennai,2A,GN,22,3,2,0,0.756,0.152,0
12951,Mumbai,Delhi,SL,GN,34,4,3,0,0.738,0.094,0
12842,Chennai,Howrah,3A,GN,40,23,3,0,0.756,0.245,1
12626,New Delhi,Chennai,3A,GN,46,6,1,0,0.719,0.063,1
12956,Delhi,Mumbai,CC,GN,48,4,0,0,0.702,0.144,0
12839,Howrah,Chennai,2A,GN,37,26,0,0,0.64,0.209,1
12007,Chennai,Bengaluru,CC,TQ,31,13,5,1,0.84,0.112,0
12953,Mumbai,Delhi,CC,GN,51,28,1,0,0.743,0.201,0
12010,Bengaluru,Chennai,2A,TQ,26,13,4,0,0.768,0.12,1
12841,Howrah,Chennai,3A,GN,9,14,3,0,0.879,0.173,1
12844,Chennai,Howrah,SL,GN,17,19,2,0,0.874,0.179,1
12840,Chennai,Howrah,3A,GN,13,23,2,0,0.598,0.3,0
12624,New Delhi,Chennai,2A,GN,33,10,1,0,0.667,0.09,1
12954,Delhi,Mumbai,SL,GN,29,23,1,0,0.825,0.263,1
12840,Chennai,Howrah,CC,GN,42,9,2,0,0.8,0.16,0
12839,Howrah,Chennai,SL,GN,32,30,2,0,0.722,0.185,1
12952,Delhi,Mumbai,SL,TQ,22,14,0,0,0.734,0.237,0
12621,Chennai,New Delhi,SL,GN,12,26,2,0,0.749,0.29,0
12956,Delhi,Mumbai,SL,TQ,48,8,6,1,0.976,0.064,1
12844,Chennai,Howrah,CC,GN,16,21,0,0,0.854,0.19,1
12840,Chennai,Howrah,2A,GN,3,28,1,0,0.75,0.098,1
12952,Delhi,Mumbai,SL,GN,23,6,6,1,0.917,0.081,0
12842,Chennai,Howrah,3A,GN,4,12,1,0,0.733,0.188,0
12952,Delhi,Mumbai,SL,GN,54,3,6,1,0.812,0.102,0
12954,Delhi,Mumbai,3A,TQ,36,25,5,1,0.854,0.175,1
12841,Howrah,Chennai,SL,GN,56,3,6,1,0.909,0.165,0
12011,Chennai,Bengaluru,3A,TQ,22,5,6,1,0.894,0.035,1
12839,Howrah,Chennai,2A,GN,37,10,5,1,0.837,0.13,0
12842,Chennai,Howrah,SL,GN,17,1,5,1,0.876,0.21,0
12622,New Delhi,Chennai,SL,TQ,45,25,2,0,0.711,0.225,0
12624,New Delhi,Chennai,CC,GN,21,27,1,0,0.829,0.198,1
12007,Chennai,Bengaluru,SL,GN,59,2,4,0,0.841,0.166,0
12842,Chennai,Howrah,3A,GN,33,14,1,0,0.683,0.159,1
12953,Mumbai,Delhi,2A,TQ,13,2,1,0,0.723,0.202,0
12843,Howrah,Chennai,SL,GN,7,17,3,0,0.918,0.263,1
12012,Bengaluru,Chennai,3A,GN,27,14,2,0,0.731,0.34,0
12621,Chennai,New Delhi,CC,GN,25,17,6,1,0.876,0.297,0
12621,Chennai,New Delhi,2A,GN,44,23,2,0,0.716,0.154,1
12843,Howrah,Chennai,CC,GN,3,2,5,1,0.831,0.255,0
12839,Howrah,Chennai,SL,TQ,32,21,6,1,0.739,0.193,0
12624,New Delhi,Chennai,CC,TQ,45,4,6,1,0.675,0.155,0
12843,Howrah,Chennai,SL,GN,53,19,6,1,0.68,0.149,1
12840,Chennai,Howrah,2A,GN,25,20,0,0,0.841,0.151,1
12012,Bengaluru,Chennai,3A,GN,11,23,5,1,0.801,0.196,1
12839,Howrah,Chennai,3A,GN,23,4,6,1,0.815,0.265,0
12844,Chennai,Howrah,2A,GN,14,29,4,0,0.69,0.269,1
12625,Chennai,New Delhi,SL,GN,53,20,3,0,0.874,0.293,0
12840,Chennai,Howrah,2A,GN,15,12,5,1,0.719,0.248,0
12956,Delhi,Mumbai,SL,GN,58,28,6,1,0.793,0.195,0
12956,Delhi,Mumbai,2A,GN,22,22,0,0,0.572,0.129,0
12842,Chennai,Howrah,SL,GN,58,6,3,0,0.698,0.112,0
12953,Mumbai,Delhi,2A,GN,55,19,6,1,0.731,0.155,0
12843,Howrah,Chennai,SL,GN,44,7,0,0,0.734,0.06,0
12012,Bengaluru,Chennai,2A,GN,42,20,4,0,0.898,0.227,1
12622,New Delhi,Chennai,SL,GN,27,4,5,1,0.655,0.152,1
12841,Howrah,Chennai,CC,GN,58,14,1,0,0.772,0.17,0
12955,Mumbai,Delhi,2A,GN,58,21,1,0,0.949,0.039,0
12955,Mumbai,Delhi,3A,TQ,27,4,3,0,0.805,0.215,0
12624,New Delhi,Chennai,SL,GN,51,22,3,0,0.847,0.151,0
12626,New Delhi,Chennai,CC,GN,5,12,4,0,0.729,0.128,0
12623,Chennai,New Delhi,CC,GN,20,13,5,1,0.95,0.224,1
12007,Chennai,Bengaluru,CC,GN,24,19,2,0,0.737,0.155,1
12621,Chennai,New Delhi,SL,GN,14,15,1,0,0.892,0.335,1
12007,Chennai,Bengaluru,3A,GN,12,25,4,0,0.858,0.122,0
12841,Howrah,Chennai,3A,GN,45,2,2,0,0.688,0.111,0
12009,Chennai,Bengaluru,CC,GN,16,17,1,0,0.847,0.185,1
12625,Chennai,New Delhi,3A,GN,51,28,4,0,0.675,0.034,0
12843,Howrah,Chennai,SL,TQ,8,27,4,0,0.787,0.187,1
12951,Mumbai,Delhi,SL,GN,33,28,5,1,0.825,0.245,1
12624,New Delhi,Chennai,3A,GN,23,2,3,0,0.807,0.176,1
12008,Bengaluru,Chennai,CC,GN,12,28,4,0,0.844,0.226,1
12955,Mumbai,Delhi,CC,GN,9,12,0,0,0.695,0.178,1
12008,Bengaluru,Chennai,3A,GN,26,13,5,1,0.519,0.315,1
12954,Delhi,Mumbai,2A,TQ,57,19,2,0,0.742,0.1,1
12621,Chennai,New Delhi,2A,GN,31,24,6,1,0.615,0.178,0
12954,Delhi,Mumbai,SL,GN,33,15,3,0,0.954,0.281,0
12844,Chennai,Howrah,SL,GN,1,17,6,1,0.907,0.202,1
12621,Chennai,New Delhi,3A,TQ,50,29,4,0,0.894,0.146,1
12009,Chennai,Bengaluru,3A,GN,30,15,1,0,0.809,0.103,1
12626,New Delhi,Chennai,SL,GN,32,20,3,0,0.752,0.124,1
12626,New Delhi,Chennai,SL,TQ,31,9,3,0,0.551,0.065,0
12956,Delhi,Mumbai,3A,GN,54,27,2,0,0.777,0.095,1
12953,Mumbai,Delhi,SL,GN,34,19,3,0,0.824,0.145,0
12011,Chennai,Bengaluru,3A,GN,14,24,0,0,0.747,0.185,1
12624,New Delhi,Chennai,2A,GN,48,21,2,0,0.67,0.155,1
12839,Howrah,Chennai,3A,TQ,60,1,0,0,0.896,0.099,0
12622,New Delhi,Chennai,SL,GN,26,26,4,0,0.867,0.213,1
12626,New Delhi,Chennai,SL,GN,13,20,3,0,0.808,0.282,1
12621,Chennai,New Delhi,2A,GN,32,19,5,1,0.932,0.268,1
12955,Mumbai,Delhi,SL,GN,47,18,0,0,0.727,0.163,0
12956,Delhi,Mumbai,3A,GN,23,25,0,0,0.98,0.199,1
12951,Mumbai,Delhi,SL,GN,17,27,1,0,0.827,0.124,1
12625,Chennai,New Delhi,CC,GN,31,11,4,0,0.906,0.4,0
12623,Chennai,New Delhi,SL,TQ,38,4,3,0,0.729,0.236,0
12007,Chennai,Bengaluru,3A,TQ,25,3,6,1,0.745,0.234,0
12007,Chennai,Bengaluru,CC,TQ,31,3,5,1,0.761,0.188,0
12840,Chennai,Howrah,2A,GN,29,8,5,1,0.758,0.116,1
12951,Mumbai,Delhi,3A,TQ,39,5,2,0,0.919,0.104,0
12624,New Delhi,Chennai,3A,GN,13,7,1,0,0.799,0.173,1
12012,Bengaluru,Chennai,3A,GN,37,22,4,0,0.546,0.113,0
12010,Bengaluru,Chennai,SL,TQ,51,13,0,0,0.645,0.098,0
12625,Chennai,New Delhi,3A,TQ,26,20,1,0,0.768,0.13,0
12844,Chennai,Howrah,2A,GN,43,12,1,0,0.646,0.261,1
12843,Howrah,Chennai,CC,GN,28,7,6,1,0.723,0.201,1
12011,Chennai,Bengaluru,2A,GN,46,5,0,0,0.935,0.182,0
12008,Bengaluru,Chennai,SL,GN,18,3,0,0,0.727,0.198,0
12842,Chennai,Howrah,CC,GN,15,18,5,1,0.649,0.191,1
12955,Mumbai,Delhi,2A,GN,4,14,5,1,0.851,0.079,0
12951,Mumbai,Delhi,3A,GN,56,21,2,0,0.98,0.196,1
12010,Bengaluru,Chennai,3A,GN,27,19,4,0,0.619,0.265,0
12843,Howrah,Chennai,SL,GN,9,2,1,0,0.901,0.284,0
12012,Bengaluru,Chennai,SL,TQ,20,24,6,1,0.954,0.252,0
12012,Bengaluru,Chennai,CC,GN,20,9,1,0,0.783,0.256,1
12843,Howrah,Chennai,CC,GN,59,5,1,0,0.972,0.081,0
12626,New Delhi,Chennai,SL,GN,14,22,6,1,0.884,0.18,1
12626,New Delhi,Chennai,CC,GN,32,28,3,0,0.762,0.186,0
12007,Chennai,Bengaluru,CC,GN,32,29,0,0,0.739,0.129,1
12844,Chennai,Howrah,2A,GN,27,14,2,0,0.803,0.18,1
12623,Chennai,New Delhi,SL,GN,11,20,1,0,0.696,0.163,1
12841,Howrah,Chennai,3A,GN,33,15,3,0,0.728,0.263,1
12954,Delhi,Mumbai,SL,GN,46,16,2,0,0.795,0.181,0
12954,Delhi,Mumbai,3A,GN,56,5,5,1,0.936,0.205,1
12952,Delhi,Mumbai,SL,TQ,33,22,3,0,0.733,0.163,1
12009,Chennai,Bengaluru,3A,TQ,7,23,6,1,0.817,0.104,0
12622,New Delhi,Chennai,3A,GN,37,9,4,0,0.666,0.1,0
12953,Mumbai,Delhi,SL,GN,18,1,5,1,0.69,0.098,1
12624,New Delhi,Chennai,CC,GN,4,7,5,1,0.869,0.222,1
12839,Howrah,Chennai,SL,GN,7,8,4,0,0.768,0.209,1
12954,Delhi,Mumbai,CC,GN,17,28,5,1,0.587,0.167,0
12625,Chennai,New Delhi,CC,GN,21,26,3,0,0.7,0.123,1
12953,Mumbai,Delhi,2A,GN,31,8,0,0,0.804,0.183,1
12842,Chennai,Howrah,SL,GN,27,9,6,1,0.918,0.201,0
12623,Chennai,New Delhi,CC,GN,20,27,4,0,0.716,0.05,1
12840,Chennai,Howrah,CC,TQ,17,8,2,0,0.756,0.111,0
12623,Chennai,New Delhi,SL,GN,4,6,1,0,0.703,0.198,0
12844,Chennai,Howrah,SL,GN,11,3,4,0,0.832,0.323,0
12012,Bengaluru,Chennai,CC,GN,60,11,2,0,0.853,0.235,0
12012,Bengaluru,Chennai,CC,GN,14,8,1,0,0.827,0.132,1
12624,New Delhi,Chennai,CC,GN,48,26,2,0,0.87,0.246,1
12840,Chennai,Howrah,CC,GN,54,17,6,1,0.696,0.155,0
12007,Chennai,Bengaluru,3A,GN,20,28,6,1,0.821,0.173,1
12621,Chennai,New Delhi,SL,GN,18,12,3,0,0.657,0.196,1
12839,Howrah,Chennai,SL,GN,44,27,2,0,0.873,0.107,1
12010,Bengaluru,Chennai,2A,GN,2,2,0,0,0.828,0.137,1
12954,Delhi,Mumbai,3A,GN,9,2,1,0,0.842,0.188,1
12008,Bengaluru,Chennai,3A,GN,56,8,4,0,0.8,0.204,0
12839,Howrah,Chennai,CC,GN,48,11,3,0,0.761,0.21,0
12956,Delhi,Mumbai,2A,GN,9,20,2,0,0.56,0.149,1
12624,New Delhi,Chennai,SL,TQ,34,13,4,0,0.928,0.146,0
12012,Bengaluru,Chennai,3A,GN,41,15,2,0,0.798,0.176,0
12011,Chennai,Bengaluru,CC,GN,56,12,4,0,0.673,0.17,0
12839,Howrah,Chennai,CC,GN,39,12,1,0,0.7,0.17,0
12954,Delhi,Mumbai,3A,GN,34,21,5,1,0.778,0.03,0
12951,Mumbai,Delhi,3A,GN,57,8,0,0,0.733,0.156,0
12954,Delhi,Mumbai,SL,GN,4,28,5,1,0.778,0.233,1
12624,New Delhi,Chennai,CC,GN,19,13,3,0,0.911,0.171,1
12840,Chennai,Howrah,2A,GN,21,28,0,0,0.871,0.177,1
12844,Chennai,Howrah,CC,TQ,47,17,5,1,0.848,0.174,0
12007,Chennai,Bengaluru,CC,GN,8,22,2,0,0.629,0.043,0
12844,Chennai,Howrah,SL,GN,11,13,2,0,0.517,0.188,1
12009,Chennai,Bengaluru,CC,TQ,59,2,1,0,0.92,0.223,0
12625,Chennai,New Delhi,3A,GN,14,14,4,0,0.73,0.104,1
12844,Chennai,Howrah,2A,GN,32,9,6,1,0.76,0.238,0
12955,Mumbai,Delhi,SL,GN,46,29,0,0,0.705,0.111,0
12839,Howrah,Chennai,SL,GN,4,30,3,0,0.878,0.083,1
12626,New Delhi,Chennai,3A,TQ,33,8,3,0,0.901,0.1,0
12621,Chennai,New Delhi,2A,TQ,24,21,1,0,0.651,0.113,0
12955,Mumbai,Delhi,3A,GN,60,25,0,0,0.725,0.14,1
12839,Howrah,Chennai,3A,TQ,22,9,0,0,0.857,0.27,0
12843,Howrah,Chennai,SL,GN,31,13,1,0,0.797,0.179,0
12953,Mumbai,Delhi,3A,GN,17,3,6,1,0.752,0.199,0
12623,Chennai,New Delhi,3A,GN,20,29,4,0,0.853,0.186,0
12842,Chennai,Howrah,CC,GN,37,3,2,0,0.898,0.118,0
12010,Bengaluru,Chennai,SL,GN,26,29,5,1,0.801,0.199,0
12954,Delhi,Mumbai,3A,GN,31,16,2,0,0.918,0.194,0
12007,Chennai,Bengaluru,SL,GN,5,22,5,1,0.721,0.136,1
12009,Chennai,Bengaluru,SL,GN,2,19,2,0,0.724,0.155,1
12956,Delhi,Mumbai,SL,GN,1,7,4,0,0.918,0.263,1
12843,Howrah,Chennai,3A,TQ,21,11,1,0,0.728,0.294,0
12009,Chennai,Bengaluru,SL,GN,26,10,0,0,0.789,0.193,1
12840,Chennai,Howrah,SL,GN,58,21,0,0,0.889,0.236,0
12623,Chennai,New Delhi,2A,TQ,26,21,4,0,0.69,0.16,0
12010,Bengaluru,Chennai,SL,GN,24,26,0,0,0.815,0.229,1
12622,New Delhi,Chennai,2A,GN,52,9,0,0,0.923,0.127,1
12840,Chennai,Howrah,SL,GN,18,11,5,1,0.798,0.128,0
12843,Howrah,Chennai,2A,GN,37,21,0,0,0.907,0.141,0
12952,Delhi,Mumbai,2A,GN,35,28,0,0,0.828,0.235,0
12010,Bengaluru,Chennai,SL,GN,53,22,1,0,0.912,0.205,0
12011,Chennai,Bengaluru,SL,GN,52,29,0,0,0.866,0.097,0
12007,Chennai,Bengaluru,3A,GN,14,18,2,0,0.63,0.17,1
12011,Chennai,Bengaluru,2A,GN,56,8,0,0,0.887,0.171,0
12839,Howrah,Chennai,CC,GN,56,10,5,1,0.716,0.319,1
12008,Bengaluru,Chennai,3A,TQ,41,6,3,0,0.966,0.202,0
12951,Mumbai,Delhi,3A,TQ,2,2,3,0,0.918,0.201,1
12953,Mumbai,Delhi,SL,GN,15,28,2,0,0.738,0.171,1
12840,Chennai,Howrah,3A,GN,12,5,0,0,0.745,0.212,1
12011,Chennai,Bengaluru,3A,TQ,10,24,2,0,0.962,0.066,0
12956,Delhi,Mumbai,3A,TQ,56,6,1,0,0.91,0.176,0
12953,Mumbai,Delhi,2A,GN,37,11,2,0,0.804,0.138,0
12011,Chennai,Bengaluru,3A,GN,2,19,0,0,0.842,0.163,1
12844,Chennai,Howrah,SL,GN,43,10,1,0,0.673,0.226,0
12011,Chennai,Bengaluru,2A,GN,20,1,6,1,0.558,0.155,0
12842,Chennai,Howrah,CC,GN,40,14,5,1,0.729,0.107,1
12955,Mumbai,Delhi,CC,GN,60,21,6,1,0.879,0.24,0
12012,Bengaluru,Chennai,SL,GN,54,18,6,1,0.803,0.117,0
12623,Chennai,New Delhi,SL,GN,18,15,0,0,0.849,0.134,1
12626,New Delhi,Chennai,SL,GN,41,20,2,0,0.748,0.303,1
12625,Chennai,New Delhi,SL,GN,4,9,3,0,0.941,0.179,0
12624,New Delhi,Chennai,CC,GN,29,7,3,0,0.973,0.159,0
12840,Chennai,Howrah,SL,TQ,1,20,0,0,0.773,0.145,1
12841,Howrah,Chennai,SL,GN,54,9,2,0,0.906,0.077,1
12953,Mumbai,Delhi,SL,GN,55,23,2,0,0.727,0.221,0
12621,Chennai,New Delhi,CC,TQ,1,20,3,0,0.765,0.03,1
12007,Chennai,Bengaluru,SL,GN,60,28,0,0,0.959,0.179,1
12951,Mumbai,Delhi,3A,TQ,11,4,0,0,0.786,0.241,1
12952,Delhi,Mumbai,2A,GN,30,1,2,0,0.85,0.245,0
12839,Howrah,Chennai,2A,GN,29,28,3,0,0.696,0.149,1
12841,Howrah,Chennai,CC,GN,2,24,3,0,0.666,0.246,1
12007,Chennai,Bengaluru,2A,GN,19,15,6,1,0.901,0.235,1
12954,Delhi,Mumbai,3A,TQ,19,7,2,0,0.667,0.194,0
12839,Howrah,Chennai,SL,GN,21,29,3,0,0.595,0.158,1
12621,Chennai,New Delhi,CC,GN,4,30,4,0,0.82,0.186,1
12010,Bengaluru,Chennai,CC,TQ,3,27,3,0,0.698,0.14,1
12844,Chennai,Howrah,3A,GN,37,20,4,0,0.801,0.073,1
12841,Howrah,Chennai,3A,GN,3,29,2,0,0.804,0.141,1
12626,New Delhi,Chennai,2A,GN,40,12,4,0,0.662,0.174,0
12843,Howrah,Chennai,2A,GN,10,23,6,1,0.82,0.243,1
12842,Chennai,Howrah,2A,GN,41,4,4,0,0.795,0.069,0
12624,New Delhi,Chennai,CC,GN,12,25,2,0,0.855,0.186,1
12842,Chennai,Howrah,CC,GN,1,28,1,0,0.824,0.187,1
12008,Bengaluru,Chennai,2A,GN,47,23,0,0,0.843,0.227,1
12011,Chennai,Bengaluru,2A,TQ,9,5,2,0,0.673,0.349,0
12840,Chennai,Howrah,SL,GN,49,15,5,1,0.789,0.232,0
12007,Chennai,Bengaluru,2A,GN,40,30,5,1,0.892,0.247,0
12009,Chennai,Bengaluru,CC,GN,14,26,1,0,0.629,0.151,0
12955,Mumbai,Delhi,CC,GN,18,25,0,0,0.83,0.133,1
12622,New Delhi,Chennai,SL,GN,14,9,4,0,0.738,0.064,1
12953,Mumbai,Delhi,CC,GN,55,13,4,0,0.728,0.303,0
12839,Howrah,Chennai,2A,GN,28,3,5,1,0.82,0.096,0
12953,Mumbai,Delhi,SL,GN,2,21,2,0,0.531,0.18,0
12953,Mumbai,Delhi,2A,GN,55,25,2,0,0.729,0.186,1
12622,New Delhi,Chennai,SL,TQ,49,24,6,1,0.581,0.247,0
12011,Chennai,Bengaluru,2A,GN,9,3,5,1,0.651,0.139,1
12010,Bengaluru,Chennai,3A,TQ,58,29,6,1,0.904,0.16,0
12839,Howrah,Chennai,2A,TQ,53,25,3,0,0.761,0.166,1
12840,Chennai,Howrah,3A,GN,10,20,5,1,0.623,0.311,1
12010,Bengaluru,Chennai,2A,GN,28,21,1,0,0.772,0.237,0
12839,Howrah,Chennai,SL,GN,30,7,1,0,0.801,0.12,0
12839,Howrah,Chennai,3A,GN,52,23,3,0,0.689,0.168,0
12007,Chennai,Bengaluru,SL,GN,21,16,6,1,0.736,0.174,1
12622,New Delhi,Chennai,SL,GN,51,29,1,0,0.752,0.196,0
12624,New Delhi,Chennai,2A,GN,49,5,4,0,0.802,0.235,1
12626,New Delhi,Chennai,CC,GN,35,18,0,0,0.668,0.179,1
12955,Mumbai,Delhi,SL,GN,39,9,5,1,0.906,0.174,1
12951,Mumbai,Delhi,2A,GN,23,26,5,1,0.646,0.108,1
12622,New Delhi,Chennai,CC,GN,40,29,1,0,0.883,0.158,0
12954,Delhi,Mumbai,3A,GN,18,4,3,0,0.922,0.24,1
12956,Delhi,Mumbai,2A,GN,39,9,3,0,0.945,0.159,0
12839,Howrah,Chennai,SL,GN,32,15,4,0,0.919,0.187,1
12843,Howrah,Chennai,2A,TQ,52,29,1,0,0.776,0.032,0
12843,Howrah,Chennai,SL,GN,16,16,4,0,0.803,0.215,1
12011,Chennai,Bengaluru,3A,GN,57,25,2,0,0.722,0.073,0
12011,Chennai,Bengaluru,SL,GN,60,13,5,1,0.641,0.03,0
12008,Bengaluru,Chennai,CC,GN,52,19,6,1,0.842,0.239,0
12011,Chennai,Bengaluru,3A,GN,44,6,3,0,0.677,0.185,0
12009,Chennai,Bengaluru,SL,GN,15,24,3,0,0.671,0.222,1
12007,Chennai,Bengaluru,3A,GN,18,17,1,0,0.875,0.229,0
12624,New Delhi,Chennai,SL,GN,3,29,0,0,0.7,0.121,1
12954,Delhi,Mumbai,SL,GN,49,30,4,0,0.808,0.258,0
12008,Bengaluru,Chennai,SL,GN,56,18,4,0,0.962,0.119,1
12625,Chennai,New Delhi,3A,GN,4,28,3,0,0.915,0.036,1
12843,Howrah,Chennai,2A,GN,20,2,3,0,0.76,0.157,0
12951,Mumbai,Delhi,2A,GN,57,11,1,0,0.694,0.262,0
12008,Bengaluru,Chennai,CC,GN,38,3,6,1,0.915,0.128,0
12621,Chennai,New Delhi,2A,GN,16,16,0,0,0.905,0.229,0
12621,Chennai,New Delhi,2A,GN,30,1,3,0,0.58,0.241,0
12953,Mumbai,Delhi,SL,GN,55,13,2,0,0.748,0.095,0
12840,Chennai,Howrah,3A,GN,57,22,3,0,0.871,0.167,0
12008,Bengaluru,Chennai,SL,GN,13,10,6,1,0.755,0.212,1
12843,Howrah,Chennai,2A,GN,10,1,0,0,0.798,0.235,1
12624,New Delhi,Chennai,2A,GN,22,1,0,0,0.681,0.109,0
12951,Mumbai,Delhi,3A,GN,33,21,2,0,0.738,0.03,0
12842,Chennai,Howrah,2A,TQ,22,10,1,0,0.426,0.281,0
12843,Howrah,Chennai,SL,GN,35,13,5,1,0.654,0.134,1
12956,Delhi,Mumbai,SL,GN,14,5,2,0,0.867,0.261,0
12626,New Delhi,Chennai,3A,GN,29,19,0,0,0.946,0.14,1
12839,Howrah,Chennai,3A,GN,8,21,5,1,0.935,0.284,1
12622,New Delhi,Chennai,SL,GN,44,24,6,1,0.78,0.2,1
12841,Howrah,Chennai,SL,TQ,42,1,3,0,0.625,0.245,0
12625,Chennai,New Delhi,SL,GN,34,3,2,0,0.797,0.137,0
12956,Delhi,Mumbai,2A,GN,4,10,2,0,0.799,0.104,1
12841,Howrah,Chennai,3A,GN,18,21,4,0,0.707,0.174,1
12007,Chennai,Bengaluru,SL,GN,21,26,0,0,0.98,0.166,1
12009,Chennai,Bengaluru,2A,GN,24,8,1,0,0.909,0.135,0
12841,Howrah,Chennai,3A,GN,53,14,3,0,0.733,0.289,1
12951,Mumbai,Delhi,3A,GN,18,7,6,1,0.82,0.236,1
12953,Mumbai,Delhi,2A,TQ,55,28,0,0,0.723,0.115,1
12839,Howrah,Chennai,CC,GN,48,8,5,1,0.7,0.125,0
12621,Chennai,New Delhi,3A,GN,50,13,6,1,0.743,0.151,0
12012,Bengaluru,Chennai,SL,GN,47,24,3,0,0.688,0.215,0
12011,Chennai,Bengaluru,CC,GN,39,22,0,0,0.874,0.141,1
12626,New Delhi,Chennai,CC,GN,23,15,1,0,0.871,0.181,0
12956,Delhi,Mumbai,3A,GN,20,12,5,1,0.846,0.176,0
12951,Mumbai,Delhi,2A,GN,11,24,3,0,0.9,0.322,1
12956,Delhi,Mumbai,3A,TQ,15,7,2,0,0.98,0.214,1
12621,Chennai,New Delhi,SL,GN,42,3,5,1,0.796,0.254,0
12007,Chennai,Bengaluru,2A,GN,24,24,0,0,0.853,0.284,1
12951,Mumbai,Delhi,SL,GN,25,26,1,0,0.708,0.167,1
12012,Bengaluru,Chennai,3A,GN,43,1,3,0,0.828,0.156,0
12839,Howrah,Chennai,CC,TQ,40,6,5,1,0.688,0.189,0
12626,New Delhi,Chennai,SL,GN,24,11,1,0,0.762,0.219,1
12007,Chennai,Bengaluru,3A,GN,49,3,6,1,0.72,0.194,0
12011,Chennai,Bengaluru,SL,GN,30,13,1,0,0.702,0.091,0
12008,Bengaluru,Chennai,SL,GN,3,28,2,0,0.679,0.24,1
12012,Bengaluru,Chennai,3A,TQ,3,21,2,0,0.778,0.301,0
12953,Mumbai,Delhi,SL,GN,49,16,3,0,0.724,0.073,1
12844,Chennai,Howrah,SL,GN,50,24,2,0,0.838,0.249,1
12622,New Delhi,Chennai,3A,GN,37,16,5,1,0.785,0.231,0
12625,Chennai,New Delhi,2A,GN,30,8,6,1,0.882,0.034,0
12840,Chennai,Howrah,CC,GN,54,27,5,1,0.729,0.123,0
12951,Mumbai,Delhi,3A,GN,22,11,3,0,0.735,0.125,1
12009,Chennai,Bengaluru,2A,GN,43,27,5,1,0.611,0.231,0
12623,Chennai,New Delhi,CC,GN,55,10,4,0,0.712,0.2,0
12953,Mumbai,Delhi,2A,TQ,9,28,3,0,0.939,0.336,1
12011,Chennai,Bengaluru,CC,GN,23,11,3,0,0.753,0.257,0
12840,Chennai,Howrah,CC,GN,59,21,3,0,0.896,0.03,1
12844,Chennai,Howrah,CC,TQ,54,29,6,1,0.82,0.193,1
12951,Mumbai,Delhi,3A,GN,6,26,3,0,0.754,0.187,0
12839,Howrah,Chennai,3A,GN,28,12,3,0,0.709,0.138,0
12624,New Delhi,Chennai,CC,GN,25,28,4,0,0.932,0.314,0
12623,Chennai,New Delhi,SL,GN,16,12,6,1,0.657,0.167,0
12953,Mumbai,Delhi,CC,GN,29,17,2,0,0.689,0.238,0
12952,Delhi,Mumbai,SL,TQ,25,1,6,1,0.862,0.119,0
12007,Chennai,Bengaluru,3A,GN,9,23,0,0,0.915,0.219,1
12839,Howrah,Chennai,CC,TQ,18,10,4,0,0.798,0.278,0
12011,Chennai,Bengaluru,3A,GN,20,2,5,1,0.658,0.236,0
12839,Howrah,Chennai,3A,GN,13,23,6,1,0.699,0.328,1
12951,Mumbai,Delhi,CC,GN,24,14,5,1,0.684,0.235,0
12623,Chennai,New Delhi,CC,GN,59,2,4,0,0.765,0.042,0
12841,Howrah,Chennai,2A,TQ,14,30,5,1,0.795,0.13,0
12842,Chennai,Howrah,SL,GN,34,13,1,0,0.81,0.239,1
12012,Bengaluru,Chennai,SL,GN,39,28,0,0,0.786,0.143,0
12007,Chennai,Bengaluru,CC,GN,2,21,1,0,0.848,0.102,1
12007,Chennai,Bengaluru,3A,GN,4,6,1,0,0.846,0.167,1
12626,New Delhi,Chennai,CC,GN,53,25,1,0,0.73,0.101,0
12621,Chennai,New Delhi,3A,GN,35,15,1,0,0.796,0.16,0
12844,Chennai,Howrah,CC,GN,40,16,3,0,0.636,0.139,0
12624,New Delhi,Chennai,3A,GN,47,24,0,0,0.738,0.163,1
12008,Bengaluru,Chennai,3A,GN,25,29,2,0,0.789,0.214,1
12841,Howrah,Chennai,SL,GN,6,7,6,1,0.827,0.166,1
12625,Chennai,New Delhi,SL,GN,8,23,3,0,0.757,0.263,0
12009,Chennai,Bengaluru,2A,GN,17,13,0,0,0.683,0.206,1
12622,New Delhi,Chennai,CC,GN,13,21,5,1,0.819,0.219,1
12626,New Delhi,Chennai,3A,TQ,38,16,3,0,0.618,0.21,0
12007,Chennai,Bengaluru,2A,TQ,34,19,0,0,0.98,0.263,0
12955,Mumbai,Delhi,3A,GN,19,5,6,1,0.712,0.141,1
12625,Chennai,New Delhi,SL,GN,41,5,3,0,0.951,0.222,0
12843,Howrah,Chennai,CC,GN,39,7,4,0,0.865,0.225,1
12842,Chennai,Howrah,CC,GN,5,21,6,1,0.849,0.169,1
12623,Chennai,New Delhi,3A,GN,10,24,2,0,0.86,0.08,1
12841,Howrah,Chennai,2A,GN,40,10,4,0,0.783,0.146,0
12844,Chennai,Howrah,SL,GN,6,22,0,0,0.862,0.361,1
12953,Mumbai,Delhi,SL,GN,5,12,2,0,0.698,0.191,0
12623,Chennai,New Delhi,3A,GN,16,28,5,1,0.602,0.134,1
12624,New Delhi,Chennai,SL,GN,27,5,5,1,0.98,0.147,0
12841,Howrah,Chennai,3A,GN,19,28,4,0,0.697,0.179,1
12625,Chennai,New Delhi,SL,GN,23,13,4,0,0.787,0.124,0
12844,Chennai,Howrah,CC,GN,53,14,0,0,0.874,0.155,0
12841,Howrah,Chennai,CC,TQ,37,4,6,1,0.731,0.227,1
12621,Chennai,New Delhi,CC,GN,29,5,3,0,0.747,0.154,0
12841,Howrah,Chennai,2A,GN,13,9,0,0,0.814,0.175,1
12840,Chennai,Howrah,SL,GN,42,29,3,0,0.831,0.03,1
12010,Bengaluru,Chennai,3A,TQ,52,6,3,0,0.813,0.031,0
12623,Chennai,New Delhi,2A,GN,59,5,6,1,0.795,0.259,0
12012,Bengaluru,Chennai,CC,GN,12,4,4,0,0.744,0.153,1
12956,Delhi,Mumbai,SL,GN,10,21,0,0,0.71,0.146,1
12952,Delhi,Mumbai,SL,GN,40,18,0,0,0.701,0.157,0
12839,Howrah,Chennai,3A,GN,51,15,0,0,0.73,0.196,0
12839,Howrah,Chennai,2A,GN,11,12,0,0,0.745,0.147,0
12010,Bengaluru,Chennai,SL,TQ,9,20,1,0,0.73,0.17,1
12952,Delhi,Mumbai,SL,GN,15,26,3,0,0.691,0.218,1
12012,Bengaluru,Chennai,2A,TQ,52,2,3,0,0.953,0.145,0
12626,New Delhi,Chennai,3A,GN,60,5,3,0,0.865,0.157,0
12622,New Delhi,Chennai,3A,TQ,29,30,4,0,0.649,0.207,1
12622,New Delhi,Chennai,3A,GN,58,19,2,0,0.745,0.226,0
12956,Delhi,Mumbai,CC,GN,32,16,5,1,0.82,0.154,0
12011,Chennai,Bengaluru,SL,GN,10,7,0,0,0.701,0.097,1
12009,Chennai,Bengaluru,CC,TQ,35,26,6,1,0.868,0.195,0
12839,Howrah,Chennai,3A,GN,51,15,1,0,0.731,0.161,1
12624,New Delhi,Chennai,SL,GN,19,12,0,0,0.663,0.204,1
12956,Delhi,Mumbai,CC,GN,55,25,4,0,0.801,0.214,0
12951,Mumbai,Delhi,SL,GN,37,10,2,0,0.978,0.092,1
12621,Chennai,New Delhi,2A,GN,9,1,3,0,0.89,0.241,0
12844,Chennai,Howrah,3A,GN,26,21,1,0,0.781,0.187,0
12626,New Delhi,Chennai,SL,GN,23,1,3,0,0.705,0.104,0
12954,Delhi,Mumbai,SL,GN,6,16,5,1,0.889,0.03,1
12952,Delhi,Mumbai,SL,GN,55,11,4,0,0.809,0.273,0
12952,Delhi,Mumbai,2A,GN,19,1,1,0,0.755,0.122,1
12956,Delhi,Mumbai,2A,GN,24,15,4,0,0.619,0.175,1
12622,New Delhi,Chennai,3A,GN,30,4,0,0,0.867,0.295,1
12954,Delhi,Mumbai,3A,GN,41,10,4,0,0.787,0.273,1
12624,New Delhi,Chennai,SL,GN,42,5,0,0,0.664,0.17,0
12956,Delhi,Mumbai,2A,TQ,13,9,2,0,0.779,0.195,1
12621,Chennai,New Delhi,SL,GN,26,5,4,0,0.764,0.183,0
12621,Chennai,New Delhi,2A,GN,23,11,3,0,0.902,0.206,1
12841,Howrah,Chennai,3A,GN,33,24,2,0,0.762,0.197,1
12012,Bengaluru,Chennai,CC,GN,21,10,0,0,0.902,0.106,1
12622,New Delhi,Chennai,2A,GN,3,24,0,0,0.851,0.136,1
12625,Chennai,New Delhi,SL,GN,55,8,5,1,0.98,0.131,0
12009,Chennai,Bengaluru,3A,GN,22,1,3,0,0.885,0.257,0
12839,Howrah,Chennai,CC,GN,39,28,2,0,0.58,0.122,1
12951,Mumbai,Delhi,CC,TQ,43,6,3,0,0.912,0.079,1
12839,Howrah,Chennai,3A,GN,25,30,6,1,0.794,0.198,1
12624,New Delhi,Chennai,3A,GN,1,5,3,0,0.961,0.141,1
12012,Bengaluru,Chennai,2A,TQ,35,18,3,0,0.869,0.362,0
12008,Bengaluru,Chennai,CC,TQ,26,17,6,1,0.98,0.191,0
12841,Howrah,Chennai,2A,GN,47,7,0,0,0.722,0.219,1
12841,Howrah,Chennai,2A,GN,3,27,3,0,0.813,0.262,1
12626,New Delhi,Chennai,CC,GN,44,16,1,0,0.623,0.184,1
12624,New Delhi,Chennai,CC,TQ,43,22,5,1,0.65,0.05,0
12953,Mumbai,Delhi,SL,TQ,43,21,3,0,0.851,0.175,0
12623,Chennai,New Delhi,SL,GN,54,15,1,0,0.813,0.085,0
12955,Mumbai,Delhi,SL,TQ,47,29,5,1,0.969,0.201,0
12955,Mumbai,Delhi,CC,GN,37,24,5,1,0.761,0.137,1
12956,Delhi,Mumbai,3A,GN,33,25,3,0,0.937,0.116,1
12008,Bengaluru,Chennai,3A,GN,46,5,0,0,0.726,0.138,1
12621,Chennai,New Delhi,SL,TQ,54,22,5,1,0.759,0.139,1
12953,Mumbai,Delhi,2A,GN,21,7,0,0,0.884,0.187,0
12622,New Delhi,Chennai,2A,GN,37,11,0,0,0.744,0.158,0
12953,Mumbai,Delhi,3A,GN,57,30,2,0,0.776,0.053,1
12840,Chennai,Howrah,2A,GN,32,3,2,0,0.765,0.178,0
12951,Mumbai,Delhi,2A,GN,44,25,0,0,0.913,0.133,1
12008,Bengaluru,Chennai,3A,GN,11,15,4,0,0.704,0.081,1
12626,New Delhi,Chennai,SL,GN,4,8,3,0,0.856,0.101,1
12624,New Delhi,Chennai,SL,GN,45,10,1,0,0.778,0.302,1
12839,Howrah,Chennai,2A,GN,22,9,1,0,0.631,0.103,1
12007,Chennai,Bengaluru,3A,GN,50,5,0,0,0.773,0.217,0
12010,Bengaluru,Chennai,2A,TQ,46,11,3,0,0.773,0.178,0
12624,New Delhi,Chennai,3A,GN,52,22,4,0,0.723,0.128,0
12625,Chennai,New Delhi,CC,GN,35,23,6,1,0.854,0.107,1
12842,Chennai,Howrah,2A,GN,9,29,4,0,0.902,0.155,1
12955,Mumbai,Delhi,CC,GN,28,12,4,0,0.787,0.219,1
12622,New Delhi,Chennai,2A,GN,23,11,4,0,0.761,0.174,0
12622,New Delhi,Chennai,2A,TQ,56,13,5,1,0.764,0.141,0
12839,Howrah,Chennai,2A,GN,30,13,6,1,0.834,0.308,1
12839,Howrah,Chennai,2A,GN,5,12,0,0,0.599,0.216,1
12010,Bengaluru,Chennai,2A,GN,45,16,5,1,0.659,0.168,0
12843,Howrah,Chennai,3A,TQ,29,5,2,0,0.715,0.222,0
12625,Chennai,New Delhi,CC,GN,2,4,5,1,0.801,0.162,1
12955,Mumbai,Delhi,CC,GN,31,10,5,1,0.676,0.129,1
12007,Chennai,Bengaluru,2A,GN,2,20,6,1,0.722,0.275,1
12956,Delhi,Mumbai,SL,GN,11,4,2,0,0.752,0.13,1
12624,New Delhi,Chennai,SL,GN,29,23,3,0,0.852,0.106,0
12956,Delhi,Mumbai,2A,GN,7,19,2,0,0.608,0.205,1
12954,Delhi,Mumbai,3A,GN,15,15,1,0,0.79,0.086,1
12625,Chennai,New Delhi,2A,GN,3,19,0,0,0.802,0.105,1
12621,Chennai,New Delhi,SL,GN,25,8,6,1,0.705,0.083,0
12626,New Delhi,Chennai,CC,GN,23,30,6,1,0.826,0.249,1
12621,Chennai,New Delhi,CC,GN,16,12,4,0,0.747,0.236,1
12622,New Delhi,Chennai,2A,GN,35,25,1,0,0.683,0.221,1
12840,Chennai,Howrah,2A,GN,31,19,0,0,0.638,0.172,0
12009,Chennai,Bengaluru,SL,GN,59,15,3,0,0.736,0.095,0
12011,Chennai,Bengaluru,SL,GN,1,22,2,0,0.713,0.181,1
12954,Delhi,Mumbai,SL,GN,2,11,0,0,0.729,0.162,1
12621,Chennai,New Delhi,3A,GN,37,14,4,0,0.62,0.133,1
12956,Delhi,Mumbai,3A,GN,53,3,5,1,0.715,0.154,0
12953,Mumbai,Delhi,CC,GN,27,10,6,1,0.587,0.163,0
12842,Chennai,Howrah,SL,GN,25,22,5,1,0.98,0.223,0
12840,Chennai,Howrah,3A,GN,53,21,3,0,0.789,0.163,0
12011,Chennai,Bengaluru,SL,GN,6,4,1,0,0.809,0.1,0
12841,Howrah,Chennai,2A,GN,46,14,5,1,0.726,0.175,1
12626,New Delhi,Chennai,CC,GN,55,12,5,1,0.934,0.17,0
12621,Chennai,New Delhi,SL,GN,2,20,1,0,0.866,0.19,1
12011,Chennai,Bengaluru,SL,GN,48,30,3,0,0.868,0.105,1
12844,Chennai,Howrah,SL,GN,30,6,0,0,0.876,0.161,0
12843,Howrah,Chennai,CC,GN,9,8,4,0,0.951,0.154,0
12622,New Delhi,Chennai,3A,GN,44,26,0,0,0.778,0.131,0
12840,Chennai,Howrah,2A,GN,59,6,0,0,0.834,0.243,1
12954,Delhi,Mumbai,SL,GN,54,5,2,0,0.71,0.181,0
12624,New Delhi,Chennai,CC,GN,20,6,6,1,0.787,0.163,0
12623,Chennai,New Delhi,3A,GN,20,17,2,0,0.832,0.18,1
12956,Delhi,Mumbai,2A,GN,7,2,0,0,0.692,0.206,0
12625,Chennai,New Delhi,2A,TQ,23,17,4,0,0.806,0.151,0
12008,Bengaluru,Chennai,CC,GN,13,27,2,0,0.683,0.187,0
12624,New Delhi,Chennai,SL,GN,14,30,4,0,0.792,0.144,1
12622,New Delhi,Chennai,CC,GN,38,14,2,0,0.711,0.159,0
12839,Howrah,Chennai,3A,GN,19,8,5,1,0.842,0.186,0
12624,New Delhi,Chennai,CC,GN,8,27,4,0,0.867,0.157,1
12012,Bengaluru,Chennai,3A,GN,22,14,6,1,0.768,0.131,1
12009,Chennai,Bengaluru,CC,TQ,37,11,2,0,0.806,0.29,0
12012,Bengaluru,Chennai,3A,GN,12,9,2,0,0.812,0.098,0
12012,Bengaluru,Chennai,3A,TQ,10,25,5,1,0.896,0.182,1
12952,Delhi,Mumbai,SL,GN,3,17,2,0,0.902,0.165,1
12012,Bengaluru,Chennai,2A,GN,48,3,0,0,0.705,0.211,0
12010,Bengaluru,Chennai,2A,GN,4,5,1,0,0.952,0.221,0
12012,Bengaluru,Chennai,2A,GN,59,10,5,1,0.765,0.098,0
12624,New Delhi,Chennai,3A,TQ,40,4,2,0,0.694,0.197,0
12956,Delhi,Mumbai,CC,TQ,29,21,1,0,0.791,0.193,1
12956,Delhi,Mumbai,3A,TQ,22,28,4,0,0.835,0.142,0
12955,Mumbai,Delhi,SL,GN,22,4,6,1,0.666,0.129,0
12841,Howrah,Chennai,CC,GN,5,13,5,1,0.793,0.175,1
12009,Chennai,Bengaluru,2A,GN,55,27,5,1,0.695,0.291,0
12844,Chennai,Howrah,2A,TQ,42,16,3,0,0.697,0.135,1
12952,Delhi,Mumbai,3A,GN,44,7,6,1,0.785,0.235,0
12622,New Delhi,Chennai,2A,GN,45,24,2,0,0.771,0.183,0
12844,Chennai,Howrah,2A,GN,32,19,2,0,0.773,0.137,1
12623,Chennai,New Delhi,CC,GN,42,25,6,1,0.847,0.045,1
12012,Bengaluru,Chennai,CC,GN,14,24,4,0,0.6,0.207,1
12011,Chennai,Bengaluru,2A,GN,30,23,5,1,0.632,0.191,1
12626,New Delhi,Chennai,SL,GN,26,24,3,0,0.69,0.232,0
12839,Howrah,Chennai,3A,TQ,53,12,1,0,0.665,0.164,1
12012,Bengaluru,Chennai,CC,GN,36,26,1,0,0.738,0.11,0
12011,Chennai,Bengaluru,2A,GN,8,12,4,0,0.839,0.283,0
12624,New Delhi,Chennai,2A,GN,27,8,1,0,0.759,0.218,0
12007,Chennai,Bengaluru,2A,GN,46,27,1,0,0.604,0.252,0
12840,Chennai,Howrah,SL,GN,17,9,0,0,0.684,0.192,1
12007,Chennai,Bengaluru,SL,GN,27,18,1,0,0.922,0.156,1
12625,Chennai,New Delhi,2A,GN,31,17,5,1,0.745,0.25,0
12839,Howrah,Chennai,SL,GN,1,16,5,1,0.852,0.14,0
12840,Chennai,Howrah,2A,GN,6,23,2,0,0.726,0.148,1
12844,Chennai,Howrah,2A,GN,42,8,0,0,0.866,0.229,0
12625,Chennai,New Delhi,3A,GN,32,1,2,0,0.839,0.265,1
12955,Mumbai,Delhi,2A,TQ,53,4,0,0,0.631,0.138,0
12955,Mumbai,Delhi,3A,GN,54,8,1,0,0.75,0.268,0
12625,Chennai,New Delhi,2A,GN,33,17,3,0,0.646,0.294,0
12622,New Delhi,Chennai,SL,GN,24,2,0,0,0.923,0.132,0
12951,Mumbai,Delhi,3A,GN,23,24,4,0,0.727,0.174,0
12011,Chennai,Bengaluru,2A,TQ,50,6,6,1,0.98,0.152,1
12842,Chennai,Howrah,SL,GN,8,26,0,0,0.801,0.134,1
12956,Delhi,Mumbai,SL,TQ,23,23,1,0,0.891,0.356,1
12626,New Delhi,Chennai,CC,TQ,22,28,1,0,0.773,0.068,0
12842,Chennai,Howrah,CC,TQ,60,8,2,0,0.63,0.214,0
12954,Delhi,Mumbai,SL,GN,24,6,3,0,0.818,0.094,1
12622,New Delhi,Chennai,CC,GN,48,4,6,1,0.881,0.103,0
12008,Bengaluru,Chennai,SL,GN,29,24,0,0,0.874,0.134,0
12841,Howrah,Chennai,CC,GN,44,18,6,1,0.68,0.176,0
12955,Mumbai,Delhi,SL,TQ,54,20,1,0,0.815,0.15,0
12008,Bengaluru,Chennai,SL,GN,26,8,2,0,0.612,0.324,1
12843,Howrah,Chennai,CC,GN,21,21,4,0,0.764,0.137,1
12843,Howrah,Chennai,2A,GN,22,7,6,1,0.558,0.056,1
12009,Chennai,Bengaluru,2A,GN,41,16,4,0,0.668,0.077,0
12954,Delhi,Mumbai,3A,GN,46,25,5,1,0.732,0.162,0
12012,Bengaluru,Chennai,3A,TQ,46,10,2,0,0.847,0.081,0
12839,Howrah,Chennai,2A,GN,35,18,4,0,0.781,0.1,0
12010,Bengaluru,Chennai,3A,GN,49,13,5,1,0.905,0.171,0
12009,Chennai,Bengaluru,3A,GN,38,23,2,0,0.704,0.119,0
12010,Bengaluru,Chennai,SL,GN,46,26,1,0,0.693,0.168,1
12842,Chennai,Howrah,3A,TQ,25,13,4,0,0.682,0.253,0
12840,Chennai,Howrah,3A,GN,22,8,6,1,0.98,0.198,0
12009,Chennai,Bengaluru,SL,GN,58,18,2,0,0.615,0.178,1
12621,Chennai,New Delhi,3A,TQ,18,21,6,1,0.844,0.071,1
12954,Delhi,Mumbai,SL,GN,25,5,4,0,0.748,0.2,0
12009,Chennai,Bengaluru,CC,TQ,40,1,3,0,0.941,0.142,0
12842,Chennai,Howrah,SL,GN,31,17,4,0,0.92,0.205,0
12623,Chennai,New Delhi,SL,TQ,37,24,2,0,0.596,0.161,1
12012,Bengaluru,Chennai,3A,GN,4,11,3,0,0.721,0.295,1
12626,New Delhi,Chennai,3A,GN,18,25,1,0,0.783,0.109,1
12010,Bengaluru,Chennai,SL,GN,5,7,6,1,0.782,0.194,1
12007,Chennai,Bengaluru,SL,GN,26,12,3,0,0.612,0.232,1
12953,Mumbai,Delhi,SL,GN,32,25,6,1,0.738,0.17,1
12621,Chennai,New Delhi,SL,GN,46,22,0,0,0.863,0.11,0
12010,Bengaluru,Chennai,3A,GN,3,24,3,0,0.923,0.16,1
12011,Chennai,Bengaluru,SL,GN,31,14,0,0,0.716,0.122,1
12956,Delhi,Mumbai,SL,GN,48,11,4,0,0.579,0.166,0
12844,Chennai,Howrah,SL,TQ,39,30,4,0,0.88,0.207,1
12011,Chennai,Bengaluru,2A,GN,39,11,5,1,0.735,0.125,1
12622,New Delhi,Chennai,2A,GN,43,27,0,0,0.81,0.255,0
12623,Chennai,New Delhi,2A,GN,59,17,5,1,0.604,0.091,0
12623,Chennai,New Delhi,SL,TQ,5,27,4,0,0.729,0.253,1
12008,Bengaluru,Chennai,CC,GN,40,15,1,0,0.714,0.158,0
12010,Bengaluru,Chennai,CC,GN,9,14,4,0,0.904,0.139,1
12007,Chennai,Bengaluru,CC,GN,46,26,0,0,0.787,0.339,0
12953,Mumbai,Delhi,3A,GN,19,6,6,1,0.714,0.163,1
12841,Howrah,Chennai,2A,GN,12,26,5,1,0.858,0.327,1
12953,Mumbai,Delhi,3A,GN,57,23,0,0,0.743,0.121,0
12626,New Delhi,Chennai,3A,GN,12,24,2,0,0.804,0.115,1
12007,Chennai,Bengaluru,CC,GN,59,6,1,0,0.917,0.112,0
12954,Delhi,Mumbai,CC,GN,9,16,6,1,0.786,0.068,1
12012,Bengaluru,Chennai,2A,GN,53,24,2,0,0.806,0.158,0
12842,Chennai,Howrah,CC,GN,48,28,1,0,0.688,0.049,0
12951,Mumbai,Delhi,2A,GN,34,21,0,0,0.769,0.265,0
12955,Mumbai,Delhi,3A,GN,34,25,3,0,0.838,0.188,0
12626,New Delhi,Chennai,2A,TQ,51,21,4,0,0.727,0.094,1
12008,Bengaluru,Chennai,SL,GN,33,22,3,0,0.769,0.286,1
12008,Bengaluru,Chennai,CC,GN,43,25,4,0,0.777,0.287,0
12626,New Delhi,Chennai,2A,GN,26,23,5,1,0.766,0.188,1
12843,Howrah,Chennai,SL,GN,6,14,1,0,0.88,0.145,0
12622,New Delhi,Chennai,3A,GN,48,17,5,1,0.93,0.264,1
12844,Chennai,Howrah,2A,TQ,26,26,0,0,0.822,0.187,0
12008,Bengaluru,Chennai,SL,GN,34,25,1,0,0.78,0.324,1
12010,Bengaluru,Chennai,SL,GN,30,13,5,1,0.852,0.175,0
12624,New Delhi,Chennai,CC,TQ,42,30,2,0,0.765,0.24,0
12622,New Delhi,Chennai,CC,GN,3,28,1,0,0.636,0.2,1
12842,Chennai,Howrah,SL,GN,12,29,5,1,0.733,0.114,1
12621,Chennai,New Delhi,CC,GN,60,28,3,0,0.98,0.241,1
12011,Chennai,Bengaluru,2A,TQ,40,30,6,1,0.758,0.063,1
12844,Chennai,Howrah,3A,GN,53,24,0,0,0.86,0.165,0
12007,Chennai,Bengaluru,3A,TQ,45,3,3,0,0.896,0.131,0
12008,Bengaluru,Chennai,CC,TQ,47,18,5,1,0.881,0.237,1
12956,Delhi,Mumbai,2A,GN,47,17,1,0,0.819,0.159,0
12009,Chennai,Bengaluru,SL,GN,20,24,0,0,0.741,0.126,0
12626,New Delhi,Chennai,2A,GN,29,15,5,1,0.761,0.236,0
12953,Mumbai,Delhi,3A,GN,48,5,0,0,0.543,0.185,1
12007,Chennai,Bengaluru,2A,TQ,58,12,4,0,0.728,0.143,0
12842,Chennai,Howrah,3A,GN,1,11,5,1,0.928,0.123,1
12007,Chennai,Bengaluru,2A,TQ,35,15,4,0,0.827,0.204,1
12624,New Delhi,Chennai,2A,GN,28,29,0,0,0.685,0.243,1
12954,Delhi,Mumbai,SL,GN,41,1,4,0,0.834,0.219,0
12842,Chennai,Howrah,3A,GN,25,5,3,0,0.843,0.194,0
12623,Chennai,New Delhi,2A,GN,4,10,3,0,0.801,0.171,0
12841,Howrah,Chennai,2A,GN,12,8,5,1,0.697,0.156,0
12952,Delhi,Mumbai,2A,GN,39,9,1,0,0.782,0.155,0
12956,Delhi,Mumbai,3A,GN,9,29,0,0,0.684,0.249,0
12839,Howrah,Chennai,SL,GN,46,10,6,1,0.774,0.23,0
12009,Chennai,Bengaluru,3A,GN,9,7,1,0,0.848,0.179,0
12622,New Delhi,Chennai,CC,GN,50,6,3,0,0.812,0.179,0
12953,Mumbai,Delhi,2A,GN,1,4,2,0,0.635,0.236,0
12955,Mumbai,Delhi,SL,GN,44,1,1,0,0.845,0.169,0
12955,Mumbai,Delhi,3A,GN,18,29,4,0,0.671,0.208,1
12626,New Delhi,Chennai,2A,GN,12,4,4,0,0.765,0.217,1
12010,Bengaluru,Chennai,SL,GN,24,15,4,0,0.735,0.217,0
12955,Mumbai,Delhi,2A,GN,2,19,4,0,0.741,0.387,1
12955,Mumbai,Delhi,SL,GN,53,24,0,0,0.881,0.232,0
12626,New Delhi,Chennai,SL,GN,36,9,6,1,0.621,0.26,0
12622,New Delhi,Chennai,CC,GN,33,27,6,1,0.698,0.109,0
12625,Chennai,New Delhi,3A,GN,16,3,1,0,0.665,0.273,1
12840,Chennai,Howrah,CC,TQ,9,3,6,1,0.666,0.03,0
12007,Chennai,Bengaluru,2A,GN,38,29,2,0,0.836,0.33,0
12007,Chennai,Bengaluru,3A,GN,51,19,5,1,0.844,0.191,0
12839,Howrah,Chennai,CC,GN,47,3,5,1,0.747,0.129,0
12952,Delhi,Mumbai,3A,TQ,12,13,5,1,0.797,0.269,0
12008,Bengaluru,Chennai,SL,GN,15,7,0,0,0.841,0.242,0
12954,Delhi,Mumbai,3A,GN,3,1,6,1,0.897,0.123,1
12956,Delhi,Mumbai,CC,GN,15,13,5,1,0.846,0.076,0
12955,Mumbai,Delhi,SL,GN,20,3,2,0,0.881,0.236,0
12841,Howrah,Chennai,3A,GN,60,14,1,0,0.798,0.224,1
12955,Mumbai,Delhi,3A,GN,28,10,1,0,0.967,0.117,1
12624,New Delhi,Chennai,SL,GN,20,1,0,0,0.735,0.189,1
12951,Mumbai,Delhi,CC,TQ,38,28,4,0,0.764,0.147,0
12625,Chennai,New Delhi,SL,GN,6,29,2,0,0.948,0.131,1
12843,Howrah,Chennai,3A,GN,56,18,0,0,0.707,0.086,0
12951,Mumbai,Delhi,CC,GN,42,12,2,0,0.81,0.067,0
12954,Delhi,Mumbai,CC,TQ,9,11,4,0,0.778,0.243,1
12622,New Delhi,Chennai,3A,GN,49,1,6,1,0.756,0.146,0
12843,Howrah,Chennai,3A,GN,19,2,3,0,0.755,0.169,0
12844,Chennai,Howrah,SL,GN,35,23,0,0,0.722,0.056,1
12624,New Delhi,Chennai,3A,GN,47,25,3,0,0.648,0.241,1
12840,Chennai,Howrah,SL,TQ,52,20,0,0,0.886,0.133,0
12621,Chennai,New Delhi,3A,TQ,24,16,1,0,0.685,0.225,1
12843,Howrah,Chennai,2A,GN,30,10,6,1,0.922,0.201,0
12956,Delhi,Mumbai,3A,GN,5,20,3,0,0.829,0.102,1
12952,Delhi,Mumbai,SL,GN,59,18,5,1,0.768,0.101,0
12625,Chennai,New Delhi,SL,TQ,47,2,5,1,0.624,0.134,0
12623,Chennai,New Delhi,SL,GN,27,7,5,1,0.658,0.228,1
12621,Chennai,New Delhi,3A,GN,47,7,5,1,0.736,0.058,0
12010,Bengaluru,Chennai,2A,GN,40,21,6,1,0.703,0.067,1
12012,Bengaluru,Chennai,SL,GN,44,6,4,0,0.776,0.168,0
12009,Chennai,Bengaluru,SL,GN,24,19,2,0,0.8,0.171,1
12007,Chennai,Bengaluru,SL,GN,1,27,3,0,0.933,0.289,1
12011,Chennai,Bengaluru,3A,GN,33,9,3,0,0.687,0.175,0
12009,Chennai,Bengaluru,SL,GN,42,14,5,1,0.797,0.267,0
12951,Mumbai,Delhi,CC,GN,33,1,5,1,0.729,0.115,0
12843,Howrah,Chennai,2A,GN,40,27,3,0,0.587,0.16,0
12623,Chennai,New Delhi,CC,GN,24,7,4,0,0.568,0.245,1
12842,Chennai,Howrah,CC,TQ,50,12,1,0,0.98,0.231,0
12623,Chennai,New Delhi,CC,GN,8,22,5,1,0.641,0.119,1
12622,New Delhi,Chennai,CC,GN,29,11,4,0,0.766,0.319,0
12953,Mumbai,Delhi,2A,GN,37,9,2,0,0.833,0.171,0
12011,Chennai,Bengaluru,3A,GN,11,20,4,0,0.716,0.273,1
12624,New Delhi,Chennai,CC,GN,27,23,6,1,0.783,0.28,0
12623,Chennai,New Delhi,SL,GN,45,3,5,1,0.777,0.183,0
12007,Chennai,Bengaluru,CC,GN,59,13,5,1,0.769,0.06,0
12951,Mumbai,Delhi,CC,GN,48,5,2,0,0.788,0.111,0
12624,New Delhi,Chennai,SL,GN,3,4,2,0,0.66,0.253,1
12621,Chennai,New Delhi,3A,TQ,53,24,2,0,0.757,0.136,0
12956,Delhi,Mumbai,CC,TQ,44,6,5,1,0.98,0.094,0
12623,Chennai,New Delhi,3A,TQ,30,19,1,0,0.82,0.265,1
12955,Mumbai,Delhi,CC,GN,16,18,0,0,0.577,0.1,0
12954,Delhi,Mumbai,CC,GN,27,7,0,0,0.98,0.173,1
12843,Howrah,Chennai,CC,GN,5,22,6,1,0.695,0.262,1
12011,Chennai,Bengaluru,SL,GN,35,5,1,0,0.864,0.147,0
12953,Mumbai,Delhi,CC,GN,53,26,0,0,0.791,0.314,0
12625,Chennai,New Delhi,CC,TQ,28,29,6,1,0.888,0.262,1
12621,Chennai,New Delhi,3A,GN,29,3,4,0,0.763,0.211,0
12841,Howrah,Chennai,3A,GN,57,2,6,1,0.845,0.33,0
12010,Bengaluru,Chennai,2A,GN,36,11,0,0,0.701,0.163,0
12622,New Delhi,Chennai,3A,TQ,26,26,2,0,0.87,0.148,1
12621,Chennai,New Delhi,CC,GN,18,24,4,0,0.785,0.143,1
12626,New Delhi,Chennai,SL,GN,24,10,1,0,0.664,0.035,1
12839,Howrah,Chennai,SL,GN,50,27,1,0,0.857,0.137,0
12009,Chennai,Bengaluru,CC,TQ,60,6,3,0,0.823,0.179,0
12840,Chennai,Howrah,3A,GN,5,14,6,1,0.858,0.284,1
12841,Howrah,Chennai,CC,GN,38,11,6,1,0.608,0.221,0
12841,Howrah,Chennai,3A,GN,39,28,1,0,0.667,0.164,0
12007,Chennai,Bengaluru,CC,GN,5,14,5,1,0.72,0.061,0
12009,Chennai,Bengaluru,CC,GN,5,12,3,0,0.861,0.214,0
12008,Bengaluru,Chennai,2A,GN,54,25,2,0,0.758,0.06,0
12008,Bengaluru,Chennai,3A,GN,41,3,1,0,0.701,0.277,1
12841,Howrah,Chennai,CC,GN,60,21,0,0,0.766,0.304,0
12955,Mumbai,Delhi,CC,GN,28,23,3,0,0.643,0.267,0
12008,Bengaluru,Chennai,2A,TQ,35,15,0,0,0.97,0.084,0
12010,Bengaluru,Chennai,2A,TQ,15,17,2,0,0.955,0.211,0
12843,Howrah,Chennai,3A,GN,54,13,3,0,0.659,0.056,1
12008,Bengaluru,Chennai,2A,GN,17,15,4,0,0.792,0.18,0
12626,New Delhi,Chennai,3A,GN,36,19,5,1,0.735,0.186,0
12956,Delhi,Mumbai,3A,GN,8,12,2,0,0.883,0.162,0
12622,New Delhi,Chennai,2A,GN,56,15,5,1,0.776,0.079,0
12623,Chennai,New Delhi,2A,GN,52,16,1,0,0.603,0.173,0
12840,Chennai,Howrah,CC,GN,33,25,5,1,0.868,0.182,1
12842,Chennai,Howrah,CC,GN,56,1,4,0,0.784,0.099,0
12622,New Delhi,Chennai,3A,TQ,57,30,2,0,0.692,0.184,0
12010,Bengaluru,Chennai,3A,GN,59,30,3,0,0.765,0.152,0
12012,Bengaluru,Chennai,2A,GN,32,28,3,0,0.729,0.111,0
12952,Delhi,Mumbai,SL,TQ,7,30,6,1,0.833,0.03,1
12841,Howrah,Chennai,CC,GN,2,9,5,1,0.806,0.17,1
12839,Howrah,Chennai,CC,TQ,29,11,0,0,0.851,0.188,0
12008,Bengaluru,Chennai,2A,GN,40,14,6,1,0.758,0.193,0
12842,Chennai,Howrah,SL,GN,16,13,2,0,0.709,0.17,1
12955,Mumbai,Delhi,2A,TQ,26,24,6,1,0.847,0.053,1
12625,Chennai,New Delhi,2A,TQ,5,16,6,1,0.872,0.288,1
12621,Chennai,New Delhi,CC,GN,5,23,4,0,0.649,0.276,1
12843,Howrah,Chennai,CC,GN,52,5,0,0,0.917,0.216,0
12956,Delhi,Mumbai,CC,GN,5,9,0,0,0.98,0.181,1
12956,Delhi,Mumbai,2A,GN,17,18,2,0,0.853,0.144,1
12953,Mumbai,Delhi,SL,GN,12,8,0,0,0.651,0.179,1
12955,Mumbai,Delhi,CC,GN,39,8,3,0,0.933,0.033,0
12007,Chennai,Bengaluru,2A,GN,18,5,4,0,0.727,0.058,0
12844,Chennai,Howrah,2A,GN,38,14,5,1,0.756,0.101,0
12840,Chennai,Howrah,SL,GN,52,22,0,0,0.688,0.246,1
12624,New Delhi,Chennai,CC,GN,57,26,0,0,0.822,0.096,0
12951,Mumbai,Delhi,3A,GN,27,12,1,0,0.698,0.125,0
12626,New Delhi,Chennai,CC,GN,32,1,1,0,0.789,0.192,0
12621,Chennai,New Delhi,CC,GN,50,2,2,0,0.827,0.145,0
12626,New Delhi,Chennai,CC,GN,34,17,5,1,0.881,0.157,0
12621,Chennai,New Delhi,3A,GN,35,26,2,0,0.734,0.231,0
12011,Chennai,Bengaluru,2A,GN,35,29,0,0,0.791,0.138,1
12010,Bengaluru,Chennai,CC,GN,50,13,5,1,0.775,0.234,0
12953,Mumbai,Delhi,3A,GN,55,10,3,0,0.876,0.059,0
12012,Bengaluru,Chennai,SL,GN,20,27,6,1,0.864,0.265,1
12839,Howrah,Chennai,SL,TQ,17,5,1,0,0.98,0.14,0
12624,New Delhi,Chennai,CC,GN,21,25,6,1,0.682,0.147,1
12008,Bengaluru,Chennai,SL,GN,7,11,6,1,0.646,0.152,1
12009,Chennai,Bengaluru,CC,GN,11,4,2,0,0.868,0.094,0
12953,Mumbai,Delhi,CC,GN,29,12,5,1,0.686,0.152,1
12844,Chennai,Howrah,SL,GN,27,21,3,0,0.757,0.255,1
12625,Chennai,New Delhi,SL,GN,30,26,3,0,0.615,0.274,0
12840,Chennai,Howrah,3A,GN,17,10,3,0,0.919,0.17,1
12625,Chennai,New Delhi,CC,GN,11,30,3,0,0.818,0.225,1
12840,Chennai,Howrah,2A,GN,10,3,0,0,0.638,0.097,1
12007,Chennai,Bengaluru,CC,GN,32,6,6,1,0.499,0.245,0
12624,New Delhi,Chennai,2A,GN,44,26,3,0,0.732,0.147,1
12843,Howrah,Chennai,CC,GN,12,3,4,0,0.735,0.187,0
12839,Howrah,Chennai,2A,GN,59,9,4,0,0.744,0.185,0
12012,Bengaluru,Chennai,2A,GN,11,17,2,0,0.743,0.217,1
12842,Chennai,Howrah,CC,GN,34,15,2,0,0.809,0.239,1
12839,Howrah,Chennai,SL,GN,44,13,4,0,0.936,0.119,0
12625,Chennai,New Delhi,2A,GN,58,2,2,0,0.668,0.129,0
12840,Chennai,Howrah,SL,GN,48,5,6,1,0.754,0.03,0
12010,Bengaluru,Chennai,3A,GN,8,27,2,0,0.654,0.221,0
12844,Chennai,Howrah,2A,GN,21,18,2,0,0.923,0.1,1
12843,Howrah,Chennai,SL,GN,7,6,6,1,0.81,0.144,0
12841,Howrah,Chennai,3A,GN,50,4,4,0,0.802,0.178,0
12840,Chennai,Howrah,2A,GN,8,3,5,1,0.88,0.162,1
12625,Chennai,New Delhi,3A,GN,55,15,3,0,0.923,0.137,1
12626,New Delhi,Chennai,3A,GN,21,8,0,0,0.624,0.226,0
12625,Chennai,New Delhi,3A,GN,46,17,5,1,0.831,0.246,0
12626,New Delhi,Chennai,2A,GN,22,6,1,0,0.98,0.202,0
12953,Mumbai,Delhi,SL,GN,17,9,5,1,0.681,0.266,0
12007,Chennai,Bengaluru,CC,GN,48,23,2,0,0.673,0.252,0
12955,Mumbai,Delhi,CC,GN,57,6,0,0,0.892,0.156,0
12012,Bengaluru,Chennai,3A,GN,10,19,6,1,0.862,0.18,1
12011,Chennai,Bengaluru,3A,GN,7,14,4,0,0.657,0.191,1
12625,Chennai,New Delhi,3A,GN,56,22,3,0,0.748,0.278,1
12623,Chennai,New Delhi,2A,GN,5,11,2,0,0.927,0.152,1
12622,New Delhi,Chennai,2A,GN,16,13,4,0,0.971,0.181,0
12621,Chennai,New Delhi,CC,TQ,5,8,1,0,0.861,0.082,1
12622,New Delhi,Chennai,CC,GN,48,15,1,0,0.885,0.103,0
12954,Delhi,Mumbai,2A,GN,58,16,2,0,0.699,0.089,0
12952,Delhi,Mumbai,3A,GN,47,24,4,0,0.8,0.117,1
12840,Chennai,Howrah,2A,GN,28,11,5,1,0.703,0.18,0
12624,New Delhi,Chennai,SL,GN,32,20,5,1,0.836,0.147,0
12621,Chennai,New Delhi,CC,GN,7,24,5,1,0.697,0.15,1
12956,Delhi,Mumbai,SL,GN,10,12,2,0,0.801,0.03,0
12623,Chennai,New Delhi,SL,GN,59,29,0,0,0.778,0.247,0
12626,New Delhi,Chennai,2A,GN,3,3,5,1,0.76,0.25,1
12953,Mumbai,Delhi,2A,GN,8,4,0,0,0.706,0.292,0
12954,Delhi,Mumbai,SL,GN,32,2,0,0,0.754,0.187,0
12622,New Delhi,Chennai,CC,GN,52,6,6,1,0.909,0.131,0
12951,Mumbai,Delhi,2A,GN,57,2,4,0,0.801,0.128,0
12009,Chennai,Bengaluru,3A,GN,44,14,5,1,0.687,0.098,0
12953,Mumbai,Delhi,3A,GN,14,28,6,1,0.98,0.303,1
12623,Chennai,New Delhi,2A,GN,31,30,1,0,0.82,0.03,0
12839,Howrah,Chennai,SL,TQ,29,10,5,1,0.823,0.095,0
12007,Chennai,Bengaluru,CC,TQ,31,23,4,0,0.646,0.206,0
12008,Bengaluru,Chennai,3A,GN,18,27,5,1,0.778,0.158,0
12010,Bengaluru,Chennai,3A,TQ,41,13,1,0,0.95,0.264,1
12009,Chennai,Bengaluru,CC,GN,53,30,6,1,0.887,0.042,1
12842,Chennai,Howrah,2A,GN,53,7,6,1,0.766,0.315,0
12844,Chennai,Howrah,SL,TQ,1,20,4,0,0.777,0.268,1
12956,Delhi,Mumbai,2A,GN,55,13,1,0,0.721,0.185,0
12625,Chennai,New Delhi,CC,GN,25,20,1,0,0.876,0.175,0
12625,Chennai,New Delhi,3A,GN,20,21,1,0,0.741,0.22,0
12626,New Delhi,Chennai,2A,TQ,41,16,5,1,0.864,0.064,0
12621,Chennai,New Delhi,3A,GN,19,21,3,0,0.919,0.182,1
12956,Delhi,Mumbai,CC,GN,49,7,0,0,0.616,0.228,0
12623,Chennai,New Delhi,2A,GN,27,5,0,0,0.74,0.287,1
12955,Mumbai,Delhi,2A,GN,54,8,5,1,0.839,0.196,0
12954,Delhi,Mumbai,3A,GN,44,26,6,1,0.709,0.051,0
12955,Mumbai,Delhi,2A,GN,18,14,0,0,0.835,0.243,0
12842,Chennai,Howrah,CC,GN,17,25,1,0,0.705,0.188,1
12843,Howrah,Chennai,3A,GN,37,4,6,1,0.754,0.096,0
12621,Chennai,New Delhi,SL,TQ,40,14,5,1,0.89,0.155,0
12625,Chennai,New Delhi,SL,GN,2,16,3,0,0.71,0.217,1
12955,Mumbai,Delhi,CC,GN,52,12,2,0,0.625,0.249,0
12839,Howrah,Chennai,SL,GN,51,9,0,0,0.79,0.172,0
12952,Delhi,Mumbai,2A,GN,52,15,4,0,0.835,0.166,0
12010,Bengaluru,Chennai,CC,TQ,59,2,2,0,0.679,0.268,0
12952,Delhi,Mumbai,CC,GN,20,14,2,0,0.929,0.214,0
12626,New Delhi,Chennai,2A,GN,5,17,0,0,0.837,0.306,0
12009,Chennai,Bengaluru,SL,GN,6,11,4,0,0.708,0.111,0
12951,Mumbai,Delhi,3A,GN,47,2,3,0,0.724,0.101,0
12840,Chennai,Howrah,CC,GN,21,20,4,0,0.846,0.311,1
12844,Chennai,Howrah,2A,TQ,21,24,1,0,0.758,0.185,0
12839,Howrah,Chennai,2A,TQ,18,3,2,0,0.822,0.163,0
12956,Delhi,Mumbai,CC,GN,55,24,4,0,0.754,0.219,1
12842,Chennai,Howrah,3A,TQ,24,21,4,0,0.782,0.193,1
12008,Bengaluru,Chennai,SL,GN,53,16,3,0,0.757,0.255,0
12841,Howrah,Chennai,2A,TQ,1,22,1,0,0.883,0.25,1
12625,Chennai,New Delhi,2A,GN,39,1,0,0,0.635,0.16,0
12844,Chennai,Howrah,2A,TQ,28,13,4,0,0.711,0.275,1
12955,Mumbai,Delhi,CC,GN,7,13,3,0,0.734,0.225,1
12952,Delhi,Mumbai,CC,GN,21,19,5,1,0.838,0.103,1
12953,Mumbai,Delhi,2A,GN,3,2,1,0,0.82,0.06,1
12841,Howrah,Chennai,3A,TQ,43,20,2,0,0.81,0.184,0
12843,Howrah,Chennai,2A,GN,22,9,5,1,0.877,0.241,0
12839,Howrah,Chennai,3A,GN,46,28,6,1,0.761,0.247,0
12623,Chennai,New Delhi,3A,GN,43,19,2,0,0.765,0.228,0
12012,Bengaluru,Chennai,3A,GN,38,12,2,0,0.749,0.111,0
12844,Chennai,Howrah,SL,GN,14,17,0,0,0.753,0.151,1
12009,Chennai,Bengaluru,3A,GN,2,29,0,0,0.639,0.214,1
12840,Chennai,Howrah,3A,GN,7,9,5,1,0.98,0.244,0
12009,Chennai,Bengaluru,2A,GN,14,26,4,0,0.92,0.092,1
12624,New Delhi,Chennai,CC,TQ,55,5,3,0,0.653,0.185,0
12954,Delhi,Mumbai,2A,GN,17,13,6,1,0.745,0.331,1
12010,Bengaluru,Chennai,3A,GN,25,28,3,0,0.744,0.183,0
12956,Delhi,Mumbai,CC,GN,6,11,5,1,0.7,0.168,0
12842,Chennai,Howrah,3A,GN,55,3,1,0,0.937,0.223,0
12626,New Delhi,Chennai,3A,GN,41,17,5,1,0.762,0.345,0
12624,New Delhi,Chennai,3A,GN,43,18,3,0,0.704,0.193,0
12842,Chennai,Howrah,2A,GN,16,8,4,0,0.855,0.179,1
12955,Mumbai,Delhi,2A,GN,22,22,2,0,0.757,0.105,1
12955,Mumbai,Delhi,SL,TQ,9,30,5,1,0.804,0.113,1
12009,Chennai,Bengaluru,SL,GN,16,9,6,1,0.672,0.149,1
12954,Delhi,Mumbai,3A,GN,23,17,4,0,0.826,0.069,1
12956,Delhi,Mumbai,3A,GN,40,23,0,0,0.841,0.176,1
12952,Delhi,Mumbai,CC,GN,46,14,1,0,0.814,0.269,1
12624,New Delhi,Chennai,3A,GN,26,12,3,0,0.86,0.141,0
12007,Chennai,Bengaluru,2A,GN,13,12,0,0,0.811,0.219,1
12008,Bengaluru,Chennai,CC,GN,38,17,0,0,0.84,0.098,0
12951,Mumbai,Delhi,2A,TQ,38,7,5,1,0.625,0.105,0
12841,Howrah,Chennai,2A,GN,59,21,4,0,0.902,0.299,1
12007,Chennai,Bengaluru,3A,GN,16,9,3,0,0.793,0.238,0
12953,Mumbai,Delhi,CC,GN,10,11,6,1,0.685,0.12,0
12841,Howrah,Chennai,3A,GN,48,21,0,0,0.592,0.094,0
12839,Howrah,Chennai,3A,GN,25,23,5,1,0.85,0.183,1
12626,New Delhi,Chennai,CC,GN,6,4,2,0,0.857,0.2,1
12956,Delhi,Mumbai,3A,GN,25,30,4,0,0.793,0.33,1
12626,New Delhi,Chennai,SL,GN,34,1,3,0,0.772,0.252,1
12951,Mumbai,Delhi,SL,GN,22,2,1,0,0.846,0.199,0
12954,Delhi,Mumbai,CC,GN,6,22,2,0,0.819,0.188,1
12844,Chennai,Howrah,CC,GN,56,27,1,0,0.695,0.246,1
12956,Delhi,Mumbai,SL,GN,54,28,3,0,0.882,0.19,0
12623,Chennai,New Delhi,2A,GN,31,16,1,0,0.907,0.225,1
12951,Mumbai,Delhi,SL,GN,11,5,1,0,0.726,0.21,0
12008,Bengaluru,Chennai,3A,GN,21,24,5,1,0.832,0.129,1
12841,Howrah,Chennai,SL,GN,33,22,4,0,0.836,0.03,0
12844,Chennai,Howrah,2A,GN,58,26,1,0,0.871,0.219,0
12624,New Delhi,Chennai,SL,GN,59,16,6,1,0.676,0.221,0
12953,Mumbai,Delhi,2A,GN,57,22,4,0,0.769,0.186,0
12840,Chennai,Howrah,SL,GN,55,19,0,0,0.751,0.319,0
12956,Delhi,Mumbai,2A,GN,28,20,0,0,0.679,0.142,0
12842,Chennai,Howrah,CC,GN,57,3,0,0,0.689,0.111,0
12008,Bengaluru,Chennai,2A,GN,3,24,6,1,0.726,0.231,1
12954,Delhi,Mumbai,3A,GN,57,23,5,1,0.626,0.23,0
12844,Chennai,Howrah,3A,TQ,4,18,5,1,0.589,0.124,0
12839,Howrah,Chennai,CC,GN,54,29,4,0,0.648,0.131,0
12008,Bengaluru,Chennai,3A,GN,59,1,2,0,0.855,0.042,0
12952,Delhi,Mumbai,SL,GN,40,9,6,1,0.829,0.2,0
12954,Delhi,Mumbai,3A,GN,7,23,6,1,0.886,0.205,1
12010,Bengaluru,Chennai,2A,GN,10,8,4,0,0.71,0.309,1
12008,Bengaluru,Chennai,SL,GN,49,24,3,0,0.803,0.202,1
12840,Chennai,Howrah,3A,TQ,4,12,0,0,0.67,0.228,0
12009,Chennai,Bengaluru,CC,GN,52,9,6,1,0.877,0.03,0
12956,Delhi,Mumbai,3A,GN,20,14,6,1,0.585,0.216,1
12008,Bengaluru,Chennai,3A,TQ,13,12,2,0,0.72,0.142,0
12621,Chennai,New Delhi,3A,GN,17,28,6,1,0.77,0.204,1
12008,Bengaluru,Chennai,CC,GN,4,12,0,0,0.768,0.21,1
12008,Bengaluru,Chennai,CC,GN,51,12,1,0,0.8,0.131,0
12951,Mumbai,Delhi,SL,GN,19,22,1,0,0.777,0.134,1
12840,Chennai,Howrah,2A,GN,3,18,1,0,0.951,0.145,1
12623,Chennai,New Delhi,2A,GN,7,15,1,0,0.685,0.157,1
12007,Chennai,Bengaluru,CC,GN,54,27,2,0,0.654,0.105,1
12012,Bengaluru,Chennai,3A,GN,45,11,1,0,0.6,0.095,0
12012,Bengaluru,Chennai,SL,GN,50,1,3,0,0.742,0.165,0
12011,Chennai,Bengaluru,SL,GN,7,29,6,1,0.662,0.103,1
12954,Delhi,Mumbai,CC,GN,18,13,1,0,0.787,0.172,1
12011,Chennai,Bengaluru,2A,GN,10,6,6,1,0.793,0.324,1
12622,New Delhi,Chennai,2A,GN,27,10,2,0,0.829,0.085,0
12010,Bengaluru,Chennai,2A,GN,26,27,2,0,0.846,0.033,1
12956,Delhi,Mumbai,SL,GN,29,9,5,1,0.672,0.292,0
12956,Delhi,Mumbai,2A,GN,47,23,1,0,0.804,0.162,0
12842,Chennai,Howrah,2A,GN,39,9,3,0,0.893,0.126,0
12952,Delhi,Mumbai,3A,GN,15,25,2,0,0.662,0.134,1
12840,Chennai,Howrah,3A,GN,26,29,5,1,0.883,0.03,0
12843,Howrah,Chennai,3A,TQ,59,29,1,0,0.794,0.246,0
12011,Chennai,Bengaluru,SL,GN,3,5,2,0,0.886,0.289,1
12012,Bengaluru,Chennai,3A,TQ,13,2,3,0,0.788,0.157,0
12622,New Delhi,Chennai,3A,GN,23,5,1,0,0.819,0.141,0
12624,New Delhi,Chennai,3A,GN,24,5,4,0,0.816,0.152,0
12839,Howrah,Chennai,SL,GN,26,29,1,0,0.743,0.26,0
12011,Chennai,Bengaluru,SL,GN,35,19,6,1,0.798,0.203,0
12955,Mumbai,Delhi,CC,GN,3,15,5,1,0.811,0.109,0
12625,Chennai,New Delhi,3A,GN,43,24,5,1,0.726,0.162,1
12842,Chennai,Howrah,3A,GN,24,13,0,0,0.807,0.193,0
12953,Mumbai,Delhi,SL,GN,34,14,6,1,0.782,0.188,0
12842,Chennai,Howrah,3A,GN,36,9,6,1,0.765,0.167,1
12954,Delhi,Mumbai,CC,GN,18,12,4,0,0.793,0.201,0
12010,Bengaluru,Chennai,SL,GN,13,29,6,1,0.722,0.311,1
12624,New Delhi,Chennai,CC,GN,26,8,5,1,0.719,0.168,0
12841,Howrah,Chennai,3A,GN,29,6,5,1,0.822,0.159,0
12954,Delhi,Mumbai,3A,GN,27,14,5,1,0.788,0.249,1
12841,Howrah,Chennai,SL,GN,8,5,3,0,0.632,0.123,1
12955,Mumbai,Delhi,3A,GN,22,5,1,0,0.79,0.2,1
12622,New Delhi,Chennai,SL,GN,2,18,3,0,0.858,0.225,1
12840,Chennai,Howrah,CC,GN,50,24,2,0,0.919,0.182,0
12011,Chennai,Bengaluru,SL,GN,32,4,5,1,0.98,0.195,0
12956,Delhi,Mumbai,2A,TQ,22,29,6,1,0.901,0.227,0
12622,New Delhi,Chennai,SL,GN,20,17,0,0,0.768,0.125,1
12012,Bengaluru,Chennai,2A,TQ,8,22,3,0,0.799,0.235,0
12842,Chennai,Howrah,3A,TQ,58,29,1,0,0.838,0.109,0
12626,New Delhi,Chennai,3A,TQ,51,27,6,1,0.851,0.123,0
12007,Chennai,Bengaluru,CC,GN,52,20,3,0,0.642,0.244,0
12010,Bengaluru,Chennai,3A,TQ,30,12,3,0,0.894,0.238,0
12626,New Delhi,Chennai,CC,TQ,54,27,0,0,0.772,0.291,0
12622,New Delhi,Chennai,SL,TQ,57,18,4,0,0.784,0.216,0
12843,Howrah,Chennai,CC,TQ,28,3,1,0,0.796,0.166,0
12951,Mumbai,Delhi,2A,GN,49,28,5,1,0.703,0.155,1
12839,Howrah,Chennai,2A,GN,30,1,2,0,0.805,0.214,1
12951,Mumbai,Delhi,SL,GN,38,8,3,0,0.76,0.145,0
12839,Howrah,Chennai,2A,GN,12,28,0,0,0.654,0.236,1
12621,Chennai,New Delhi,CC,GN,9,10,4,0,0.607,0.204,1
12956,Delhi,Mumbai,SL,GN,35,8,0,0,0.637,0.182,0
12624,New Delhi,Chennai,CC,GN,11,2,0,0,0.9,0.1,0
12953,Mumbai,Delhi,SL,TQ,10,17,1,0,0.843,0.166,1
12955,Mumbai,Delhi,CC,GN,16,29,2,0,0.67,0.147,1
12625,Chennai,New Delhi,SL,TQ,52,17,1,0,0.814,0.153,0
12841,Howrah,Chennai,2A,GN,16,7,5,1,0.695,0.24,0
12954,Delhi,Mumbai,2A,TQ,40,28,2,0,0.814,0.18,1
12011,Chennai,Bengaluru,3A,TQ,28,1,5,1,0.828,0.189,1
12010,Bengaluru,Chennai,SL,GN,9,28,3,0,0.738,0.133,1
12953,Mumbai,Delhi,2A,TQ,18,6,1,0,0.905,0.086,1
12844,Chennai,Howrah,3A,GN,41,19,5,1,0.817,0.048,0
12952,Delhi,Mumbai,CC,TQ,25,10,0,0,0.881,0.191,0
12955,Mumbai,Delhi,2A,GN,33,29,3,0,0.881,0.24,0
12011,Chennai,Bengaluru,2A,TQ,58,21,6,1,0.665,0.184,0
12955,Mumbai,Delhi,CC,GN,17,1,5,1,0.641,0.118,1
12621,Chennai,New Delhi,2A,GN,30,22,2,0,0.719,0.269,1
12007,Chennai,Bengaluru,3A,GN,49,22,5,1,0.666,0.146,1
12953,Mumbai,Delhi,SL,GN,43,30,3,0,0.788,0.057,0
12623,Chennai,New Delhi,SL,GN,52,26,4,0,0.58,0.129,0
12011,Chennai,Bengaluru,SL,GN,47,4,2,0,0.679,0.222,0
12622,New Delhi,Chennai,2A,GN,41,13,1,0,0.806,0.378,0
12622,New Delhi,Chennai,3A,GN,21,12,2,0,0.871,0.063,0
12012,Bengaluru,Chennai,CC,GN,2,29,6,1,0.689,0.245,1
12623,Chennai,New Delhi,SL,GN,14,26,4,0,0.742,0.175,1
12623,Chennai,New Delhi,3A,GN,58,15,1,0,0.849,0.281,0
12839,Howrah,Chennai,CC,TQ,39,28,1,0,0.98,0.141,0
12952,Delhi,Mumbai,2A,GN,16,5,5,1,0.794,0.254,0
12622,New Delhi,Chennai,3A,GN,51,22,3,0,0.75,0.176,1
12625,Chennai,New Delhi,3A,GN,9,24,6,1,0.968,0.138,1
12009,Chennai,Bengaluru,CC,GN,39,4,2,0,0.707,0.234,0
12621,Chennai,New Delhi,CC,GN,20,6,3,0,0.831,0.194,1
12843,Howrah,Chennai,3A,GN,43,11,0,0,0.758,0.094,0
12839,Howrah,Chennai,CC,GN,46,29,6,1,0.723,0.219,0
12007,Chennai,Bengaluru,3A,GN,22,20,4,0,0.706,0.125,1
12839,Howrah,Chennai,SL,GN,56,24,2,0,0.755,0.312,0
12008,Bengaluru,Chennai,CC,GN,26,16,1,0,0.825,0.209,1
12622,New Delhi,Chennai,SL,GN,27,18,1,0,0.873,0.031,0
12623,Chennai,New Delhi,2A,GN,56,13,3,0,0.931,0.126,0
12839,Howrah,Chennai,3A,TQ,38,11,5,1,0.71,0.094,0
12007,Chennai,Bengaluru,3A,GN,39,10,4,0,0.766,0.217,0
12842,Chennai,Howrah,SL,GN,31,12,3,0,0.773,0.098,1
12839,Howrah,Chennai,3A,GN,36,13,5,1,0.59,0.127,0
12008,Bengaluru,Chennai,3A,GN,28,12,0,0,0.739,0.245,0
12844,Chennai,Howrah,2A,GN,6,21,4,0,0.713,0.192,1
12841,Howrah,Chennai,CC,GN,9,11,4,0,0.701,0.237,1
12952,Delhi,Mumbai,CC,GN,24,28,3,0,0.756,0.281,1
12951,Mumbai,Delhi,SL,GN,52,22,5,1,0.85,0.178,0
12007,Chennai,Bengaluru,3A,GN,48,1,6,1,0.673,0.136,0
12844,Chennai,Howrah,3A,GN,12,10,6,1,0.576,0.117,0
12954,Delhi,Mumbai,2A,GN,54,29,3,0,0.98,0.208,0
12841,Howrah,Chennai,2A,GN,7,22,3,0,0.974,0.198,1
12009,Chennai,Bengaluru,SL,GN,5,29,2,0,0.804,0.101,1
12626,New Delhi,Chennai,CC,GN,14,16,4,0,0.576,0.241,0
12956,Delhi,Mumbai,SL,GN,9,1,6,1,0.762,0.074,0
12626,New Delhi,Chennai,SL,GN,48,3,3,0,0.84,0.218,0
12840,Chennai,Howrah,2A,GN,45,9,0,0,0.67,0.352,0
12840,Chennai,Howrah,SL,GN,48,29,3,0,0.98,0.094,0
12843,Howrah,Chennai,SL,TQ,59,4,2,0,0.909,0.228,0
12625,Chennai,New Delhi,CC,GN,55,13,1,0,0.778,0.205,0
12008,Bengaluru,Chennai,2A,GN,6,14,2,0,0.702,0.277,1
12011,Chennai,Bengaluru,2A,TQ,19,8,3,0,0.748,0.199,0
12840,Chennai,Howrah,SL,GN,40,19,0,0,0.832,0.19,1
12841,Howrah,Chennai,SL,GN,28,8,5,1,0.838,0.247,1
12844,Chennai,Howrah,CC,GN,59,2,6,1,0.764,0.14,0
12956,Delhi,Mumbai,CC,GN,55,14,5,1,0.643,0.221,0
12622,New Delhi,Chennai,CC,TQ,15,7,6,1,0.716,0.03,0
12010,Bengaluru,Chennai,SL,GN,54,2,4,0,0.679,0.229,0
12954,Delhi,Mumbai,CC,GN,30,24,3,0,0.795,0.09,0
12844,Chennai,Howrah,SL,GN,40,20,1,0,0.602,0.094,0
12842,Chennai,Howrah,3A,GN,47,19,1,0,0.574,0.295,1
12841,Howrah,Chennai,3A,GN,58,12,4,0,0.74,0.089,0
12621,Chennai,New Delhi,3A,GN,20,25,2,0,0.848,0.253,1
12625,Chennai,New Delhi,2A,GN,21,18,1,0,0.701,0.232,0
12011,Chennai,Bengaluru,SL,GN,32,2,2,0,0.857,0.23,0
12954,Delhi,Mumbai,3A,GN,59,23,4,0,0.663,0.347,1
12012,Bengaluru,Chennai,2A,GN,28,11,0,0,0.6,0.217,0
12843,Howrah,Chennai,SL,GN,5,9,3,0,0.656,0.24,0
12844,Chennai,Howrah,CC,TQ,39,14,2,0,0.842,0.053,0
12011,Chennai,Bengaluru,CC,GN,36,27,4,0,0.704,0.136,0
12008,Bengaluru,Chennai,SL,GN,58,23,3,0,0.811,0.076,1
12621,Chennai,New Delhi,SL,GN,46,27,1,0,0.871,0.095,0
12625,Chennai,New Delhi,CC,GN,54,19,0,0,0.902,0.138,0
12956,Delhi,Mumbai,SL,TQ,22,7,0,0,0.804,0.175,0
12843,Howrah,Chennai,SL,TQ,23,13,3,0,0.732,0.051,0
12007,Chennai,Bengaluru,SL,TQ,39,20,6,1,0.689,0.233,1
12843,Howrah,Chennai,SL,GN,12,13,6,1,0.732,0.204,1
12625,Chennai,New Delhi,3A,GN,15,19,6,1,0.943,0.19,1
12841,Howrah,Chennai,CC,GN,13,21,6,1,0.864,0.31,1
12843,Howrah,Chennai,CC,GN,50,1,1,0,0.651,0.196,1
12953,Mumbai,Delhi,2A,GN,60,13,0,0,0.728,0.276,0
12009,Chennai,Bengaluru,3A,GN,55,30,6,1,0.946,0.195,1
12625,Chennai,New Delhi,2A,GN,41,21,6,1,0.756,0.211,0
12007,Chennai,Bengaluru,SL,GN,59,18,5,1,0.8,0.24,0
12621,Chennai,New Delhi,3A,GN,60,7,4,0,0.838,0.207,0
12011,Chennai,Bengaluru,2A,TQ,27,12,6,1,0.831,0.174,1
12843,Howrah,Chennai,CC,GN,16,11,1,0,0.682,0.33,0
12625,Chennai,New Delhi,3A,GN,40,3,3,0,0.98,0.173,0
12952,Delhi,Mumbai,2A,GN,18,22,1,0,0.707,0.377,1
12008,Bengaluru,Chennai,CC,GN,58,1,6,1,0.517,0.366,0
12007,Chennai,Bengaluru,2A,GN,8,19,0,0,0.666,0.231,1
12010,Bengaluru,Chennai,3A,GN,32,29,0,0,0.684,0.221,1
12011,Chennai,Bengaluru,CC,TQ,6,6,6,1,0.801,0.174,1
12842,Chennai,Howrah,2A,GN,22,1,1,0,0.723,0.298,1
12840,Chennai,Howrah,SL,GN,26,22,4,0,0.748,0.247,1
12622,New Delhi,Chennai,3A,GN,59,21,2,0,0.578,0.331,0
12844,Chennai,Howrah,SL,GN,57,3,6,1,0.796,0.216,0
12844,Chennai,Howrah,2A,GN,24,19,4,0,0.586,0.171,1
12951,Mumbai,Delhi,SL,TQ,48,19,1,0,0.69,0.247,0
12839,Howrah,Chennai,CC,GN,58,7,1,0,0.856,0.137,0
12844,Chennai,Howrah,SL,GN,51,29,0,0,0.691,0.311,0
12010,Bengaluru,Chennai,SL,GN,26,24,1,0,0.668,0.132,1
12840,Chennai,Howrah,3A,GN,19,13,0,0,0.942,0.156,1
12008,Bengaluru,Chennai,3A,GN,49,26,0,0,0.886,0.164,0
12011,Chennai,Bengaluru,3A,GN,3,30,0,0,0.98,0.249,1
12624,New Delhi,Chennai,SL,GN,35,20,4,0,0.774,0.118,0
12626,New Delhi,Chennai,CC,GN,14,22,0,0,0.725,0.222,0
12625,Chennai,New Delhi,2A,GN,6,4,3,0,0.725,0.237,0
12008,Bengaluru,Chennai,SL,GN,32,25,3,0,0.98,0.196,1
12839,Howrah,Chennai,2A,GN,6,8,0,0,0.931,0.119,1
12954,Delhi,Mumbai,2A,GN,21,30,1,0,0.726,0.233,1
12007,Chennai,Bengaluru,3A,GN,41,3,6,1,0.871,0.191,0
12955,Mumbai,Delhi,2A,GN,48,21,2,0,0.877,0.212,1
12844,Chennai,Howrah,SL,TQ,18,17,1,0,0.758,0.164,0
12009,Chennai,Bengaluru,3A,GN,20,17,1,0,0.845,0.176,1
12841,Howrah,Chennai,3A,GN,50,30,0,0,0.839,0.065,0
12952,Delhi,Mumbai,CC,GN,40,26,0,0,0.731,0.23,1
12841,Howrah,Chennai,3A,GN,2,30,4,0,0.728,0.281,1
12952,Delhi,Mumbai,CC,GN,30,23,4,0,0.721,0.255,0
12840,Chennai,Howrah,SL,GN,25,9,3,0,0.684,0.16,0
12956,Delhi,Mumbai,2A,GN,29,2,4,0,0.835,0.174,0
12008,Bengaluru,Chennai,CC,GN,6,12,0,0,0.77,0.237,1
12956,Delhi,Mumbai,3A,GN,9,17,1,0,0.98,0.084,1
12009,Chennai,Bengaluru,CC,GN,34,9,2,0,0.835,0.212,0
12623,Chennai,New Delhi,3A,TQ,28,22,0,0,0.71,0.216,1
12839,Howrah,Chennai,SL,GN,31,9,2,0,0.955,0.115,1
12621,Chennai,New Delhi,SL,GN,50,1,5,1,0.769,0.195,0
12841,Howrah,Chennai,2A,TQ,52,4,4,0,0.862,0.108,0
12843,Howrah,Chennai,3A,GN,54,26,5,1,0.83,0.167,0
12842,Chennai,Howrah,3A,GN,1,15,0,0,0.708,0.232,1
12952,Delhi,Mumbai,2A,GN,19,6,5,1,0.712,0.119,0
12622,New Delhi,Chennai,3A,GN,57,11,1,0,0.738,0.043,0
12844,Chennai,Howrah,2A,TQ,21,1,0,0,0.98,0.188,0
12623,Chennai,New Delhi,CC,GN,39,21,6,1,0.875,0.332,1
12839,Howrah,Chennai,CC,TQ,59,20,1,0,0.74,0.292,0
12956,Delhi,Mumbai,CC,GN,60,21,3,0,0.742,0.121,1
12007,Chennai,Bengaluru,3A,GN,36,28,4,0,0.805,0.134,1
12008,Bengaluru,Chennai,CC,GN,36,26,0,0,0.894,0.218,1
12624,New Delhi,Chennai,3A,GN,59,12,2,0,0.62,0.03,0
12843,Howrah,Chennai,2A,GN,21,25,6,1,0.736,0.161,1
12624,New Delhi,Chennai,SL,GN,12,19,3,0,0.98,0.283,0
12623,Chennai,New Delhi,SL,GN,55,25,2,0,0.759,0.03,0
12956,Delhi,Mumbai,CC,GN,51,14,1,0,0.648,0.172,1
12952,Delhi,Mumbai,2A,GN,38,18,2,0,0.755,0.139,1
12954,Delhi,Mumbai,CC,GN,43,12,2,0,0.848,0.199,0
12842,Chennai,Howrah,CC,GN,26,12,1,0,0.624,0.194,0
12954,Delhi,Mumbai,2A,GN,46,15,1,0,0.612,0.047,0
12010,Bengaluru,Chennai,CC,GN,39,12,3,0,0.807,0.113,0
12843,Howrah,Chennai,CC,GN,43,19,2,0,0.724,0.084,0
12844,Chennai,Howrah,3A,GN,34,20,3,0,0.918,0.143,1
12840,Chennai,Howrah,CC,GN,11,13,2,0,0.914,0.178,1
12623,Chennai,New Delhi,3A,GN,56,20,6,1,0.856,0.096,1
12844,Chennai,Howrah,2A,GN,54,24,6,1,0.836,0.293,0
12624,New Delhi,Chennai,3A,GN,10,7,1,0,0.719,0.121,0
12623,Chennai,New Delhi,CC,GN,49,19,3,0,0.685,0.095,1
12625,Chennai,New Delhi,3A,GN,27,29,6,1,0.967,0.177,1
12840,Chennai,Howrah,SL,TQ,51,17,4,0,0.789,0.324,0
12844,Chennai,Howrah,2A,GN,58,6,2,0,0.98,0.224,0
12954,Delhi,Mumbai,CC,GN,40,13,5,1,0.736,0.26,1
12840,Chennai,Howrah,2A,GN,19,7,6,1,0.917,0.195,0
12956,Delhi,Mumbai,SL,GN,9,29,3,0,0.81,0.133,0
12621,Chennai,New Delhi,3A,GN,17,23,2,0,0.71,0.174,1
12621,Chennai,New Delhi,3A,GN,47,20,0,0,0.712,0.19,0
12841,Howrah,Chennai,2A,GN,37,30,4,0,0.78,0.275,0
12955,Mumbai,Delhi,CC,GN,18,6,0,0,0.764,0.095,0
12956,Delhi,Mumbai,3A,GN,25,14,2,0,0.854,0.162,0
12839,Howrah,Chennai,3A,GN,2,22,1,0,0.98,0.209,1
12012,Bengaluru,Chennai,2A,GN,8,21,4,0,0.691,0.262,0
12009,Chennai,Bengaluru,SL,TQ,4,24,5,1,0.9,0.227,0
12011,Chennai,Bengaluru,2A,GN,20,23,1,0,0.98,0.152,1
12843,Howrah,Chennai,SL,GN,16,16,4,0,0.773,0.061,0
12621,Chennai,New Delhi,CC,GN,36,17,1,0,0.836,0.202,0
12011,Chennai,Bengaluru,SL,GN,12,19,5,1,0.724,0.239,0
12623,Chennai,New Delhi,2A,TQ,41,19,6,1,0.608,0.299,0
12844,Chennai,Howrah,SL,GN,24,30,2,0,0.87,0.085,1
12625,Chennai,New Delhi,3A,GN,17,16,1,0,0.876,0.263,1
12624,New Delhi,Chennai,3A,GN,30,2,0,0,0.764,0.165,1
12839,Howrah,Chennai,2A,TQ,9,14,4,0,0.906,0.135,0
12844,Chennai,Howrah,CC,TQ,45,22,4,0,0.709,0.222,1
12625,Chennai,New Delhi,2A,GN,1,14,0,0,0.671,0.22,1
12842,Chennai,Howrah,3A,GN,24,28,2,0,0.741,0.29,0
12844,Chennai,Howrah,CC,GN,8,20,0,0,0.98,0.145,1
12954,Delhi,Mumbai,3A,TQ,21,6,6,1,0.673,0.123,0
12844,Chennai,Howrah,SL,GN,25,12,6,1,0.699,0.175,1
12955,Mumbai,Delhi,SL,TQ,31,6,6,1,0.88,0.239,0
12955,Mumbai,Delhi,CC,TQ,38,28,3,0,0.714,0.074,1
12625,Chennai,New Delhi,2A,GN,53,18,4,0,0.883,0.074,0
12841,Howrah,Chennai,SL,GN,46,16,2,0,0.853,0.213,1
12624,New Delhi,Chennai,SL,TQ,20,10,0,0,0.75,0.18,1
12010,Bengaluru,Chennai,2A,GN,21,22,5,1,0.664,0.126,1
12842,Chennai,Howrah,3A,GN,44,8,3,0,0.692,0.146,0
12623,Chennai,New Delhi,SL,GN,23,29,0,0,0.834,0.206,1
12009,Chennai,Bengaluru,SL,GN,39,6,0,0,0.716,0.075,0
12625,Chennai,New Delhi,SL,TQ,22,11,6,1,0.718,0.104,0
12842,Chennai,Howrah,2A,GN,17,7,5,1,0.683,0.147,1
12012,Bengaluru,Chennai,2A,GN,16,18,2,0,0.855,0.194,1
12009,Chennai,Bengaluru,SL,GN,46,21,4,0,0.782,0.173,1
12951,Mumbai,Delhi,3A,GN,29,27,4,0,0.752,0.097,1
12623,Chennai,New Delhi,CC,TQ,55,30,0,0,0.872,0.216,1
12007,Chennai,Bengaluru,2A,GN,8,30,5,1,0.78,0.138,1
12010,Bengaluru,Chennai,3A,GN,27,20,5,1,0.864,0.195,0
12008,Bengaluru,Chennai,3A,GN,45,11,5,1,0.877,0.092,0
12621,Chennai,New Delhi,CC,GN,4,9,6,1,0.806,0.242,0
12008,Bengaluru,Chennai,CC,GN,11,14,2,0,0.703,0.201,1
12954,Delhi,Mumbai,2A,TQ,17,15,1,0,0.833,0.171,0
12623,Chennai,New Delhi,2A,TQ,28,30,4,0,0.837,0.226,1
12952,Delhi,Mumbai,2A,GN,17,4,5,1,0.706,0.177,1
12955,Mumbai,Delhi,3A,GN,22,25,2,0,0.645,0.115,1
12623,Chennai,New Delhi,2A,GN,35,8,4,0,0.889,0.102,1
12840,Chennai,Howrah,SL,TQ,46,7,4,0,0.906,0.205,0
12008,Bengaluru,Chennai,SL,GN,7,17,2,0,0.828,0.255,0
12951,Mumbai,Delhi,SL,GN,31,1,4,0,0.556,0.141,0
12626,New Delhi,Chennai,2A,GN,55,21,4,0,0.802,0.12,0
12007,Chennai,Bengaluru,SL,GN,59,20,1,0,0.83,0.284,0
12955,Mumbai,Delhi,CC,GN,54,7,1,0,0.653,0.248,0
12956,Delhi,Mumbai,CC,GN,43,16,6,1,0.84,0.13,0
12839,Howrah,Chennai,CC,GN,29,11,5,1,0.696,0.175,0
12956,Delhi,Mumbai,CC,GN,56,13,4,0,0.795,0.099,0
12624,New Delhi,Chennai,3A,TQ,51,13,1,0,0.921,0.235,0
12953,Mumbai,Delhi,CC,GN,35,12,3,0,0.866,0.151,0
12008,Bengaluru,Chennai,2A,GN,41,20,1,0,0.924,0.206,0
12011,Chennai,Bengaluru,CC,TQ,34,16,4,0,0.648,0.185,0
12011,Chennai,Bengaluru,3A,TQ,30,10,3,0,0.866,0.095,0
12007,Chennai,Bengaluru,3A,GN,5,20,1,0,0.865,0.151,1
12956,Delhi,Mumbai,3A,GN,54,17,0,0,0.638,0.181,0
12010,Bengaluru,Chennai,3A,GN,5,29,3,0,0.7,0.119,1
12008,Bengaluru,Chennai,CC,GN,56,13,0,0,0.76,0.168,0
12954,Delhi,Mumbai,CC,GN,5,21,5,1,0.756,0.164,1
12625,Chennai,New Delhi,SL,GN,26,1,3,0,0.784,0.124,0
12951,Mumbai,Delhi,CC,GN,57,22,1,0,0.712,0.069,0
12843,Howrah,Chennai,3A,TQ,51,25,1,0,0.805,0.099,0
12840,Chennai,Howrah,2A,TQ,13,19,4,0,0.813,0.074,0
12841,Howrah,Chennai,3A,GN,47,30,3,0,0.644,0.296,1
12951,Mumbai,Delhi,3A,GN,44,10,2,0,0.728,0.171,0
12009,Chennai,Bengaluru,SL,GN,30,15,1,0,0.703,0.328,0
12956,Delhi,Mumbai,CC,GN,50,18,5,1,0.709,0.228,0
12954,Delhi,Mumbai,CC,GN,30,4,4,0,0.827,0.291,1
12953,Mumbai,Delhi,3A,TQ,3,11,0,0,0.763,0.065,1
12841,Howrah,Chennai,CC,GN,20,18,3,0,0.868,0.154,0
12011,Chennai,Bengaluru,SL,GN,6,8,1,0,0.733,0.201,1
12008,Bengaluru,Chennai,SL,GN,49,16,3,0,0.757,0.173,1
12955,Mumbai,Delhi,CC,GN,32,29,6,1,0.852,0.167,0
12840,Chennai,Howrah,2A,GN,4,20,6,1,0.789,0.153,0
12953,Mumbai,Delhi,CC,GN,26,28,3,0,0.595,0.127,1
12625,Chennai,New Delhi,CC,GN,20,21,6,1,0.776,0.195,1
12840,Chennai,Howrah,3A,GN,57,25,3,0,0.905,0.124,0
12841,Howrah,Chennai,CC,GN,44,2,1,0,0.705,0.15,0
12955,Mumbai,Delhi,SL,GN,36,1,5,1,0.898,0.193,0
12952,Delhi,Mumbai,CC,TQ,43,2,1,0,0.714,0.251,0
12840,Chennai,Howrah,2A,GN,2,3,1,0,0.68,0.339,1
12841,Howrah,Chennai,SL,GN,52,22,2,0,0.679,0.076,0
12009,Chennai,Bengaluru,SL,GN,1,14,6,1,0.448,0.165,0
12951,Mumbai,Delhi,3A,GN,38,15,4,0,0.741,0.105,1
12626,New Delhi,Chennai,SL,GN,23,30,5,1,0.766,0.03,1
12622,New Delhi,Chennai,CC,GN,57,30,0,0,0.612,0.178,0
12009,Chennai,Bengaluru,CC,GN,14,17,4,0,0.841,0.247,0
12953,Mumbai,Delhi,CC,TQ,57,3,1,0,0.811,0.262,0
12625,Chennai,New Delhi,3A,GN,18,21,2,0,0.801,0.09,1
12952,Delhi,Mumbai,CC,GN,49,9,1,0,0.845,0.129,0
12621,Chennai,New Delhi,CC,GN,44,15,2,0,0.689,0.239,0
12956,Delhi,Mumbai,SL,GN,16,3,4,0,0.848,0.132,1
12625,Chennai,New Delhi,CC,GN,28,28,6,1,0.843,0.236,1
12956,Delhi,Mumbai,2A,GN,26,26,4,0,0.603,0.143,0
12839,Howrah,Chennai,SL,TQ,3,28,5,1,0.564,0.304,0
12840,Chennai,Howrah,SL,GN,1,9,0,0,0.866,0.306,1
12011,Chennai,Bengaluru,3A,GN,6,7,0,0,0.547,0.215,0
12009,Chennai,Bengaluru,3A,TQ,23,16,6,1,0.68,0.214,0
12623,Chennai,New Delhi,3A,TQ,14,18,4,0,0.752,0.286,1
12010,Bengaluru,Chennai,CC,GN,40,29,3,0,0.691,0.111,0
12841,Howrah,Chennai,SL,GN,18,4,3,0,0.679,0.151,0
12952,Delhi,Mumbai,SL,GN,35,9,2,0,0.639,0.273,0
12955,Mumbai,Delhi,2A,TQ,4,29,4,0,0.777,0.085,1
12008,Bengaluru,Chennai,2A,GN,29,8,2,0,0.776,0.242,0
12841,Howrah,Chennai,2A,TQ,58,7,3,0,0.687,0.104,0
12625,Chennai,New Delhi,CC,GN,3,2,5,1,0.774,0.228,0
12012,Bengaluru,Chennai,3A,GN,55,14,1,0,0.802,0.185,0
12008,Bengaluru,Chennai,3A,GN,21,6,1,0,0.721,0.057,1
12955,Mumbai,Delhi,SL,GN,51,18,1,0,0.837,0.168,0
12840,Chennai,Howrah,2A,GN,26,16,5,1,0.895,0.331,0
12625,Chennai,New Delhi,CC,GN,27,28,1,0,0.846,0.149,1
12844,Chennai,Howrah,SL,GN,4,29,6,1,0.82,0.095,1
12955,Mumbai,Delhi,2A,GN,24,21,5,1,0.885,0.194,0
12954,Delhi,Mumbai,3A,GN,39,7,4,0,0.658,0.169,1
12954,Delhi,Mumbai,3A,GN,50,20,0,0,0.606,0.296,1
12012,Bengaluru,Chennai,CC,TQ,8,29,1,0,0.694,0.201,0
12010,Bengaluru,Chennai,2A,GN,17,4,0,0,0.98,0.156,0
12840,Chennai,Howrah,CC,GN,6,30,1,0,0.743,0.077,1
12008,Bengaluru,Chennai,3A,GN,10,12,4,0,0.697,0.216,0
12955,Mumbai,Delhi,2A,GN,47,7,2,0,0.83,0.245,0
12625,Chennai,New Delhi,3A,GN,18,16,2,0,0.708,0.191,1
12011,Chennai,Bengaluru,3A,TQ,39,27,6,1,0.771,0.216,0
12621,Chennai,New Delhi,CC,GN,11,30,2,0,0.836,0.297,1
12839,Howrah,Chennai,3A,GN,34,18,6,1,0.965,0.317,0
12008,Bengaluru,Chennai,CC,GN,56,8,1,0,0.776,0.138,1
12842,Chennai,Howrah,2A,GN,52,20,1,0,0.98,0.238,0
12841,Howrah,Chennai,3A,GN,2,28,1,0,0.83,0.194,1
12011,Chennai,Bengaluru,2A,GN,3,19,6,1,0.727,0.241,0
12623,Chennai,New Delhi,2A,GN,41,6,3,0,0.781,0.172,0
12951,Mumbai,Delhi,CC,GN,37,3,3,0,0.778,0.205,0
12621,Chennai,New Delhi,2A,GN,32,26,5,1,0.842,0.217,1
12843,Howrah,Chennai,SL,GN,57,1,4,0,0.923,0.129,1
12951,Mumbai,Delhi,CC,GN,18,11,1,0,0.822,0.151,0
12953,Mumbai,Delhi,2A,GN,59,6,1,0,0.923,0.08,0
12626,New Delhi,Chennai,CC,GN,37,17,4,0,0.666,0.149,1
12842,Chennai,Howrah,SL,GN,45,12,5,1,0.773,0.185,0
12007,Chennai,Bengaluru,2A,GN,18,5,5,1,0.718,0.092,1
12625,Chennai,New Delhi,2A,GN,48,4,2,0,0.684,0.139,0
12012,Bengaluru,Chennai,CC,GN,60,10,1,0,0.866,0.164,0
12952,Delhi,Mumbai,2A,GN,8,25,5,1,0.661,0.287,1
12622,New Delhi,Chennai,CC,GN,58,15,4,0,0.526,0.125,0
12008,Bengaluru,Chennai,3A,GN,44,1,2,0,0.632,0.196,0
12844,Chennai,Howrah,SL,GN,40,8,6,1,0.887,0.2,0
12839,Howrah,Chennai,CC,GN,42,12,1,0,0.809,0.25,1
12843,Howrah,Chennai,2A,GN,3,5,4,0,0.664,0.133,0
12623,Chennai,New Delhi,CC,GN,24,11,5,1,0.796,0.116,1
12840,Chennai,Howrah,SL,GN,36,25,2,0,0.751,0.116,1
12951,Mumbai,Delhi,SL,GN,20,13,6,1,0.716,0.124,1
12952,Delhi,Mumbai,3A,GN,29,4,1,0,0.73,0.144,0
12843,Howrah,Chennai,3A,GN,31,24,4,0,0.748,0.189,1
12622,New Delhi,Chennai,SL,GN,27,9,1,0,0.585,0.27,0
12955,Mumbai,Delhi,SL,GN,25,3,0,0,0.787,0.184,0
12952,Delhi,Mumbai,CC,GN,54,10,1,0,0.893,0.156,0
12951,Mumbai,Delhi,CC,GN,44,10,0,0,0.76,0.189,0
12621,Chennai,New Delhi,3A,GN,27,12,4,0,0.912,0.116,1
12622,New Delhi,Chennai,SL,TQ,48,12,5,1,0.841,0.08,0
12844,Chennai,Howrah,SL,GN,43,21,0,0,0.766,0.084,1
12011,Chennai,Bengaluru,SL,GN,24,15,1,0,0.707,0.099,0
12951,Mumbai,Delhi,CC,TQ,21,25,5,1,0.812,0.181,0
12009,Chennai,Bengaluru,2A,GN,28,27,3,0,0.803,0.191,1
12012,Bengaluru,Chennai,CC,GN,14,13,1,0,0.754,0.262,0
12621,Chennai,New Delhi,3A,GN,17,18,0,0,0.647,0.129,1
12842,Chennai,Howrah,SL,GN,18,29,2,0,0.853,0.255,1
12951,Mumbai,Delhi,SL,GN,55,11,3,0,0.842,0.188,0
12008,Bengaluru,Chennai,CC,GN,39,17,6,1,0.891,0.136,1
12840,Chennai,Howrah,SL,GN,30,29,0,0,0.795,0.236,1
12623,Chennai,New Delhi,2A,GN,11,15,6,1,0.67,0.064,0
12621,Chennai,New Delhi,SL,GN,18,30,1,0,0.663,0.109,1
12009,Chennai,Bengaluru,2A,GN,10,28,5,1,0.79,0.231,0
12009,Chennai,Bengaluru,3A,GN,52,19,6,1,0.807,0.253,0
12955,Mumbai,Delhi,CC,GN,23,18,5,1,0.801,0.141,0
12954,Delhi,Mumbai,2A,GN,18,4,6,1,0.832,0.161,0
12840,Chennai,Howrah,SL,GN,59,24,6,1,0.771,0.187,0
12622,New Delhi,Chennai,2A,GN,28,16,2,0,0.815,0.204,0
12842,Chennai,Howrah,CC,GN,12,27,6,1,0.658,0.057,1
12954,Delhi,Mumbai,SL,TQ,48,19,3,0,0.628,0.204,0
12840,Chennai,Howrah,SL,GN,53,23,4,0,0.812,0.231,1
12622,New Delhi,Chennai,CC,TQ,50,24,4,0,0.63,0.03,0
12622,New Delhi,Chennai,3A,GN,9,1,5,1,0.871,0.27,1
12009,Chennai,Bengaluru,CC,TQ,18,29,3,0,0.698,0.161,0
12951,Mumbai,Delhi,SL,GN,57,13,5,1,0.814,0.215,0
12011,Chennai,Bengaluru,2A,GN,23,17,1,0,0.789,0.086,1
12952,Delhi,Mumbai,2A,GN,26,16,3,0,0.778,0.229,1
12008,Bengaluru,Chennai,SL,TQ,17,1,5,1,0.796,0.169,0
12007,Chennai,Bengaluru,CC,GN,13,23,5,1,0.745,0.108,1
12844,Chennai,Howrah,SL,GN,29,20,1,0,0.907,0.246,1
12840,Chennai,Howrah,CC,GN,52,20,6,1,0.717,0.265,0
12622,New Delhi,Chennai,SL,GN,58,29,6,1,0.841,0.185,0
12952,Delhi,Mumbai,2A,GN,39,9,3,0,0.822,0.215,1
12622,New Delhi,Chennai,CC,GN,56,29,4,0,0.757,0.196,1
12840,Chennai,Howrah,2A,GN,59,16,6,1,0.68,0.082,0
12622,New Delhi,Chennai,CC,TQ,44,27,5,1,0.821,0.104,1
12622,New Delhi,Chennai,2A,GN,28,6,0,0,0.833,0.061,0
12007,Chennai,Bengaluru,2A,GN,38,28,2,0,0.62,0.167,1
12626,New Delhi,Chennai,SL,GN,55,3,3,0,0.855,0.192,0
12009,Chennai,Bengaluru,2A,GN,44,29,1,0,0.858,0.224,1
12841,Howrah,Chennai,SL,GN,33,23,2,0,0.795,0.234,1
12952,Delhi,Mumbai,SL,TQ,23,22,1,0,0.699,0.151,1
12010,Bengaluru,Chennai,CC,TQ,23,9,1,0,0.686,0.232,0
12625,Chennai,New Delhi,3A,GN,59,14,1,0,0.593,0.203,1
12841,Howrah,Chennai,CC,GN,26,6,6,1,0.885,0.212,0
12954,Delhi,Mumbai,2A,GN,54,7,3,0,0.848,0.11,0
12007,Chennai,Bengaluru,CC,GN,54,25,1,0,0.828,0.29,1
12012,Bengaluru,Chennai,2A,GN,2,30,0,0,0.816,0.181,1
12009,Chennai,Bengaluru,CC,GN,39,16,3,0,0.768,0.192,0
12841,Howrah,Chennai,2A,TQ,16,24,2,0,0.645,0.285,1
12625,Chennai,New Delhi,SL,GN,48,13,1,0,0.794,0.199,1
12842,Chennai,Howrah,3A,GN,14,22,0,0,0.679,0.081,0
12008,Bengaluru,Chennai,2A,GN,59,5,5,1,0.747,0.172,0
12952,Delhi,Mumbai,SL,GN,11,30,1,0,0.772,0.249,0
12841,Howrah,Chennai,3A,GN,56,5,3,0,0.676,0.184,0
12844,Chennai,Howrah,CC,GN,2,15,5,1,0.8,0.25,1
12951,Mumbai,Delhi,CC,GN,33,26,6,1,0.873,0.216,0
12953,Mumbai,Delhi,3A,GN,13,20,6,1,0.613,0.189,1
12955,Mumbai,Delhi,2A,GN,29,17,3,0,0.649,0.129,1
12954,Delhi,Mumbai,3A,TQ,18,24,1,0,0.714,0.235,1
12626,New Delhi,Chennai,SL,GN,23,14,4,0,0.754,0.174,1
12955,Mumbai,Delhi,3A,GN,1,19,2,0,0.64,0.152,0
12012,Bengaluru,Chennai,CC,GN,13,23,0,0,0.61,0.187,1
12839,Howrah,Chennai,3A,TQ,7,11,3,0,0.859,0.155,1
12008,Bengaluru,Chennai,CC,GN,19,28,1,0,0.805,0.247,1
12843,Howrah,Chennai,2A,GN,59,6,3,0,0.734,0.135,0
12955,Mumbai,Delhi,2A,GN,12,2,0,0,0.793,0.176,1
12007,Chennai,Bengaluru,SL,GN,7,14,1,0,0.762,0.227,1
12010,Bengaluru,Chennai,2A,GN,23,7,5,1,0.613,0.199,1
12843,Howrah,Chennai,CC,TQ,55,26,3,0,0.852,0.215,0
12840,Chennai,Howrah,3A,GN,23,21,1,0,0.824,0.165,1
12621,Chennai,New Delhi,2A,GN,33,4,1,0,0.719,0.174,0
12956,Delhi,Mumbai,CC,GN,17,29,6,1,0.817,0.325,0
12626,New Delhi,Chennai,CC,GN,28,25,1,0,0.846,0.248,1
12953,Mumbai,Delhi,CC,GN,38,10,5,1,0.803,0.21,0
12955,Mumbai,Delhi,CC,GN,49,12,0,0,0.611,0.165,0
12953,Mumbai,Delhi,3A,TQ,16,5,1,0,0.738,0.098,0
12843,Howrah,Chennai,2A,GN,22,14,3,0,0.699,0.157,1
12626,New Delhi,Chennai,CC,GN,54,29,2,0,0.751,0.136,0
12841,Howrah,Chennai,SL,GN,15,4,5,1,0.545,0.2,0
12954,Delhi,Mumbai,3A,GN,25,21,0,0,0.854,0.231,1
12843,Howrah,Chennai,2A,GN,34,23,6,1,0.892,0.122,0
12621,Chennai,New Delhi,3A,GN,21,22,1,0,0.973,0.184,0
12840,Chennai,Howrah,CC,GN,6,2,0,0,0.888,0.138,0
12839,Howrah,Chennai,2A,GN,56,23,0,0,0.857,0.242,0
12011,Chennai,Bengaluru,CC,GN,40,1,1,0,0.806,0.092,1
12623,Chennai,New Delhi,2A,GN,55,19,3,0,0.886,0.139,1
12955,Mumbai,Delhi,SL,GN,29,23,0,0,0.675,0.132,1
12954,Delhi,Mumbai,2A,GN,4,14,6,1,0.958,0.061,0
12951,Mumbai,Delhi,3A,TQ,33,29,0,0,0.711,0.213,1
12624,New Delhi,Chennai,SL,GN,19,7,5,1,0.788,0.232,0
12951,Mumbai,Delhi,SL,TQ,37,17,3,0,0.69,0.248,0
12839,Howrah,Chennai,SL,GN,47,19,4,0,0.83,0.096,0
12625,Chennai,New Delhi,2A,GN,49,29,4,0,0.685,0.174,0
12842,Chennai,Howrah,3A,GN,5,27,2,0,0.883,0.195,1
12954,Delhi,Mumbai,SL,GN,29,26,2,0,0.833,0.142,0
12839,Howrah,Chennai,SL,GN,8,16,1,0,0.665,0.272,0
12843,Howrah,Chennai,3A,GN,44,15,4,0,0.76,0.145,0
12952,Delhi,Mumbai,2A,TQ,28,9,5,1,0.761,0.103,1
12953,Mumbai,Delhi,CC,GN,8,25,6,1,0.857,0.169,1
12626,New Delhi,Chennai,SL,GN,38,9,0,0,0.786,0.163,0
12954,Delhi,Mumbai,2A,GN,52,6,4,0,0.797,0.199,0
12843,Howrah,Chennai,3A,GN,50,2,3,0,0.717,0.174,0
12951,Mumbai,Delhi,SL,GN,14,30,2,0,0.808,0.095,0
12008,Bengaluru,Chennai,2A,TQ,44,14,6,1,0.771,0.201,0
12622,New Delhi,Chennai,3A,GN,31,4,5,1,0.937,0.103,0
12956,Delhi,Mumbai,3A,GN,16,22,3,0,0.711,0.158,1
12011,Chennai,Bengaluru,SL,TQ,32,17,4,0,0.759,0.179,1
12621,Chennai,New Delhi,CC,GN,30,1,1,0,0.887,0.254,0
12955,Mumbai,Delhi,2A,TQ,50,28,3,0,0.704,0.272,0
12842,Chennai,Howrah,2A,GN,37,20,0,0,0.846,0.107,0
12841,Howrah,Chennai,2A,GN,6,19,3,0,0.799,0.141,1
12952,Delhi,Mumbai,SL,GN,46,8,1,0,0.792,0.3,1
12844,Chennai,Howrah,CC,GN,3,13,6,1,0.791,0.115,1
12621,Chennai,New Delhi,3A,TQ,10,17,4,0,0.822,0.253,0
12008,Bengaluru,Chennai,CC,GN,23,9,1,0,0.864,0.299,0
12624,New Delhi,Chennai,3A,GN,42,11,0,0,0.901,0.218,0
12841,Howrah,Chennai,CC,TQ,36,18,2,0,0.886,0.252,0
12624,New Delhi,Chennai,2A,GN,5,20,2,0,0.838,0.256,1
12622,New Delhi,Chennai,3A,GN,37,15,4,0,0.782,0.275,0
12007,Chennai,Bengaluru,2A,GN,32,24,2,0,0.643,0.226,1
12839,Howrah,Chennai,CC,GN,7,15,0,0,0.871,0.235,1
12953,Mumbai,Delhi,CC,GN,28,23,5,1,0.818,0.187,0
12624,New Delhi,Chennai,CC,GN,59,8,5,1,0.734,0.248,0
12839,Howrah,Chennai,CC,TQ,38,8,2,0,0.682,0.195,0
12955,Mumbai,Delhi,SL,GN,35,12,3,0,0.792,0.128,0
12011,Chennai,Bengaluru,2A,GN,17,9,2,0,0.93,0.312,0
12844,Chennai,Howrah,3A,GN,36,28,4,0,0.646,0.189,1
12952,Delhi,Mumbai,3A,GN,36,21,0,0,0.674,0.129,1
12844,Chennai,Howrah,CC,GN,52,16,3,0,0.759,0.126,0
12955,Mumbai,Delhi,3A,GN,2,9,6,1,0.524,0.176,1
12625,Chennai,New Delhi,CC,TQ,20,14,3,0,0.753,0.167,0
12626,New Delhi,Chennai,3A,GN,39,7,3,0,0.821,0.19,0
12621,Chennai,New Delhi,CC,GN,51,1,1,0,0.875,0.121,1
12842,Chennai,Howrah,CC,GN,39,16,0,0,0.845,0.164,0
12843,Howrah,Chennai,2A,GN,31,28,2,0,0.787,0.074,1
12010,Bengaluru,Chennai,2A,GN,26,6,1,0,0.98,0.136,1
12954,Delhi,Mumbai,CC,GN,31,1,4,0,0.666,0.29,0
12843,Howrah,Chennai,3A,GN,42,11,3,0,0.889,0.214,0
12841,Howrah,Chennai,CC,TQ,8,13,5,1,0.748,0.274,0
12622,New Delhi,Chennai,CC,TQ,42,19,4,0,0.858,0.179,1
12622,New Delhi,Chennai,SL,GN,50,29,4,0,0.826,0.195,1
12951,Mumbai,Delhi,SL,GN,58,25,0,0,0.735,0.158,0
12625,Chennai,New Delhi,3A,GN,17,16,6,1,0.717,0.199,1
12624,New Delhi,Chennai,2A,GN,7,22,4,0,0.721,0.068,1
12010,Bengaluru,Chennai,CC,GN,31,28,4,0,0.711,0.106,1
12843,Howrah,Chennai,SL,GN,54,2,2,0,0.744,0.27,0
12956,Delhi,Mumbai,SL,GN,39,4,0,0,0.716,0.165,0
12839,Howrah,Chennai,2A,GN,10,10,2,0,0.895,0.219,1
12844,Chennai,Howrah,3A,GN,50,30,5,1,0.754,0.307,1
12625,Chennai,New Delhi,SL,GN,34,13,0,0,0.788,0.286,0
12953,Mumbai,Delhi,2A,GN,17,26,4,0,0.888,0.086,1
12626,New Delhi,Chennai,2A,GN,60,8,6,1,0.855,0.128,0
12624,New Delhi,Chennai,SL,GN,14,28,6,1,0.752,0.202,1
12955,Mumbai,Delhi,3A,GN,20,4,6,1,0.631,0.171,0
12954,Delhi,Mumbai,CC,GN,47,24,0,0,0.749,0.13,0
12012,Bengaluru,Chennai,2A,GN,60,10,3,0,0.728,0.123,0
12955,Mumbai,Delhi,2A,GN,20,20,1,0,0.932,0.22,0
12953,Mumbai,Delhi,CC,GN,27,7,3,0,0.679,0.16,1
12625,Chennai,New Delhi,CC,TQ,10,1,2,0,0.917,0.298,0
12010,Bengaluru,Chennai,CC,GN,59,28,6,1,0.817,0.313,0
12626,New Delhi,Chennai,3A,GN,35,18,0,0,0.797,0.209,1
12955,Mumbai,Delhi,3A,GN,21,26,0,0,0.863,0.216,0
12011,Chennai,Bengaluru,CC,GN,51,1,4,0,0.838,0.307,0
12952,Delhi,Mumbai,SL,GN,32,2,5,1,0.901,0.142,1
12012,Bengaluru,Chennai,2A,GN,39,6,4,0,0.846,0.305,1
12626,New Delhi,Chennai,3A,GN,16,30,2,0,0.668,0.173,1
12008,Bengaluru,Chennai,3A,GN,42,15,5,1,0.77,0.149,0
12626,New Delhi,Chennai,3A,GN,51,28,5,1,0.692,0.134,0
12955,Mumbai,Delhi,3A,GN,30,23,2,0,0.787,0.149,0
12841,Howrah,Chennai,3A,GN,53,5,3,0,0.727,0.134,0
12623,Chennai,New Delhi,3A,TQ,42,11,6,1,0.695,0.059,0
12625,Chennai,New Delhi,SL,TQ,10,1,2,0,0.966,0.217,0
12010,Bengaluru,Chennai,2A,GN,52,26,3,0,0.824,0.156,0
12623,Chennai,New Delhi,2A,GN,26,29,3,0,0.748,0.03,1
12624,New Delhi,Chennai,SL,GN,38,29,3,0,0.587,0.197,0
12951,Mumbai,Delhi,3A,GN,19,9,6,1,0.774,0.142,0
12011,Chennai,Bengaluru,CC,GN,52,24,5,1,0.701,0.237,0
12953,Mumbai,Delhi,CC,GN,19,18,3,0,0.885,0.219,1
12844,Chennai,Howrah,3A,TQ,15,29,2,0,0.715,0.201,1
12623,Chennai,New Delhi,3A,GN,26,28,6,1,0.727,0.254,1
12622,New Delhi,Chennai,SL,TQ,6,28,2,0,0.693,0.168,0
12626,New Delhi,Chennai,2A,GN,21,7,1,0,0.878,0.16,0
12622,New Delhi,Chennai,CC,GN,19,7,1,0,0.777,0.079,1
12841,Howrah,Chennai,CC,GN,53,10,1,0,0.666,0.214,0
12955,Mumbai,Delhi,CC,GN,60,26,3,0,0.717,0.139,0
12956,Delhi,Mumbai,3A,GN,5,18,5,1,0.817,0.148,0
12008,Bengaluru,Chennai,3A,GN,4,11,6,1,0.684,0.216,0
12842,Chennai,Howrah,CC,GN,20,19,0,0,0.742,0.174,1
12952,Delhi,Mumbai,SL,GN,5,28,0,0,0.719,0.215,1
12952,Delhi,Mumbai,CC,GN,32,25,2,0,0.633,0.209,0
12844,Chennai,Howrah,3A,GN,35,25,6,1,0.805,0.322,0
12843,Howrah,Chennai,2A,GN,10,22,3,0,0.899,0.176,1
12839,Howrah,Chennai,2A,TQ,34,3,1,0,0.659,0.26,0
12011,Chennai,Bengaluru,SL,GN,45,4,6,1,0.648,0.125,0
12955,Mumbai,Delhi,2A,TQ,5,23,6,1,0.759,0.1,0
12840,Chennai,Howrah,2A,GN,35,22,1,0,0.856,0.223,0
12007,Chennai,Bengaluru,SL,GN,29,7,3,0,0.847,0.259,0
12625,Chennai,New Delhi,CC,GN,46,28,1,0,0.764,0.139,0
12954,Delhi,Mumbai,SL,TQ,16,10,1,0,0.6,0.213,0
12953,Mumbai,Delhi,2A,GN,27,12,5,1,0.711,0.125,0
12954,Delhi,Mumbai,3A,GN,3,20,1,0,0.673,0.251,0
12841,Howrah,Chennai,CC,GN,5,2,1,0,0.721,0.226,1
12624,New Delhi,Chennai,2A,GN,4,1,1,0,0.783,0.076,0
12625,Chennai,New Delhi,2A,GN,40,20,1,0,0.782,0.246,1
12623,Chennai,New Delhi,SL,GN,33,25,0,0,0.868,0.17,1
12621,Chennai,New Delhi,SL,GN,37,12,4,0,0.79,0.204,1
12009,Chennai,Bengaluru,SL,GN,12,26,5,1,0.649,0.282,1
12008,Bengaluru,Chennai,3A,GN,52,10,2,0,0.865,0.081,0
12622,New Delhi,Chennai,SL,GN,44,11,5,1,0.73,0.21,0
12951,Mumbai,Delhi,SL,GN,51,5,2,0,0.552,0.311,0
12012,Bengaluru,Chennai,SL,GN,58,7,3,0,0.803,0.198,0
12011,Chennai,Bengaluru,CC,GN,3,11,2,0,0.738,0.228,0
12622,New Delhi,Chennai,SL,GN,21,28,4,0,0.862,0.136,1
12624,New Delhi,Chennai,SL,GN,43,14,5,1,0.851,0.161,0
12839,Howrah,Chennai,SL,GN,36,24,5,1,0.763,0.138,1
12839,Howrah,Chennai,SL,GN,30,7,4,0,0.606,0.25,0
12623,Chennai,New Delhi,3A,GN,2,9,3,0,0.792,0.17,1
12623,Chennai,New Delhi,CC,GN,45,24,1,0,0.837,0.217,1
12955,Mumbai,Delhi,2A,GN,36,9,1,0,0.867,0.154,0
12009,Chennai,Bengaluru,3A,TQ,2,6,4,0,0.652,0.089,1
12842,Chennai,Howrah,2A,GN,1,10,5,1,0.757,0.097,1
12951,Mumbai,Delhi,CC,GN,38,11,3,0,0.827,0.265,0
12956,Delhi,Mumbai,SL,GN,46,23,1,0,0.679,0.173,0
12844,Chennai,Howrah,SL,GN,15,3,1,0,0.709,0.088,0
12623,Chennai,New Delhi,CC,GN,10,11,6,1,0.791,0.206,0
12952,Delhi,Mumbai,CC,TQ,13,21,6,1,0.732,0.171,1
12955,Mumbai,Delhi,CC,TQ,58,8,5,1,0.85,0.249,1
12951,Mumbai,Delhi,3A,GN,58,9,0,0,0.756,0.167,0
12012,Bengaluru,Chennai,SL,GN,59,3,5,1,0.741,0.215,0
12956,Delhi,Mumbai,CC,GN,23,22,5,1,0.98,0.143,1
12956,Delhi,Mumbai,CC,TQ,46,27,6,1,0.955,0.21,1
12842,Chennai,Howrah,SL,GN,1,24,6,1,0.69,0.14,1
12624,New Delhi,Chennai,CC,GN,33,30,4,0,0.787,0.25,1
12954,Delhi,Mumbai,3A,GN,27,29,4,0,0.753,0.15,0
12621,Chennai,New Delhi,SL,GN,7,12,5,1,0.857,0.131,0
12840,Chennai,Howrah,3A,GN,18,5,6,1,0.647,0.208,0
12839,Howrah,Chennai,CC,GN,52,28,0,0,0.904,0.229,1
12842,Chennai,Howrah,CC,GN,33,9,5,1,0.733,0.188,0
12011,Chennai,Bengaluru,3A,GN,4,19,2,0,0.769,0.151,1
12008,Bengaluru,Chennai,CC,GN,39,30,6,1,0.812,0.23,1
12012,Bengaluru,Chennai,3A,GN,47,7,1,0,0.687,0.2,0
12009,Chennai,Bengaluru,2A,GN,29,18,0,0,0.775,0.276,1
12956,Delhi,Mumbai,SL,GN,47,14,2,0,0.792,0.231,0
12951,Mumbai,Delhi,SL,TQ,46,19,1,0,0.898,0.339,0
12010,Bengaluru,Chennai,SL,GN,57,9,0,0,0.8,0.176,0
12843,Howrah,Chennai,3A,TQ,42,23,1,0,0.879,0.278,0
12626,New Delhi,Chennai,CC,GN,16,28,5,1,0.753,0.247,1
12954,Delhi,Mumbai,SL,GN,27,29,1,0,0.765,0.117,1
12953,Mumbai,Delhi,2A,GN,44,9,4,0,0.862,0.082,0
12626,New Delhi,Chennai,2A,GN,49,7,5,1,0.674,0.334,0
12951,Mumbai,Delhi,3A,GN,13,17,1,0,0.837,0.276,1
12955,Mumbai,Delhi,3A,GN,6,9,0,0,0.879,0.164,1
12007,Chennai,Bengaluru,2A,GN,56,17,0,0,0.736,0.15,0
12840,Chennai,Howrah,3A,GN,8,5,4,0,0.709,0.112,0
12956,Delhi,Mumbai,SL,GN,51,24,1,0,0.94,0.315,0
12951,Mumbai,Delhi,3A,GN,50,25,4,0,0.641,0.19,0
12953,Mumbai,Delhi,2A,TQ,34,17,0,0,0.777,0.188,0
12955,Mumbai,Delhi,SL,GN,30,29,3,0,0.752,0.244,1
12840,Chennai,Howrah,2A,GN,43,3,0,0,0.61,0.281,0
12952,Delhi,Mumbai,3A,GN,45,14,3,0,0.9,0.4,0
12954,Delhi,Mumbai,CC,GN,24,1,5,1,0.716,0.116,0
12007,Chennai,Bengaluru,3A,GN,10,1,2,0,0.723,0.143,0
12622,New Delhi,Chennai,3A,GN,45,9,1,0,0.879,0.27,0
12951,Mumbai,Delhi,CC,GN,32,14,0,0,0.699,0.248,0
12007,Chennai,Bengaluru,SL,GN,27,21,2,0,0.98,0.244,1
12626,New Delhi,Chennai,2A,GN,60,12,2,0,0.79,0.197,1
12012,Bengaluru,Chennai,2A,TQ,6,2,0,0,0.871,0.197,0
12954,Delhi,Mumbai,2A,GN,32,24,3,0,0.514,0.267,1
12626,New Delhi,Chennai,CC,GN,6,8,2,0,0.76,0.148,1
12626,New Delhi,Chennai,SL,TQ,60,17,1,0,0.818,0.2,0
12624,New Delhi,Chennai,2A,GN,38,4,1,0,0.863,0.177,0
12956,Delhi,Mumbai,2A,GN,42,27,5,1,0.778,0.331,0
12621,Chennai,New Delhi,3A,GN,51,9,1,0,0.939,0.25,0
12009,Chennai,Bengaluru,CC,TQ,42,23,3,0,0.947,0.257,0
12011,Chennai,Bengaluru,2A,GN,21,2,6,1,0.746,0.23,0
12009,Chennai,Bengaluru,CC,TQ,13,27,6,1,0.815,0.07,1
12007,Chennai,Bengaluru,CC,GN,56,2,1,0,0.701,0.217,1
12623,Chennai,New Delhi,2A,GN,22,23,5,1,0.733,0.196,0
12008,Bengaluru,Chennai,CC,GN,48,14,1,0,0.665,0.226,1
12622,New Delhi,Chennai,3A,GN,7,13,5,1,0.576,0.056,0
12951,Mumbai,Delhi,SL,GN,28,18,6,1,0.79,0.298,0
12839,Howrah,Chennai,3A,GN,42,21,3,0,0.729,0.201,1
12839,Howrah,Chennai,3A,GN,9,14,1,0,0.846,0.145,1
12955,Mumbai,Delhi,SL,GN,39,23,3,0,0.731,0.25,0
12844,Chennai,Howrah,CC,TQ,25,16,1,0,0.946,0.064,1
12007,Chennai,Bengaluru,3A,GN,16,11,3,0,0.732,0.128,1
12624,New Delhi,Chennai,3A,GN,27,7,4,0,0.824,0.17,0
12955,Mumbai,Delhi,SL,GN,4,8,3,0,0.737,0.233,1
12843,Howrah,Chennai,2A,GN,58,30,3,0,0.754,0.312,0
12953,Mumbai,Delhi,2A,GN,23,14,5,1,0.863,0.114,1
12007,Chennai,Bengaluru,SL,TQ,41,30,4,0,0.812,0.226,1
12624,New Delhi,Chennai,3A,GN,28,27,4,0,0.691,0.139,0
12953,Mumbai,Delhi,2A,GN,18,27,5,1,0.706,0.14,0
12009,Chennai,Bengaluru,SL,GN,26,9,0,0,0.704,0.06,1
12012,Bengaluru,Chennai,3A,GN,40,27,3,0,0.691,0.248,0
12012,Bengaluru,Chennai,3A,GN,10,9,6,1,0.772,0.201,1
12953,Mumbai,Delhi,2A,GN,26,7,0,0,0.705,0.129,1
12843,Howrah,Chennai,SL,TQ,17,8,2,0,0.813,0.167,0
12622,New Delhi,Chennai,CC,GN,60,8,6,1,0.783,0.121,0
12008,Bengaluru,Chennai,3A,GN,40,29,0,0,0.866,0.284,0
12843,Howrah,Chennai,2A,GN,17,2,0,0,0.724,0.222,0
12625,Chennai,New Delhi,2A,GN,60,16,6,1,0.661,0.054,0
12623,Chennai,New Delhi,2A,GN,57,19,3,0,0.63,0.184,0
12844,Chennai,Howrah,CC,GN,32,6,1,0,0.791,0.094,1
12009,Chennai,Bengaluru,CC,GN,10,7,4,0,0.723,0.256,0
12623,Chennai,New Delhi,3A,GN,39,20,3,0,0.98,0.196,1
12622,New Delhi,Chennai,3A,GN,25,27,2,0,0.708,0.233,1
12625,Chennai,New Delhi,SL,GN,60,14,1,0,0.757,0.348,0
12007,Chennai,Bengaluru,2A,GN,10,10,4,0,0.683,0.045,0
12622,New Delhi,Chennai,CC,GN,3,27,6,1,0.649,0.258,0
12011,Chennai,Bengaluru,CC,GN,30,10,6,1,0.944,0.192,0
12621,Chennai,New Delhi,CC,GN,8,15,2,0,0.858,0.24,0
12625,Chennai,New Delhi,SL,GN,47,29,3,0,0.64,0.263,1
12010,Bengaluru,Chennai,3A,GN,5,7,2,0,0.796,0.214,0
12011,Chennai,Bengaluru,CC,GN,23,24,6,1,0.702,0.221,1
12621,Chennai,New Delhi,2A,GN,13,30,2,0,0.587,0.253,1
12953,Mumbai,Delhi,3A,GN,53,17,2,0,0.752,0.188,0
12844,Chennai,Howrah,CC,GN,55,2,3,0,0.799,0.153,0
12954,Delhi,Mumbai,2A,GN,13,4,0,0,0.915,0.125,0
12012,Bengaluru,Chennai,3A,GN,45,23,1,0,0.678,0.117,0
12954,Delhi,Mumbai,SL,GN,56,4,6,1,0.761,0.233,0
12952,Delhi,Mumbai,CC,GN,51,21,6,1,0.874,0.341,0
12956,Delhi,Mumbai,SL,TQ,47,13,2,0,0.954,0.175,0
12621,Chennai,New Delhi,SL,GN,48,4,5,1,0.894,0.173,0
12951,Mumbai,Delhi,CC,GN,29,16,2,0,0.908,0.03,0
12951,Mumbai,Delhi,SL,GN,55,10,5,1,0.594,0.22,0
12010,Bengaluru,Chennai,2A,GN,59,23,2,0,0.585,0.242,0
12954,Delhi,Mumbai,2A,GN,46,4,2,0,0.837,0.094,0
12842,Chennai,Howrah,2A,GN,49,23,2,0,0.719,0.072,1
12624,New Delhi,Chennai,3A,GN,22,3,1,0,0.694,0.158,0
12954,Delhi,Mumbai,CC,GN,41,19,4,0,0.776,0.2,0
12008,Bengaluru,Chennai,3A,GN,3,6,6,1,0.796,0.175,1
12954,Delhi,Mumbai,2A,GN,7,1,3,0,0.821,0.167,0
12008,Bengaluru,Chennai,2A,GN,30,24,4,0,0.919,0.303,1
12623,Chennai,New Delhi,SL,TQ,30,4,3,0,0.679,0.21,0
12621,Chennai,New Delhi,2A,GN,41,18,6,1,0.659,0.239,0
12008,Bengaluru,Chennai,3A,TQ,51,6,1,0,0.786,0.17,0
12956,Delhi,Mumbai,2A,GN,8,19,3,0,0.906,0.254,1
12843,Howrah,Chennai,2A,GN,27,23,2,0,0.87,0.144,1
12622,New Delhi,Chennai,SL,GN,7,10,5,1,0.718,0.254,1
12621,Chennai,New Delhi,3A,GN,46,18,1,0,0.642,0.113,0
12952,Delhi,Mumbai,2A,GN,6,1,1,0,0.76,0.137,1
12840,Chennai,Howrah,2A,TQ,29,12,2,0,0.894,0.075,1
12839,Howrah,Chennai,CC,GN,25,24,0,0,0.699,0.088,1
12842,Chennai,Howrah,3A,GN,32,18,4,0,0.769,0.145,1
12840,Chennai,Howrah,2A,GN,1,30,4,0,0.98,0.12,1
12839,Howrah,Chennai,3A,GN,9,5,4,0,0.732,0.189,0
12008,Bengaluru,Chennai,2A,GN,43,13,0,0,0.504,0.161,1
12842,Chennai,Howrah,3A,GN,4,28,4,0,0.727,0.252,1
12007,Chennai,Bengaluru,CC,GN,9,8,5,1,0.831,0.246,1
12009,Chennai,Bengaluru,SL,TQ,51,28,6,1,0.838,0.212,0
12844,Chennai,Howrah,2A,GN,22,2,3,0,0.69,0.147,1
12839,Howrah,Chennai,3A,GN,2,21,2,0,0.698,0.077,1
12842,Chennai,Howrah,CC,GN,16,17,0,0,0.694,0.215,0
12842,Chennai,Howrah,SL,GN,32,13,4,0,0.81,0.188,0
12622,New Delhi,Chennai,CC,GN,45,7,2,0,0.737,0.229,0
12952,Delhi,Mumbai,CC,GN,13,21,3,0,0.953,0.155,1
12953,Mumbai,Delhi,2A,TQ,21,2,2,0,0.708,0.4,1
12626,New Delhi,Chennai,3A,GN,44,2,1,0,0.798,0.197,0
12626,New Delhi,Chennai,3A,GN,21,15,6,1,0.733,0.129,0
12839,Howrah,Chennai,2A,GN,46,10,0,0,0.98,0.153,0
12008,Bengaluru,Chennai,CC,GN,17,11,6,1,0.82,0.194,0
12010,Bengaluru,Chennai,3A,GN,20,10,1,0,0.823,0.121,0
12621,Chennai,New Delhi,3A,TQ,10,7,1,0,0.71,0.089,1
12621,Chennai,New Delhi,SL,GN,9,12,5,1,0.749,0.291,0
12625,Chennai,New Delhi,SL,GN,31,6,5,1,0.852,0.282,0
12012,Bengaluru,Chennai,CC,GN,36,15,1,0,0.774,0.046,0
12622,New Delhi,Chennai,CC,GN,36,3,2,0,0.648,0.168,1
12010,Bengaluru,Chennai,3A,GN,19,10,0,0,0.716,0.126,1
12012,Bengaluru,Chennai,3A,GN,54,19,0,0,0.771,0.125,0
12952,Delhi,Mumbai,CC,TQ,17,9,3,0,0.702,0.261,0
12953,Mumbai,Delhi,2A,GN,36,12,1,0,0.778,0.082,1
12840,Chennai,Howrah,CC,GN,43,29,6,1,0.754,0.217,0
12951,Mumbai,Delhi,CC,GN,57,9,0,0,0.709,0.148,0
12009,Chennai,Bengaluru,SL,GN,33,30,4,0,0.688,0.236,0
12843,Howrah,Chennai,SL,GN,10,21,5,1,0.841,0.179,1
12626,New Delhi,Chennai,2A,GN,2,17,0,0,0.759,0.03,1
12956,Delhi,Mumbai,CC,GN,55,18,3,0,0.81,0.183,0
12954,Delhi,Mumbai,3A,GN,49,19,3,0,0.816,0.156,1
12953,Mumbai,Delhi,CC,GN,41,5,3,0,0.858,0.193,0
12953,Mumbai,Delhi,SL,GN,9,17,3,0,0.711,0.174,1
12843,Howrah,Chennai,2A,GN,53,2,4,0,0.668,0.134,0
12626,New Delhi,Chennai,2A,GN,10,6,2,0,0.882,0.307,0
12622,New Delhi,Chennai,CC,GN,58,29,2,0,0.767,0.114,0
12840,Chennai,Howrah,3A,GN,36,16,5,1,0.809,0.338,0
12012,Bengaluru,Chennai,3A,GN,48,22,6,1,0.785,0.17,0
12953,Mumbai,Delhi,3A,GN,59,12,0,0,0.98,0.225,0
12625,Chennai,New Delhi,3A,GN,32,25,3,0,0.662,0.248,0
12951,Mumbai,Delhi,CC,GN,24,30,5,1,0.877,0.191,1
12621,Chennai,New Delhi,CC,TQ,37,23,6,1,0.727,0.096,0
12010,Bengaluru,Chennai,SL,GN,34,18,2,0,0.622,0.189,0
12622,New Delhi,Chennai,CC,GN,56,11,4,0,0.665,0.17,0
12956,Delhi,Mumbai,CC,GN,7,7,5,1,0.793,0.209,1
12007,Chennai,Bengaluru,CC,GN,15,8,0,0,0.528,0.121,0
12011,Chennai,Bengaluru,CC,GN,1,3,1,0,0.879,0.277,0
12844,Chennai,Howrah,2A,GN,57,28,6,1,0.63,0.114,0
12842,Chennai,Howrah,2A,GN,16,27,3,0,0.89,0.315,1
12955,Mumbai,Delhi,SL,GN,49,19,4,0,0.764,0.05,0
12842,Chennai,Howrah,3A,GN,22,11,3,0,0.863,0.242,1
12844,Chennai,Howrah,3A,GN,14,19,3,0,0.98,0.163,1
12951,Mumbai,Delhi,CC,GN,58,7,3,0,0.758,0.245,0
12623,Chennai,New Delhi,CC,GN,56,9,5,1,0.684,0.143,0
12952,Delhi,Mumbai,CC,GN,16,18,3,0,0.781,0.259,0
12621,Chennai,New Delhi,2A,GN,43,7,4,0,0.691,0.189,0
12844,Chennai,Howrah,SL,GN,28,26,1,0,0.673,0.122,0
12954,Delhi,Mumbai,2A,GN,50,14,1,0,0.817,0.135,0
12841,Howrah,Chennai,2A,GN,26,19,4,0,0.842,0.26,1
12008,Bengaluru,Chennai,CC,GN,23,30,6,1,0.713,0.139,1
12839,Howrah,Chennai,CC,GN,2,16,1,0,0.832,0.114,0
12623,Chennai,New Delhi,2A,GN,7,13,6,1,0.848,0.245,1
12625,Chennai,New Delhi,3A,GN,57,3,0,0,0.768,0.212,0
12622,New Delhi,Chennai,SL,GN,52,22,0,0,0.688,0.266,1
12842,Chennai,Howrah,CC,TQ,48,29,4,0,0.656,0.111,0
12956,Delhi,Mumbai,3A,TQ,49,27,3,0,0.692,0.119,0
12840,Chennai,Howrah,SL,GN,23,3,5,1,0.803,0.169,0
12622,New Delhi,Chennai,SL,GN,3,30,2,0,0.811,0.242,1
12012,Bengaluru,Chennai,CC,GN,49,18,6,1,0.882,0.197,0
12951,Mumbai,Delhi,2A,GN,48,21,2,0,0.801,0.183,1
12954,Delhi,Mumbai,2A,GN,20,16,1,0,0.705,0.159,1
12625,Chennai,New Delhi,CC,GN,39,12,4,0,0.821,0.113,0
12011,Chennai,Bengaluru,CC,GN,7,12,3,0,0.769,0.221,1
12007,Chennai,Bengaluru,3A,GN,42,13,0,0,0.915,0.03,0
12843,Howrah,Chennai,2A,GN,52,20,5,1,0.828,0.209,0
12953,Mumbai,Delhi,2A,GN,15,9,6,1,0.954,0.03,0
12621,Chennai,New Delhi,SL,TQ,38,8,2,0,0.813,0.271,0
12955,Mumbai,Delhi,2A,GN,37,19,4,0,0.792,0.226,1
12011,Chennai,Bengaluru,2A,GN,21,16,6,1,0.828,0.152,0
12952,Delhi,Mumbai,SL,GN,2,6,4,0,0.815,0.209,1
12010,Bengaluru,Chennai,3A,GN,58,3,5,1,0.913,0.215,0
12623,Chennai,New Delhi,SL,GN,11,15,5,1,0.843,0.346,1
12844,Chennai,Howrah,CC,GN,38,5,4,0,0.869,0.241,0
12841,Howrah,Chennai,2A,GN,60,20,3,0,0.886,0.267,0
12843,Howrah,Chennai,2A,GN,51,16,2,0,0.712,0.203,0
12842,Chennai,Howrah,3A,GN,59,23,4,0,0.769,0.174,0
12955,Mumbai,Delhi,SL,GN,36,20,6,1,0.921,0.213,1
12011,Chennai,Bengaluru,CC,GN,18,10,5,1,0.713,0.048,0
12012,Bengaluru,Chennai,3A,GN,24,16,3,0,0.902,0.15,1
12841,Howrah,Chennai,2A,GN,58,18,1,0,0.657,0.078,0
12622,New Delhi,Chennai,3A,GN,3,21,3,0,0.674,0.125,1
12007,Chennai,Bengaluru,SL,GN,51,28,2,0,0.729,0.155,0
12621,Chennai,New Delhi,CC,GN,6,4,5,1,0.872,0.1,0
12009,Chennai,Bengaluru,SL,TQ,53,8,2,0,0.685,0.194,0
12008,Bengaluru,Chennai,3A,GN,31,19,1,0,0.705,0.194,0
12839,Howrah,Chennai,3A,GN,58,19,3,0,0.94,0.126,1
12951,Mumbai,Delhi,SL,GN,12,30,0,0,0.855,0.139,1
12007,Chennai,Bengaluru,SL,TQ,52,10,2,0,0.715,0.238,0
12010,Bengaluru,Chennai,2A,GN,32,27,2,0,0.98,0.23,1
12624,New Delhi,Chennai,SL,GN,3,21,4,0,0.84,0.103,1
12012,Bengaluru,Chennai,SL,GN,29,30,6,1,0.642,0.089,1
12008,Bengaluru,Chennai,SL,GN,7,23,2,0,0.792,0.139,1
12951,Mumbai,Delhi,CC,GN,55,5,1,0,0.838,0.236,1
12954,Delhi,Mumbai,2A,GN,44,12,4,0,0.827,0.195,0
12625,Chennai,New Delhi,SL,GN,58,15,0,0,0.953,0.139,0
12839,Howrah,Chennai,CC,TQ,45,18,0,0,0.773,0.224,1
12839,Howrah,Chennai,CC,GN,40,10,4,0,0.883,0.287,0
12007,Chennai,Bengaluru,CC,TQ,43,1,3,0,0.729,0.112,1
12007,Chennai,Bengaluru,2A,GN,38,25,3,0,0.845,0.208,0
12007,Chennai,Bengaluru,2A,GN,41,21,6,1,0.699,0.143,1
12844,Chennai,Howrah,SL,GN,51,21,4,0,0.944,0.148,0
12956,Delhi,Mumbai,3A,GN,50,30,1,0,0.801,0.155,0
12624,New Delhi,Chennai,CC,GN,24,19,1,0,0.864,0.236,1
12622,New Delhi,Chennai,CC,GN,16,2,2,0,0.641,0.166,1
12012,Bengaluru,Chennai,2A,GN,51,2,4,0,0.622,0.126,0
12007,Chennai,Bengaluru,SL,GN,39,2,2,0,0.66,0.142,1
12010,Bengaluru,Chennai,2A,GN,57,28,1,0,0.802,0.237,0
12951,Mumbai,Delhi,3A,GN,50,2,2,0,0.736,0.156,0
12839,Howrah,Chennai,CC,GN,3,1,5,1,0.83,0.135,1
12624,New Delhi,Chennai,3A,GN,50,3,4,0,0.741,0.03,1
12621,Chennai,New Delhi,CC,GN,47,2,6,1,0.828,0.092,1
12626,New Delhi,Chennai,3A,GN,20,22,5,1,0.98,0.202,1
12951,Mumbai,Delhi,SL,TQ,47,14,0,0,0.702,0.102,0
12626,New Delhi,Chennai,SL,TQ,60,23,4,0,0.73,0.15,0
12622,New Delhi,Chennai,SL,GN,42,25,3,0,0.82,0.14,0
12011,Chennai,Bengaluru,2A,GN,8,27,6,1,0.84,0.15,1
12624,New Delhi,Chennai,CC,GN,28,9,1,0,0.805,0.107,0
12621,Chennai,New Delhi,CC,GN,56,26,0,0,0.651,0.305,1
12622,New Delhi,Chennai,SL,GN,37,22,0,0,0.751,0.115,0
12625,Chennai,New Delhi,3A,GN,27,16,6,1,0.741,0.278,1
12840,Chennai,Howrah,3A,GN,59,15,0,0,0.645,0.22,0
12844,Chennai,Howrah,SL,GN,21,7,1,0,0.777,0.225,1
12956,Delhi,Mumbai,SL,GN,47,26,1,0,0.756,0.189,0
12007,Chennai,Bengaluru,2A,TQ,42,4,5,1,0.76,0.191,0
12956,Delhi,Mumbai,3A,TQ,14,22,6,1,0.807,0.046,0
12010,Bengaluru,Chennai,SL,GN,47,19,5,1,0.826,0.267,0
12009,Chennai,Bengaluru,2A,GN,41,28,6,1,0.748,0.074,0
12621,Chennai,New Delhi,CC,GN,55,14,2,0,0.801,0.228,1
12010,Bengaluru,Chennai,2A,GN,11,13,5,1,0.848,0.238,0
12954,Delhi,Mumbai,CC,GN,1,24,6,1,0.804,0.089,1
12010,Bengaluru,Chennai,CC,GN,58,17,2,0,0.768,0.206,0
12843,Howrah,Chennai,CC,TQ,12,7,5,1,0.647,0.087,0
12839,Howrah,Chennai,SL,GN,52,28,5,1,0.978,0.246,0
12007,Chennai,Bengaluru,2A,TQ,35,13,3,0,0.75,0.099,0
12622,New Delhi,Chennai,3A,GN,46,24,3,0,0.818,0.257,1
12011,Chennai,Bengaluru,3A,TQ,49,6,0,0,0.731,0.383,0
12839,Howrah,Chennai,2A,GN,58,17,6,1,0.776,0.137,0
12008,Bengaluru,Chennai,3A,GN,13,17,1,0,0.9,0.225,1
12621,Chennai,New Delhi,2A,GN,44,12,6,1,0.86,0.188,1
12956,Delhi,Mumbai,3A,TQ,50,24,4,0,0.688,0.102,0
12951,Mumbai,Delhi,3A,GN,49,28,6,1,0.869,0.077,0
12842,Chennai,Howrah,3A,GN,22,5,0,0,0.627,0.226,1
12626,New Delhi,Chennai,SL,GN,49,25,0,0,0.775,0.171,0
12012,Bengaluru,Chennai,CC,GN,44,18,5,1,0.711,0.252,0
12954,Delhi,Mumbai,3A,TQ,47,25,5,1,0.811,0.223,0
12010,Bengaluru,Chennai,CC,TQ,39,23,0,0,0.808,0.382,0
12843,Howrah,Chennai,3A,GN,54,10,2,0,0.836,0.192,0
12622,New Delhi,Chennai,3A,GN,24,16,1,0,0.892,0.215,1
12012,Bengaluru,Chennai,SL,GN,60,14,0,0,0.862,0.18,0
12840,Chennai,Howrah,3A,GN,58,7,6,1,0.758,0.121,0
12954,Delhi,Mumbai,2A,GN,47,25,3,0,0.506,0.331,1
12842,Chennai,Howrah,SL,GN,54,2,1,0,0.761,0.135,0
12625,Chennai,New Delhi,SL,TQ,41,19,3,0,0.904,0.144,0
12011,Chennai,Bengaluru,CC,GN,10,9,3,0,0.867,0.159,1
12009,Chennai,Bengaluru,SL,GN,57,12,3,0,0.682,0.171,0
12952,Delhi,Mumbai,SL,GN,50,29,3,0,0.926,0.241,1
12010,Bengaluru,Chennai,3A,GN,49,18,1,0,0.82,0.245,1
12621,Chennai,New Delhi,2A,GN,48,4,4,0,0.693,0.227,0
12625,Chennai,New Delhi,SL,GN,16,21,3,0,0.882,0.174,1
12012,Bengaluru,Chennai,SL,GN,52,8,2,0,0.82,0.4,0
12842,Chennai,Howrah,3A,GN,27,15,5,1,0.752,0.223,0
12951,Mumbai,Delhi,2A,GN,13,22,1,0,0.785,0.316,0
12621,Chennai,New Delhi,2A,TQ,54,7,6,1,0.98,0.03,0
12010,Bengaluru,Chennai,SL,GN,17,2,0,0,0.851,0.132,0
12844,Chennai,Howrah,2A,GN,10,5,2,0,0.793,0.154,1
12956,Delhi,Mumbai,3A,GN,25,13,0,0,0.875,0.116,1
12624,New Delhi,Chennai,SL,GN,57,21,6,1,0.719,0.177,0
12952,Delhi,Mumbai,CC,GN,55,15,0,0,0.762,0.132,0
12008,Bengaluru,Chennai,SL,GN,29,6,6,1,0.843,0.131,1
12841,Howrah,Chennai,3A,TQ,42,9,4,0,0.622,0.286,0
12840,Chennai,Howrah,CC,GN,26,2,1,0,0.716,0.234,1
12008,Bengaluru,Chennai,CC,TQ,45,13,4,0,0.835,0.175,0
12952,Delhi,Mumbai,2A,GN,3,6,6,1,0.649,0.183,1
12840,Chennai,Howrah,SL,GN,23,11,1,0,0.868,0.188,0
12624,New Delhi,Chennai,2A,GN,58,3,1,0,0.856,0.182,0
12622,New Delhi,Chennai,SL,GN,4,10,3,0,0.79,0.272,1
12012,Bengaluru,Chennai,3A,GN,17,19,0,0,0.742,0.232,1
12009,Chennai,Bengaluru,CC,TQ,20,7,5,1,0.757,0.177,1
12622,New Delhi,Chennai,3A,GN,46,2,4,0,0.691,0.12,0
12623,Chennai,New Delhi,CC,GN,30,23,2,0,0.817,0.235,1
12622,New Delhi,Chennai,3A,GN,40,14,3,0,0.732,0.03,1
12953,Mumbai,Delhi,SL,GN,58,7,1,0,0.862,0.155,0
12007,Chennai,Bengaluru,SL,TQ,9,7,6,1,0.842,0.258,1
12624,New Delhi,Chennai,2A,TQ,55,24,6,1,0.633,0.212,0
12954,Delhi,Mumbai,SL,GN,42,9,1,0,0.709,0.252,1
12839,Howrah,Chennai,SL,GN,35,1,3,0,0.784,0.244,0
12840,Chennai,Howrah,2A,GN,38,30,4,0,0.757,0.102,0
12621,Chennai,New Delhi,3A,GN,53,27,4,0,0.963,0.207,0
12955,Mumbai,Delhi,3A,TQ,5,30,2,0,0.98,0.311,1
12953,Mumbai,Delhi,CC,GN,53,16,3,0,0.697,0.214,0
12010,Bengaluru,Chennai,2A,GN,16,28,1,0,0.657,0.275,1
12954,Delhi,Mumbai,2A,TQ,35,25,3,0,0.791,0.181,0
12953,Mumbai,Delhi,SL,GN,47,8,6,1,0.73,0.252,0
12951,Mumbai,Delhi,3A,GN,12,28,2,0,0.816,0.273,1
12843,Howrah,Chennai,SL,GN,43,18,3,0,0.881,0.244,0
12840,Chennai,Howrah,CC,GN,54,8,3,0,0.684,0.168,1
12841,Howrah,Chennai,SL,GN,38,13,5,1,0.529,0.161,0
12623,Chennai,New Delhi,2A,GN,41,27,2,0,0.707,0.23,0
12953,Mumbai,Delhi,CC,GN,24,13,1,0,0.636,0.203,0
12011,Chennai,Bengaluru,2A,TQ,4,4,4,0,0.831,0.085,0
12010,Bengaluru,Chennai,2A,TQ,1,11,4,0,0.691,0.094,0
12843,Howrah,Chennai,CC,TQ,60,2,6,1,0.947,0.108,0
12622,New Delhi,Chennai,SL,GN,3,27,1,0,0.773,0.145,1
12621,Chennai,New Delhi,CC,GN,34,30,4,0,0.764,0.226,0
12952,Delhi,Mumbai,2A,GN,34,18,1,0,0.869,0.208,1
12953,Mumbai,Delhi,CC,GN,55,25,2,0,0.733,0.171,0
12623,Chennai,New Delhi,2A,GN,57,10,4,0,0.945,0.17,0
12007,Chennai,Bengaluru,3A,TQ,45,4,0,0,0.778,0.166,0
12010,Bengaluru,Chennai,SL,GN,27,2,0,0,0.777,0.074,1
12951,Mumbai,Delhi,2A,GN,18,8,2,0,0.788,0.251,1
12624,New Delhi,Chennai,3A,GN,49,28,0,0,0.717,0.13,0
12842,Chennai,Howrah,CC,GN,59,22,1,0,0.773,0.141,0
12012,Bengaluru,Chennai,3A,GN,42,3,2,0,0.833,0.232,0
12626,New Delhi,Chennai,2A,GN,16,30,0,0,0.697,0.078,1
12951,Mumbai,Delhi,3A,TQ,60,3,0,0,0.795,0.11,0
12625,Chennai,New Delhi,SL,GN,11,23,1,0,0.744,0.178,0
12842,Chennai,Howrah,CC,GN,5,3,1,0,0.757,0.199,1
12955,Mumbai,Delhi,3A,GN,37,11,0,0,0.773,0.229,0
12623,Chennai,New Delhi,CC,GN,14,24,0,0,0.872,0.14,1
12844,Chennai,Howrah,3A,GN,43,8,6,1,0.645,0.203,0
12623,Chennai,New Delhi,CC,GN,21,21,5,1,0.793,0.267,1
12623,Chennai,New Delhi,CC,GN,16,21,6,1,0.814,0.197,1
12011,Chennai,Bengaluru,3A,GN,53,26,4,0,0.698,0.1,1
12951,Mumbai,Delhi,3A,TQ,54,25,4,0,0.727,0.258,0
12622,New Delhi,Chennai,CC,GN,11,22,5,1,0.796,0.318,0
12012,Bengaluru,Chennai,2A,GN,51,10,1,0,0.684,0.173,0
12840,Chennai,Howrah,2A,GN,52,18,6,1,0.9,0.188,1
12843,Howrah,Chennai,3A,GN,10,14,3,0,0.922,0.28,1
12953,Mumbai,Delhi,2A,GN,42,7,2,0,0.735,0.125,0
12008,Bengaluru,Chennai,CC,GN,47,25,0,0,0.716,0.083,0
12011,Chennai,Bengaluru,2A,GN,44,23,1,0,0.82,0.105,0
12012,Bengaluru,Chennai,2A,GN,24,15,4,0,0.638,0.237,1
12008,Bengaluru,Chennai,3A,TQ,49,26,5,1,0.656,0.061,0
12955,Mumbai,Delhi,CC,GN,25,21,1,0,0.71,0.135,1
12009,Chennai,Bengaluru,3A,TQ,38,5,6,1,0.858,0.14,0
12841,Howrah,Chennai,CC,GN,14,18,5,1,0.747,0.227,1
12955,Mumbai,Delhi,3A,GN,35,20,0,0,0.731,0.24,0
12011,Chennai,Bengaluru,3A,GN,34,29,0,0,0.788,0.315,1
12843,Howrah,Chennai,3A,GN,37,2,5,1,0.723,0.219,0
12841,Howrah,Chennai,CC,GN,50,19,5,1,0.509,0.283,1
12007,Chennai,Bengaluru,3A,GN,30,16,3,0,0.78,0.136,0
12954,Delhi,Mumbai,2A,GN,6,6,5,1,0.744,0.199,0
12956,Delhi,Mumbai,2A,GN,55,29,4,0,0.834,0.254,0
12625,Chennai,New Delhi,2A,GN,37,21,2,0,0.824,0.24,0
12955,Mumbai,Delhi,CC,GN,26,15,5,1,0.894,0.138,1
12622,New Delhi,Chennai,2A,TQ,1,17,5,1,0.722,0.189,1
12952,Delhi,Mumbai,CC,TQ,34,1,4,0,0.688,0.149,0
12955,Mumbai,Delhi,CC,GN,22,24,4,0,0.891,0.129,1
12842,Chennai,Howrah,CC,TQ,39,24,6,1,0.888,0.2,1
12007,Chennai,Bengaluru,3A,GN,11,25,2,0,0.909,0.112,1
12010,Bengaluru,Chennai,CC,GN,23,5,6,1,0.626,0.242,1
12954,Delhi,Mumbai,CC,GN,36,5,5,1,0.812,0.048,0
12841,Howrah,Chennai,SL,GN,58,3,2,0,0.738,0.22,0
12011,Chennai,Bengaluru,CC,GN,23,14,5,1,0.801,0.077,0
12843,Howrah,Chennai,2A,GN,56,14,3,0,0.686,0.193,0
12844,Chennai,Howrah,2A,GN,18,19,2,0,0.728,0.14,0
12623,Chennai,New Delhi,SL,GN,38,17,3,0,0.755,0.114,0
12621,Chennai,New Delhi,CC,GN,26,27,6,1,0.711,0.15,1
12012,Bengaluru,Chennai,SL,GN,7,26,1,0,0.818,0.226,1
12626,New Delhi,Chennai,SL,GN,27,25,5,1,0.673,0.181,1
12011,Chennai,Bengaluru,3A,GN,34,4,1,0,0.786,0.156,0
12844,Chennai,Howrah,SL,GN,39,13,0,0,0.743,0.233,0
12011,Chennai,Bengaluru,CC,GN,52,21,5,1,0.739,0.155,0
12011,Chennai,Bengaluru,CC,GN,17,24,4,0,0.953,0.118,1
12011,Chennai,Bengaluru,CC,TQ,20,11,6,1,0.869,0.091,1
12840,Chennai,Howrah,2A,GN,44,10,4,0,0.698,0.238,1
12839,Howrah,Chennai,SL,GN,22,3,1,0,0.866,0.253,0
12626,New Delhi,Chennai,SL,GN,45,26,3,0,0.774,0.132,0
12843,Howrah,Chennai,3A,GN,23,26,3,0,0.77,0.275,1
12842,Chennai,Howrah,2A,GN,49,14,6,1,0.7,0.171,0
12956,Delhi,Mumbai,CC,TQ,39,21,0,0,0.922,0.227,1
12839,Howrah,Chennai,SL,GN,46,26,1,0,0.893,0.217,0
12011,Chennai,Bengaluru,2A,GN,11,16,1,0,0.799,0.233,1
12009,Chennai,Bengaluru,CC,GN,7,3,4,0,0.98,0.044,1
12009,Chennai,Bengaluru,3A,TQ,34,4,5,1,0.757,0.155,0
12012,Bengaluru,Chennai,2A,GN,40,26,5,1,0.698,0.057,0
12952,Delhi,Mumbai,3A,GN,48,1,2,0,0.76,0.214,0
12954,Delhi,Mumbai,SL,GN,52,30,6,1,0.98,0.15,1
12840,Chennai,Howrah,3A,GN,22,21,0,0,0.753,0.298,1
12010,Bengaluru,Chennai,2A,TQ,47,18,1,0,0.874,0.132,0
12842,Chennai,Howrah,3A,GN,55,11,6,1,0.93,0.153,0
12844,Chennai,Howrah,CC,TQ,21,23,5,1,0.98,0.074,1
12951,Mumbai,Delhi,2A,GN,8,30,5,1,0.91,0.185,0
12625,Chennai,New Delhi,CC,GN,23,5,4,0,0.893,0.212,1
12626,New Delhi,Chennai,3A,GN,4,23,4,0,0.705,0.225,1
12007,Chennai,Bengaluru,3A,GN,30,11,3,0,0.828,0.092,0
12952,Delhi,Mumbai,2A,GN,48,22,6,1,0.688,0.185,1
12954,Delhi,Mumbai,3A,GN,38,22,2,0,0.784,0.191,1
12007,Chennai,Bengaluru,CC,GN,29,25,1,0,0.894,0.186,0
12624,New Delhi,Chennai,CC,GN,12,29,0,0,0.841,0.165,1
12840,Chennai,Howrah,SL,GN,30,2,0,0,0.932,0.163,0
12626,New Delhi,Chennai,CC,GN,27,18,4,0,0.648,0.261,1
12625,Chennai,New Delhi,SL,TQ,23,28,2,0,0.816,0.127,1
12843,Howrah,Chennai,SL,GN,6,19,5,1,0.7,0.218,1
12956,Delhi,Mumbai,SL,GN,27,16,1,0,0.686,0.253,1
12953,Mumbai,Delhi,SL,GN,60,29,1,0,0.96,0.167,1
12009,Chennai,Bengaluru,SL,GN,27,5,0,0,0.79,0.255,0
12010,Bengaluru,Chennai,CC,TQ,44,18,0,0,0.811,0.099,0
12955,Mumbai,Delhi,CC,GN,54,4,5,1,0.817,0.283,0
12951,Mumbai,Delhi,3A,TQ,47,24,5,1,0.625,0.078,1
12624,New Delhi,Chennai,SL,GN,60,14,2,0,0.593,0.182,0
12844,Chennai,Howrah,3A,GN,15,25,0,0,0.612,0.089,1
12010,Bengaluru,Chennai,3A,GN,52,17,1,0,0.748,0.072,0
12840,Chennai,Howrah,3A,GN,1,20,0,0,0.857,0.092,1
12844,Chennai,Howrah,SL,GN,16,12,3,0,0.98,0.252,1
12841,Howrah,Chennai,SL,GN,2,17,6,1,0.758,0.179,1
12626,New Delhi,Chennai,SL,GN,39,19,5,1,0.907,0.239,0
12623,Chennai,New Delhi,2A,TQ,58,29,0,0,0.925,0.155,0
12839,Howrah,Chennai,3A,GN,9,8,5,1,0.699,0.14,0
12955,Mumbai,Delhi,3A,TQ,24,14,0,0,0.88,0.109,1
12626,New Delhi,Chennai,2A,GN,29,23,0,0,0.898,0.253,1
12007,Chennai,Bengaluru,CC,GN,3,12,5,1,0.829,0.121,0
12626,New Delhi,Chennai,2A,GN,54,22,3,0,0.709,0.218,0
12626,New Delhi,Chennai,3A,TQ,17,3,3,0,0.74,0.167,0
12839,Howrah,Chennai,3A,GN,13,23,4,0,0.889,0.339,1
12626,New Delhi,Chennai,2A,GN,54,28,5,1,0.709,0.17,0
12007,Chennai,Bengaluru,3A,GN,13,4,2,0,0.743,0.188,0
12843,Howrah,Chennai,CC,GN,52,10,6,1,0.691,0.175,0
12009,Chennai,Bengaluru,SL,GN,54,27,0,0,0.716,0.119,0
12840,Chennai,Howrah,SL,GN,22,4,3,0,0.71,0.04,0
12840,Chennai,Howrah,2A,GN,30,2,4,0,0.84,0.212,0
12953,Mumbai,Delhi,2A,GN,16,27,3,0,0.639,0.215,1
12011,Chennai,Bengaluru,2A,GN,18,24,3,0,0.788,0.11,1
12622,New Delhi,Chennai,3A,GN,28,27,0,0,0.684,0.232,0
12624,New Delhi,Chennai,3A,GN,57,11,2,0,0.647,0.233,1
12012,Bengaluru,Chennai,3A,GN,36,17,4,0,0.841,0.16,0
12951,Mumbai,Delhi,SL,GN,53,24,1,0,0.763,0.103,0
12009,Chennai,Bengaluru,3A,GN,55,2,5,1,0.757,0.141,0
12953,Mumbai,Delhi,3A,GN,17,3,5,1,0.766,0.181,0
12625,Chennai,New Delhi,2A,GN,45,21,1,0,0.8,0.33,0
12011,Chennai,Bengaluru,CC,TQ,20,5,6,1,0.777,0.246,0
12011,Chennai,Bengaluru,2A,GN,38,1,6,1,0.892,0.157,0
12951,Mumbai,Delhi,2A,GN,15,20,0,0,0.778,0.215,1
12952,Delhi,Mumbai,CC,GN,34,19,2,0,0.633,0.239,0
12623,Chennai,New Delhi,2A,GN,34,13,2,0,0.738,0.087,0
12624,New Delhi,Chennai,CC,GN,33,22,1,0,0.803,0.186,0
12954,Delhi,Mumbai,SL,GN,17,26,0,0,0.924,0.186,1
12012,Bengaluru,Chennai,CC,TQ,14,2,5,1,0.802,0.14,0
12007,Chennai,Bengaluru,SL,TQ,1,7,3,0,0.843,0.106,1
12622,New Delhi,Chennai,SL,GN,7,10,3,0,0.639,0.202,1
12953,Mumbai,Delhi,CC,GN,42,18,6,1,0.637,0.159,0
12010,Bengaluru,Chennai,CC,GN,32,19,4,0,0.806,0.183,1
12952,Delhi,Mumbai,SL,TQ,42,17,1,0,0.898,0.328,0
12843,Howrah,Chennai,SL,GN,21,26,0,0,0.927,0.163,1
12952,Delhi,Mumbai,CC,GN,26,29,3,0,0.763,0.161,1
12844,Chennai,Howrah,CC,TQ,26,25,4,0,0.839,0.216,0
12844,Chennai,Howrah,CC,GN,17,3,5,1,0.894,0.151,1
12626,New Delhi,Chennai,2A,GN,9,17,1,0,0.757,0.282,1
12623,Chennai,New Delhi,SL,GN,46,5,6,1,0.778,0.193,0
12622,New Delhi,Chennai,3A,GN,9,2,5,1,0.782,0.164,0
12843,Howrah,Chennai,CC,GN,50,20,5,1,0.832,0.162,0
12956,Delhi,Mumbai,3A,TQ,45,17,0,0,0.744,0.072,0
12011,Chennai,Bengaluru,2A,GN,51,5,6,1,0.791,0.252,0
12626,New Delhi,Chennai,2A,TQ,29,2,0,0,0.657,0.283,0
12841,Howrah,Chennai,CC,GN,37,23,4,0,0.941,0.325,0
12951,Mumbai,Delhi,2A,TQ,59,28,6,1,0.823,0.2,0
12956,Delhi,Mumbai,3A,GN,23,3,3,0,0.905,0.13,1
12844,Chennai,Howrah,SL,TQ,39,4,3,0,0.719,0.141,0
12842,Chennai,Howrah,2A,TQ,43,2,3,0,0.619,0.197,0
12952,Delhi,Mumbai,3A,GN,8,26,0,0,0.714,0.03,1
12951,Mumbai,Delhi,2A,GN,1,24,1,0,0.851,0.093,1
12008,Bengaluru,Chennai,3A,GN,11,16,5,1,0.669,0.335,1
12622,New Delhi,Chennai,SL,GN,15,7,6,1,0.817,0.227,0
12841,Howrah,Chennai,3A,TQ,46,9,1,0,0.891,0.116,0
12842,Chennai,Howrah,2A,GN,56,22,0,0,0.906,0.177,0
12844,Chennai,Howrah,3A,GN,35,21,5,1,0.98,0.293,0
12839,Howrah,Chennai,SL,GN,27,6,2,0,0.768,0.095,0
12955,Mumbai,Delhi,3A,GN,24,20,6,1,0.869,0.233,0
12624,New Delhi,Chennai,3A,TQ,23,28,0,0,0.764,0.17,1
12626,New Delhi,Chennai,SL,GN,7,16,3,0,0.788,0.135,1
12841,Howrah,Chennai,2A,GN,8,25,2,0,0.754,0.03,1
12952,Delhi,Mumbai,3A,GN,30,23,1,0,0.856,0.274,0
12843,Howrah,Chennai,2A,GN,7,3,6,1,0.905,0.183,0
12010,Bengaluru,Chennai,SL,GN,35,28,0,0,0.835,0.201,1
12843,Howrah,Chennai,2A,GN,28,17,4,0,0.839,0.246,1
12843,Howrah,Chennai,SL,GN,12,20,5,1,0.841,0.197,1
12843,Howrah,Chennai,SL,GN,44,28,5,1,0.815,0.154,0
12954,Delhi,Mumbai,2A,GN,18,16,1,0,0.731,0.216,1
12842,Chennai,Howrah,3A,GN,24,17,6,1,0.836,0.341,0
12840,Chennai,Howrah,3A,GN,14,3,6,1,0.724,0.221,0
12840,Chennai,Howrah,2A,TQ,7,18,5,1,0.751,0.03,1
12009,Chennai,Bengaluru,3A,GN,54,14,2,0,0.798,0.204,0
12844,Chennai,Howrah,2A,GN,24,14,2,0,0.762,0.279,0
12955,Mumbai,Delhi,2A,GN,17,1,4,0,0.763,0.03,1
12007,Chennai,Bengaluru,CC,GN,38,11,1,0,0.802,0.173,0
12842,Chennai,Howrah,SL,GN,10,12,5,1,0.73,0.213,1
12621,Chennai,New Delhi,2A,GN,41,24,1,0,0.751,0.186,1
12952,Delhi,Mumbai,3A,GN,48,4,2,0,0.79,0.103,1
12956,Delhi,Mumbai,CC,GN,23,4,0,0,0.734,0.13,0
12626,New Delhi,Chennai,2A,GN,23,11,3,0,0.648,0.082,0
12622,New Delhi,Chennai,2A,GN,27,7,6,1,0.686,0.03,1
12621,Chennai,New Delhi,3A,GN,57,13,5,1,0.958,0.127,0
12841,Howrah,Chennai,3A,GN,52,30,4,0,0.737,0.248,1
12008,Bengaluru,Chennai,2A,GN,26,12,3,0,0.764,0.208,0
12954,Delhi,Mumbai,SL,GN,46,10,2,0,0.98,0.258,0
12012,Bengaluru,Chennai,3A,GN,33,10,5,1,0.906,0.124,0
12010,Bengaluru,Chennai,2A,GN,60,6,2,0,0.649,0.124,0
12956,Delhi,Mumbai,CC,GN,53,1,0,0,0.777,0.286,0
12008,Bengaluru,Chennai,CC,GN,58,30,3,0,0.848,0.057,1
12011,Chennai,Bengaluru,2A,TQ,37,30,4,0,0.579,0.178,1
12010,Bengaluru,Chennai,SL,TQ,55,27,2,0,0.708,0.186,0
12009,Chennai,Bengaluru,CC,GN,40,16,0,0,0.653,0.16,1
12956,Delhi,Mumbai,SL,GN,37,1,0,0,0.824,0.281,0
12955,Mumbai,Delhi,3A,GN,29,29,0,0,0.783,0.228,1
12012,Bengaluru,Chennai,2A,GN,7,15,3,0,0.584,0.196,1
12008,Bengaluru,Chennai,3A,GN,14,26,4,0,0.826,0.223,1
12011,Chennai,Bengaluru,2A,GN,54,26,6,1,0.809,0.178,0
12012,Bengaluru,Chennai,SL,GN,28,30,1,0,0.807,0.191,0
12843,Howrah,Chennai,SL,GN,34,1,4,0,0.787,0.047,0
12008,Bengaluru,Chennai,3A,GN,33,10,1,0,0.623,0.152,0
12844,Chennai,Howrah,3A,GN,44,1,5,1,0.655,0.117,0
12622,New Delhi,Chennai,2A,GN,8,11,6,1,0.743,0.099,0
12839,Howrah,Chennai,SL,GN,15,16,3,0,0.81,0.198,1
12954,Delhi,Mumbai,SL,GN,59,4,6,1,0.924,0.284,0
12840,Chennai,Howrah,2A,GN,46,24,2,0,0.725,0.125,1
12009,Chennai,Bengaluru,3A,GN,42,4,0,0,0.813,0.281,1
12010,Bengaluru,Chennai,3A,GN,28,27,5,1,0.77,0.1,1
12009,Chennai,Bengaluru,CC,GN,56,15,3,0,0.786,0.311,1
12954,Delhi,Mumbai,CC,GN,24,3,5,1,0.823,0.239,1
12844,Chennai,Howrah,3A,GN,3,2,4,0,0.78,0.062,0
12623,Chennai,New Delhi,2A,GN,18,18,3,0,0.596,0.225,0
12955,Mumbai,Delhi,CC,GN,24,18,0,0,0.803,0.111,1
12839,Howrah,Chennai,3A,GN,25,17,4,0,0.935,0.163,0
12010,Bengaluru,Chennai,2A,GN,21,4,4,0,0.801,0.172,0
12951,Mumbai,Delhi,SL,TQ,50,26,0,0,0.734,0.112,0
12842,Chennai,Howrah,CC,GN,7,1,0,0,0.764,0.238,1
12621,Chennai,New Delhi,SL,GN,23,12,1,0,0.892,0.086,0
12011,Chennai,Bengaluru,3A,GN,8,30,0,0,0.79,0.178,1
12625,Chennai,New Delhi,2A,GN,46,17,5,1,0.757,0.228,1
12008,Bengaluru,Chennai,CC,GN,50,7,4,0,0.734,0.088,0
12009,Chennai,Bengaluru,CC,GN,11,17,2,0,0.548,0.142,1
12623,Chennai,New Delhi,SL,GN,7,10,4,0,0.871,0.176,1
12623,Chennai,New Delhi,CC,GN,29,12,4,0,0.853,0.243,1
12007,Chennai,Bengaluru,3A,GN,59,20,1,0,0.831,0.204,0
12954,Delhi,Mumbai,3A,GN,41,19,2,0,0.866,0.276,0
12012,Bengaluru,Chennai,CC,GN,10,4,2,0,0.722,0.226,1
12954,Delhi,Mumbai,CC,GN,57,13,5,1,0.724,0.192,0
12956,Delhi,Mumbai,3A,GN,57,9,2,0,0.701,0.141,0
12012,Bengaluru,Chennai,CC,GN,44,25,5,1,0.764,0.21,0
12011,Chennai,Bengaluru,CC,GN,8,29,4,0,0.758,0.187,1
12953,Mumbai,Delhi,SL,GN,50,2,6,1,0.7,0.19,0
12840,Chennai,Howrah,SL,GN,39,22,3,0,0.794,0.216,0
12843,Howrah,Chennai,3A,GN,28,8,5,1,0.796,0.137,0
12840,Chennai,Howrah,CC,GN,33,6,5,1,0.787,0.259,1
12621,Chennai,New Delhi,SL,GN,27,12,0,0,0.79,0.142,0
12839,Howrah,Chennai,3A,GN,27,20,6,1,0.759,0.173,1
12844,Chennai,Howrah,CC,TQ,40,8,4,0,0.787,0.225,0
12625,Chennai,New Delhi,CC,GN,36,15,2,0,0.654,0.322,0
12844,Chennai,Howrah,CC,GN,15,7,0,0,0.744,0.213,1
12841,Howrah,Chennai,2A,GN,19,16,1,0,0.605,0.128,1
12844,Chennai,Howrah,CC,GN,44,4,5,1,0.777,0.118,0
12622,New Delhi,Chennai,3A,TQ,56,28,0,0,0.901,0.261,1
12842,Chennai,Howrah,2A,GN,27,21,2,0,0.851,0.24,0
12954,Delhi,Mumbai,2A,GN,13,19,2,0,0.856,0.278,1
12843,Howrah,Chennai,CC,GN,8,28,4,0,0.727,0.112,1
12951,Mumbai,Delhi,CC,GN,34,16,5,1,0.915,0.165,0
12953,Mumbai,Delhi,3A,GN,30,27,2,0,0.732,0.213,1
12626,New Delhi,Chennai,2A,GN,7,24,3,0,0.801,0.191,1
12621,Chennai,New Delhi,3A,GN,9,21,3,0,0.88,0.187,0
12954,Delhi,Mumbai,3A,GN,55,8,4,0,0.708,0.222,0
12625,Chennai,New Delhi,3A,GN,44,4,0,0,0.768,0.136,0
12624,New Delhi,Chennai,CC,GN,22,14,2,0,0.801,0.302,1
12839,Howrah,Chennai,3A,GN,12,19,4,0,0.663,0.159,1
12623,Chennai,New Delhi,SL,TQ,35,10,1,0,0.842,0.073,0
12952,Delhi,Mumbai,CC,GN,9,12,2,0,0.688,0.136,1
12841,Howrah,Chennai,2A,GN,58,18,0,0,0.838,0.188,1
12007,Chennai,Bengaluru,2A,GN,43,23,6,1,0.541,0.258,0
12842,Chennai,Howrah,CC,GN,53,23,2,0,0.823,0.251,0
12626,New Delhi,Chennai,SL,GN,4,19,4,0,0.862,0.255,1
12951,Mumbai,Delhi,2A,GN,33,10,4,0,0.904,0.193,0
12840,Chennai,Howrah,2A,GN,59,22,0,0,0.803,0.267,0
12840,Chennai,Howrah,CC,GN,48,26,0,0,0.762,0.272,0
12951,Mumbai,Delhi,3A,GN,3,26,1,0,0.979,0.208,1
12956,Delhi,Mumbai,CC,GN,60,7,1,0,0.693,0.199,0
12007,Chennai,Bengaluru,SL,GN,55,27,5,1,0.633,0.172,0
12010,Bengaluru,Chennai,CC,GN,27,24,6,1,0.736,0.284,1
12955,Mumbai,Delhi,CC,GN,1,24,1,0,0.816,0.18,1
12956,Delhi,Mumbai,CC,GN,25,24,5,1,0.639,0.234,0
12622,New Delhi,Chennai,SL,GN,22,18,6,1,0.675,0.12,0
12010,Bengaluru,Chennai,SL,GN,47,19,0,0,0.869,0.255,1
12952,Delhi,Mumbai,SL,GN,40,1,2,0,0.662,0.219,0
12953,Mumbai,Delhi,3A,GN,23,14,5,1,0.948,0.278,0
12954,Delhi,Mumbai,3A,GN,39,21,5,1,0.891,0.08,0
12953,Mumbai,Delhi,SL,GN,27,5,2,0,0.922,0.03,0
12844,Chennai,Howrah,CC,GN,14,25,1,0,0.627,0.238,0
12839,Howrah,Chennai,CC,TQ,23,2,0,0,0.782,0.164,0
12009,Chennai,Bengaluru,2A,TQ,20,16,2,0,0.78,0.241,1
12624,New Delhi,Chennai,2A,TQ,22,17,6,1,0.765,0.138,0
12626,New Delhi,Chennai,CC,GN,45,26,5,1,0.824,0.253,1
12625,Chennai,New Delhi,2A,TQ,1,8,6,1,0.735,0.147,1
12843,Howrah,Chennai,SL,GN,28,17,5,1,0.679,0.115,1
12839,Howrah,Chennai,2A,GN,13,25,1,0,0.664,0.072,1
12008,Bengaluru,Chennai,2A,GN,33,27,4,0,0.812,0.166,1
12008,Bengaluru,Chennai,CC,TQ,33,29,1,0,0.888,0.093,1
12012,Bengaluru,Chennai,2A,TQ,26,1,5,1,0.82,0.228,0
12012,Bengaluru,Chennai,3A,GN,21,6,5,1,0.98,0.056,0
12010,Bengaluru,Chennai,SL,GN,23,7,3,0,0.777,0.324,1
12954,Delhi,Mumbai,SL,GN,10,22,4,0,0.566,0.289,1
12841,Howrah,Chennai,SL,TQ,58,20,2,0,0.735,0.193,0
12839,Howrah,Chennai,CC,GN,20,2,3,0,0.875,0.182,0
12010,Bengaluru,Chennai,3A,GN,14,19,5,1,0.773,0.216,1
12008,Bengaluru,Chennai,2A,GN,25,5,1,0,0.763,0.198,1
12624,New Delhi,Chennai,SL,GN,50,22,2,0,0.69,0.242,1
12012,Bengaluru,Chennai,3A,GN,18,27,4,0,0.798,0.12,1
12012,Bengaluru,Chennai,SL,TQ,37,29,2,0,0.748,0.256,0
12841,Howrah,Chennai,2A,GN,8,8,5,1,0.78,0.283,1
12011,Chennai,Bengaluru,2A,GN,2,13,4,0,0.788,0.346,0
12008,Bengaluru,Chennai,CC,GN,18,22,0,0,0.646,0.11,0
12840,Chennai,Howrah,3A,TQ,48,18,3,0,0.67,0.296,1
12956,Delhi,Mumbai,2A,TQ,22,11,1,0,0.632,0.187,1
12840,Chennai,Howrah,3A,GN,18,28,6,1,0.683,0.211,1
12624,New Delhi,Chennai,3A,GN,34,14,4,0,0.9,0.084,0
12955,Mumbai,Delhi,2A,GN,17,2,4,0,0.872,0.107,1
12843,Howrah,Chennai,SL,GN,42,26,2,0,0.928,0.16,0
12010,Bengaluru,Chennai,SL,GN,15,19,0,0,0.798,0.18,1
12626,New Delhi,Chennai,SL,GN,22,4,6,1,0.8,0.092,1
12007,Chennai,Bengaluru,2A,GN,41,2,6,1,0.774,0.179,0
12840,Chennai,Howrah,3A,GN,52,1,0,0,0.786,0.2,0
12011,Chennai,Bengaluru,CC,GN,27,2,2,0,0.978,0.129,0
12623,Chennai,New Delhi,2A,GN,24,11,2,0,0.682,0.185,0
12951,Mumbai,Delhi,SL,GN,28,24,4,0,0.747,0.112,1
12842,Chennai,Howrah,2A,GN,48,2,2,0,0.852,0.144,0
12010,Bengaluru,Chennai,2A,TQ,57,7,2,0,0.459,0.167,0
12956,Delhi,Mumbai,2A,GN,36,17,0,0,0.841,0.116,0
12841,Howrah,Chennai,CC,GN,58,23,4,0,0.846,0.311,0
12626,New Delhi,Chennai,2A,GN,27,15,3,0,0.81,0.257,1
12011,Chennai,Bengaluru,3A,GN,42,13,0,0,0.754,0.278,0
12843,Howrah,Chennai,SL,GN,13,24,1,0,0.776,0.037,1
12624,New Delhi,Chennai,CC,GN,53,24,6,1,0.69,0.253,0
12007,Chennai,Bengaluru,3A,TQ,56,19,0,0,0.919,0.172,0
12011,Chennai,Bengaluru,SL,GN,7,6,6,1,0.893,0.234,1
12007,Chennai,Bengaluru,3A,GN,19,9,4,0,0.827,0.254,0
12842,Chennai,Howrah,2A,GN,38,23,1,0,0.835,0.16,0
12007,Chennai,Bengaluru,SL,GN,4,27,0,0,0.838,0.165,1
12844,Chennai,Howrah,SL,GN,26,18,5,1,0.85,0.104,0
12842,Chennai,Howrah,CC,GN,18,30,6,1,0.602,0.13,1
12841,Howrah,Chennai,SL,GN,59,26,2,0,0.924,0.032,0
12010,Bengaluru,Chennai,CC,GN,52,14,5,1,0.769,0.125,0
12010,Bengaluru,Chennai,CC,GN,42,26,1,0,0.705,0.108,1
12626,New Delhi,Chennai,CC,GN,25,7,1,0,0.562,0.305,0
12010,Bengaluru,Chennai,2A,GN,14,8,3,0,0.849,0.325,0
12956,Delhi,Mumbai,3A,GN,9,21,6,1,0.661,0.081,1
12841,Howrah,Chennai,SL,GN,9,21,5,1,0.838,0.03,1
12623,Chennai,New Delhi,SL,GN,56,18,0,0,0.823,0.213,0
12008,Bengaluru,Chennai,3A,GN,36,2,3,0,0.744,0.141,0
12844,Chennai,Howrah,2A,GN,18,24,2,0,0.741,0.186,0
12007,Chennai,Bengaluru,3A,GN,18,13,3,0,0.777,0.282,1
12844,Chennai,Howrah,SL,GN,35,29,2,0,0.751,0.178,1
12010,Bengaluru,Chennai,CC,GN,35,18,6,1,0.744,0.189,0
12008,Bengaluru,Chennai,CC,TQ,60,25,1,0,0.711,0.238,0
12839,Howrah,Chennai,CC,GN,13,4,2,0,0.781,0.14,1
12955,Mumbai,Delhi,3A,GN,5,11,2,0,0.71,0.15,1
12952,Delhi,Mumbai,SL,GN,22,30,1,0,0.914,0.163,1
12624,New Delhi,Chennai,2A,GN,59,2,0,0,0.895,0.259,0
12010,Bengaluru,Chennai,3A,GN,11,3,5,1,0.742,0.115,0
12954,Delhi,Mumbai,CC,GN,51,7,0,0,0.723,0.228,0
12011,Chennai,Bengaluru,CC,GN,38,17,1,0,0.803,0.062,0
12626,New Delhi,Chennai,CC,GN,52,11,3,0,0.794,0.167,0
12954,Delhi,Mumbai,CC,TQ,33,29,6,1,0.791,0.181,0
12954,Delhi,Mumbai,CC,GN,40,20,0,0,0.853,0.243,0
12010,Bengaluru,Chennai,CC,GN,56,18,4,0,0.81,0.249,0
12010,Bengaluru,Chennai,SL,TQ,22,16,2,0,0.938,0.171,1
12010,Bengaluru,Chennai,3A,GN,59,10,5,1,0.867,0.111,0
12843,Howrah,Chennai,SL,GN,9,5,1,0,0.659,0.19,1
12008,Bengaluru,Chennai,SL,GN,54,21,1,0,0.865,0.23,1
12952,Delhi,Mumbai,SL,GN,41,16,3,0,0.788,0.11,0
12009,Chennai,Bengaluru,2A,GN,32,8,1,0,0.824,0.166,0
12622,New Delhi,Chennai,SL,GN,22,6,6,1,0.661,0.105,0
12844,Chennai,Howrah,3A,GN,4,18,5,1,0.763,0.143,1
12008,Bengaluru,Chennai,3A,TQ,21,9,2,0,0.664,0.115,0
12954,Delhi,Mumbai,CC,GN,54,30,4,0,0.76,0.211,1
12843,Howrah,Chennai,CC,TQ,40,18,3,0,0.692,0.182,1
12626,New Delhi,Chennai,3A,GN,27,15,1,0,0.695,0.163,0
12624,New Delhi,Chennai,3A,GN,23,13,4,0,0.717,0.211,0
12843,Howrah,Chennai,2A,GN,37,17,4,0,0.79,0.148,1
12843,Howrah,Chennai,CC,GN,56,5,5,1,0.875,0.206,0
12621,Chennai,New Delhi,2A,GN,16,21,3,0,0.765,0.289,1
12010,Bengaluru,Chennai,CC,GN,55,10,6,1,0.835,0.034,0
12010,Bengaluru,Chennai,3A,GN,53,25,6,1,0.837,0.144,0
12626,New Delhi,Chennai,2A,GN,22,7,5,1,0.836,0.239,0
12842,Chennai,Howrah,CC,GN,29,15,6,1,0.817,0.095,0
12954,Delhi,Mumbai,2A,GN,14,22,4,0,0.791,0.133,1
12622,New Delhi,Chennai,2A,GN,18,5,0,0,0.842,0.194,0
12844,Chennai,Howrah,CC,TQ,15,20,1,0,0.899,0.182,0
12007,Chennai,Bengaluru,3A,GN,3,25,2,0,0.795,0.282,0
12954,Delhi,Mumbai,2A,GN,9,24,6,1,0.656,0.051,1
12008,Bengaluru,Chennai,SL,GN,39,15,0,0,0.767,0.23,0
12011,Chennai,Bengaluru,CC,GN,32,18,1,0,0.694,0.166,1
12955,Mumbai,Delhi,SL,GN,8,1,5,1,0.571,0.252,1
12954,Delhi,Mumbai,CC,GN,56,25,0,0,0.902,0.15,0
12956,Delhi,Mumbai,3A,GN,6,21,4,0,0.735,0.215,0
12622,New Delhi,Chennai,CC,GN,40,22,5,1,0.962,0.117,1
12955,Mumbai,Delhi,SL,TQ,6,21,4,0,0.664,0.204,1
12626,New Delhi,Chennai,2A,GN,43,11,5,1,0.73,0.069,0
12842,Chennai,Howrah,3A,GN,41,17,6,1,0.574,0.103,0
12839,Howrah,Chennai,SL,GN,17,20,1,0,0.72,0.126,1
12010,Bengaluru,Chennai,SL,GN,3,11,2,0,0.848,0.093,1
12010,Bengaluru,Chennai,CC,TQ,49,9,4,0,0.802,0.255,0
12842,Chennai,Howrah,CC,GN,31,29,0,0,0.805,0.24,1
12844,Chennai,Howrah,2A,GN,43,28,4,0,0.667,0.16,0
12624,New Delhi,Chennai,3A,GN,1,22,5,1,0.771,0.131,1
12621,Chennai,New Delhi,3A,GN,57,13,6,1,0.766,0.187,0
12621,Chennai,New Delhi,CC,TQ,59,17,4,0,0.77,0.152,0
12008,Bengaluru,Chennai,SL,TQ,7,30,6,1,0.812,0.149,1
12951,Mumbai,Delhi,CC,GN,11,2,0,0,0.931,0.161,1
12010,Bengaluru,Chennai,CC,GN,30,14,5,1,0.729,0.212,1
12011,Chennai,Bengaluru,SL,GN,36,14,2,0,0.633,0.094,1
12842,Chennai,Howrah,3A,GN,25,3,2,0,0.744,0.114,0
12841,Howrah,Chennai,3A,GN,39,2,5,1,0.955,0.174,0
12841,Howrah,Chennai,SL,GN,57,26,0,0,0.89,0.143,0
12955,Mumbai,Delhi,2A,GN,10,27,0,0,0.745,0.111,0
12010,Bengaluru,Chennai,2A,GN,35,16,5,1,0.838,0.132,0
12621,Chennai,New Delhi,CC,GN,57,29,2,0,0.631,0.118,0
12011,Chennai,Bengaluru,CC,GN,19,6,2,0,0.763,0.24,0
12624,New Delhi,Chennai,3A,TQ,54,18,6,1,0.675,0.085,1
12952,Delhi,Mumbai,CC,GN,41,17,4,0,0.907,0.206,0
12842,Chennai,Howrah,CC,GN,29,8,4,0,0.768,0.222,1
12622,New Delhi,Chennai,2A,TQ,36,8,6,1,0.861,0.215,0
12951,Mumbai,Delhi,2A,GN,30,15,4,0,0.626,0.238,0
12839,Howrah,Chennai,SL,GN,15,15,2,0,0.587,0.211,1
12951,Mumbai,Delhi,2A,GN,20,11,0,0,0.759,0.183,0
12954,Delhi,Mumbai,SL,TQ,38,6,3,0,0.728,0.256,0
12626,New Delhi,Chennai,CC,GN,36,3,1,0,0.795,0.242,0
12839,Howrah,Chennai,CC,GN,15,8,1,0,0.691,0.141,0
12625,Chennai,New Delhi,3A,GN,2,26,0,0,0.824,0.133,1
12011,Chennai,Bengaluru,2A,GN,19,24,5,1,0.692,0.042,1
12840,Chennai,Howrah,SL,GN,42,22,3,0,0.82,0.19,0
12839,Howrah,Chennai,CC,GN,40,5,6,1,0.932,0.214,0
12839,Howrah,Chennai,3A,GN,32,22,0,0,0.762,0.19,1
12952,Delhi,Mumbai,CC,GN,28,29,4,0,0.84,0.277,1
12012,Bengaluru,Chennai,CC,GN,52,28,2,0,0.899,0.124,1
12012,Bengaluru,Chennai,3A,GN,47,2,6,1,0.803,0.219,0
12624,New Delhi,Chennai,SL,GN,14,2,1,0,0.748,0.146,0
12954,Delhi,Mumbai,SL,GN,5,21,5,1,0.805,0.152,1
12622,New Delhi,Chennai,CC,GN,41,13,4,0,0.831,0.059,0
12626,New Delhi,Chennai,3A,GN,54,13,2,0,0.77,0.16,1
12012,Bengaluru,Chennai,3A,GN,51,17,0,0,0.936,0.161,0
12953,Mumbai,Delhi,3A,GN,5,15,2,0,0.83,0.228,1
12009,Chennai,Bengaluru,3A,GN,55,18,0,0,0.786,0.257,1
12840,Chennai,Howrah,CC,GN,43,24,1,0,0.954,0.244,0
12842,Chennai,Howrah,2A,GN,58,5,1,0,0.824,0.24,0
12955,Mumbai,Delhi,2A,GN,10,6,4,0,0.844,0.119,0
12844,Chennai,Howrah,CC,GN,29,19,3,0,0.776,0.261,0
12010,Bengaluru,Chennai,CC,GN,21,22,3,0,0.744,0.166,1
12008,Bengaluru,Chennai,CC,GN,4,17,0,0,0.713,0.307,1
12010,Bengaluru,Chennai,CC,GN,55,26,3,0,0.698,0.228,0
12012,Bengaluru,Chennai,3A,GN,31,11,6,1,0.707,0.19,0
12955,Mumbai,Delhi,SL,GN,47,4,4,0,0.776,0.055,0
12010,Bengaluru,Chennai,SL,TQ,6,1,4,0,0.671,0.188,0
12953,Mumbai,Delhi,3A,GN,46,26,4,0,0.872,0.191,1
12843,Howrah,Chennai,2A,GN,15,4,2,0,0.883,0.265,0
12953,Mumbai,Delhi,SL,GN,41,16,0,0,0.943,0.078,1
12843,Howrah,Chennai,CC,GN,44,13,3,0,0.701,0.148,0
12011,Chennai,Bengaluru,CC,GN,21,7,1,0,0.882,0.199,1
12952,Delhi,Mumbai,CC,GN,20,9,3,0,0.716,0.236,1
12842,Chennai,Howrah,CC,GN,24,4,0,0,0.764,0.263,1
12839,Howrah,Chennai,3A,GN,33,23,2,0,0.774,0.09,1
12011,Chennai,Bengaluru,CC,GN,60,25,3,0,0.512,0.174,0
12844,Chennai,Howrah,3A,GN,18,14,5,1,0.669,0.196,0
12844,Chennai,Howrah,CC,GN,16,16,5,1,0.731,0.189,0
12012,Bengaluru,Chennai,3A,GN,54,8,5,1,0.685,0.198,0
12843,Howrah,Chennai,3A,GN,1,25,1,0,0.808,0.159,1
12625,Chennai,New Delhi,SL,GN,57,6,1,0,0.824,0.199,0
12840,Chennai,Howrah,CC,GN,45,28,1,0,0.736,0.204,1
12951,Mumbai,Delhi,3A,GN,23,29,6,1,0.841,0.27,1
12012,Bengaluru,Chennai,SL,GN,19,17,0,0,0.744,0.25,0
12955,Mumbai,Delhi,2A,GN,9,18,6,1,0.911,0.143,0
12956,Delhi,Mumbai,2A,TQ,29,30,0,0,0.507,0.171,1
12624,New Delhi,Chennai,CC,GN,54,27,1,0,0.886,0.227,0
12955,Mumbai,Delhi,2A,GN,51,25,3,0,0.773,0.173,0
12010,Bengaluru,Chennai,3A,GN,47,22,2,0,0.896,0.195,0
12951,Mumbai,Delhi,CC,GN,7,14,6,1,0.699,0.055,0
12012,Bengaluru,Chennai,SL,TQ,23,29,3,0,0.651,0.158,0
12624,New Delhi,Chennai,3A,GN,13,22,6,1,0.732,0.211,1
12843,Howrah,Chennai,SL,GN,4,18,5,1,0.818,0.284,1
12623,Chennai,New Delhi,2A,GN,45,22,6,1,0.908,0.163,0
12011,Chennai,Bengaluru,CC,GN,9,3,2,0,0.712,0.226,0
12011,Chennai,Bengaluru,3A,TQ,35,2,4,0,0.812,0.279,0
12008,Bengaluru,Chennai,2A,GN,30,26,4,0,0.892,0.154,1
12010,Bengaluru,Chennai,2A,GN,11,18,2,0,0.87,0.18,1
12840,Chennai,Howrah,2A,TQ,35,3,1,0,0.818,0.238,0
12839,Howrah,Chennai,2A,TQ,45,22,0,0,0.679,0.03,0
12955,Mumbai,Delhi,2A,GN,40,26,5,1,0.891,0.236,0
12840,Chennai,Howrah,2A,GN,19,4,2,0,0.827,0.185,1
12623,Chennai,New Delhi,CC,GN,42,7,2,0,0.788,0.143,0
12952,Delhi,Mumbai,SL,GN,38,26,4,0,0.712,0.092,1
12009,Chennai,Bengaluru,2A,TQ,20,7,3,0,0.885,0.094,0
12841,Howrah,Chennai,2A,GN,6,6,1,0,0.728,0.289,1
12624,New Delhi,Chennai,3A,GN,46,15,2,0,0.754,0.096,0
12841,Howrah,Chennai,SL,GN,12,6,5,1,0.691,0.27,0
12953,Mumbai,Delhi,CC,TQ,35,7,2,0,0.841,0.212,0
12010,Bengaluru,Chennai,CC,GN,26,15,6,1,0.852,0.03,0
12953,Mumbai,Delhi,SL,GN,8,9,0,0,0.785,0.104,1
12621,Chennai,New Delhi,2A,GN,28,12,6,1,0.712,0.204,0
12951,Mumbai,Delhi,2A,GN,9,1,4,0,0.563,0.152,1
12011,Chennai,Bengaluru,CC,GN,35,20,3,0,0.794,0.201,0
12008,Bengaluru,Chennai,SL,GN,21,13,4,0,0.921,0.16,1
12625,Chennai,New Delhi,CC,GN,11,3,2,0,0.811,0.114,1
12955,Mumbai,Delhi,2A,GN,31,15,3,0,0.735,0.172,0
12844,Chennai,Howrah,SL,GN,21,30,1,0,0.898,0.2,0
12622,New Delhi,Chennai,SL,TQ,14,25,1,0,0.849,0.102,0
12842,Chennai,Howrah,2A,GN,48,19,0,0,0.721,0.135,0
12624,New Delhi,Chennai,2A,GN,34,29,0,0,0.831,0.178,0
12953,Mumbai,Delhi,CC,TQ,41,25,0,0,0.753,0.237,1
12011,Chennai,Bengaluru,SL,GN,54,1,1,0,0.795,0.193,0
12622,New Delhi,Chennai,CC,GN,2,3,0,0,0.82,0.13,0
12954,Delhi,Mumbai,CC,GN,47,7,0,0,0.773,0.24,1
12009,Chennai,Bengaluru,2A,GN,41,3,4,0,0.731,0.137,1
12840,Chennai,Howrah,2A,TQ,26,25,5,1,0.696,0.12,0
12624,New Delhi,Chennai,SL,GN,9,2,5,1,0.612,0.185,0
12954,Delhi,Mumbai,CC,GN,54,7,3,0,0.737,0.12,0
12841,Howrah,Chennai,2A,GN,59,7,0,0,0.766,0.27,0
12010,Bengaluru,Chennai,2A,GN,55,15,4,0,0.68,0.182,0
12622,New Delhi,Chennai,3A,GN,7,7,2,0,0.728,0.056,1
12007,Chennai,Bengaluru,2A,GN,51,7,2,0,0.781,0.185,1
12842,Chennai,Howrah,CC,GN,10,24,2,0,0.763,0.049,1
12012,Bengaluru,Chennai,CC,GN,33,14,0,0,0.679,0.159,1
12839,Howrah,Chennai,SL,GN,36,24,6,1,0.782,0.244,0
12953,Mumbai,Delhi,3A,GN,50,16,6,1,0.807,0.137,1
12623,Chennai,New Delhi,CC,TQ,50,6,6,1,0.936,0.162,0
12839,Howrah,Chennai,CC,GN,27,25,0,0,0.759,0.185,1
12621,Chennai,New Delhi,3A,GN,54,26,5,1,0.593,0.157,0
12841,Howrah,Chennai,SL,GN,37,23,2,0,0.841,0.191,0
12844,Chennai,Howrah,SL,GN,31,2,3,0,0.85,0.259,1
12623,Chennai,New Delhi,2A,GN,59,20,4,0,0.693,0.123,0
12843,Howrah,Chennai,2A,GN,28,30,6,1,0.802,0.113,1
12952,Delhi,Mumbai,3A,GN,54,15,1,0,0.741,0.125,0
12844,Chennai,Howrah,2A,TQ,48,5,4,0,0.733,0.198,0
12956,Delhi,Mumbai,3A,GN,38,27,3,0,0.793,0.292,1
12839,Howrah,Chennai,CC,GN,13,17,3,0,0.927,0.235,1
12955,Mumbai,Delhi,3A,GN,55,9,2,0,0.98,0.273,0
12842,Chennai,Howrah,2A,GN,39,11,2,0,0.927,0.236,1
12953,Mumbai,Delhi,SL,GN,43,25,5,1,0.742,0.183,1
12624,New Delhi,Chennai,2A,GN,58,11,0,0,0.832,0.265,0
12955,Mumbai,Delhi,SL,TQ,39,12,0,0,0.831,0.195,0
12844,Chennai,Howrah,CC,GN,55,29,1,0,0.758,0.321,0
12010,Bengaluru,Chennai,2A,GN,51,17,6,1,0.754,0.3,1
12839,Howrah,Chennai,3A,GN,35,10,6,1,0.819,0.229,0
12622,New Delhi,Chennai,3A,GN,29,21,6,1,0.916,0.139,1
12955,Mumbai,Delhi,SL,GN,6,5,6,1,0.715,0.241,0
12625,Chennai,New Delhi,CC,GN,8,18,4,0,0.743,0.203,0
12953,Mumbai,Delhi,3A,GN,35,10,1,0,0.838,0.114,1
12624,New Delhi,Chennai,SL,GN,59,9,0,0,0.837,0.258,0
12623,Chennai,New Delhi,3A,GN,58,21,3,0,0.907,0.227,0
12956,Delhi,Mumbai,SL,GN,39,11,0,0,0.913,0.165,0
12621,Chennai,New Delhi,SL,GN,44,30,5,1,0.847,0.338,1
12954,Delhi,Mumbai,SL,TQ,60,20,5,1,0.832,0.233,0
12839,Howrah,Chennai,2A,GN,31,5,3,0,0.605,0.205,0
12625,Chennai,New Delhi,3A,GN,5,15,1,0,0.811,0.238,1
12953,Mumbai,Delhi,2A,GN,51,13,4,0,0.98,0.103,0
12955,Mumbai,Delhi,SL,TQ,13,19,1,0,0.778,0.091,0
12954,Delhi,Mumbai,SL,GN,50,11,2,0,0.727,0.21,0
12008,Bengaluru,Chennai,CC,GN,3,23,0,0,0.699,0.172,1
12621,Chennai,New Delhi,2A,GN,15,26,5,1,0.959,0.187,0
12010,Bengaluru,Chennai,2A,GN,21,7,6,1,0.645,0.299,1
12011,Chennai,Bengaluru,3A,GN,20,4,2,0,0.859,0.268,0
12955,Mumbai,Delhi,2A,GN,36,10,4,0,0.843,0.19,0
12951,Mumbai,Delhi,3A,GN,32,6,5,1,0.845,0.149,0
12625,Chennai,New Delhi,SL,GN,32,16,2,0,0.724,0.174,0
12842,Chennai,Howrah,3A,TQ,23,26,3,0,0.747,0.199,1
12841,Howrah,Chennai,2A,GN,14,17,1,0,0.696,0.123,1
12952,Delhi,Mumbai,SL,GN,32,19,1,0,0.809,0.222,1
12843,Howrah,Chennai,CC,GN,32,10,1,0,0.885,0.157,0
12009,Chennai,Bengaluru,CC,GN,24,27,6,1,0.96,0.121,1
12842,Chennai,Howrah,3A,GN,23,18,3,0,0.844,0.174,0
12622,New Delhi,Chennai,SL,GN,2,28,2,0,0.856,0.146,1
12623,Chennai,New Delhi,SL,GN,52,11,1,0,0.869,0.203,0
12843,Howrah,Chennai,CC,GN,52,10,3,0,0.677,0.142,0
12952,Delhi,Mumbai,3A,GN,34,18,3,0,0.711,0.253,1
12955,Mumbai,Delhi,3A,GN,8,2,0,0,0.749,0.085,0
12011,Chennai,Bengaluru,SL,GN,43,20,4,0,0.577,0.196,0
12841,Howrah,Chennai,2A,GN,1,9,0,0,0.635,0.177,1
12841,Howrah,Chennai,2A,GN,13,8,3,0,0.844,0.219,1
12840,Chennai,Howrah,CC,GN,42,13,0,0,0.78,0.349,1
12010,Bengaluru,Chennai,SL,GN,15,4,5,1,0.706,0.248,0
12954,Delhi,Mumbai,SL,GN,13,15,4,0,0.813,0.298,1
12840,Chennai,Howrah,CC,GN,38,9,4,0,0.847,0.177,0
12010,Bengaluru,Chennai,3A,GN,55,2,0,0,0.852,0.158,0
12009,Chennai,Bengaluru,SL,GN,6,28,5,1,0.876,0.18,1
12010,Bengaluru,Chennai,CC,GN,7,4,6,1,0.882,0.116,0
12843,Howrah,Chennai,CC,GN,35,30,2,0,0.491,0.156,1
12007,Chennai,Bengaluru,CC,GN,15,10,5,1,0.591,0.101,0
12625,Chennai,New Delhi,SL,GN,41,17,6,1,0.827,0.191,0
12844,Chennai,Howrah,3A,GN,43,5,4,0,0.761,0.101,0
12951,Mumbai,Delhi,SL,GN,30,1,4,0,0.817,0.166,0
12624,New Delhi,Chennai,3A,GN,29,16,4,0,0.724,0.264,0
12839,Howrah,Chennai,SL,TQ,3,16,1,0,0.666,0.16,1
12626,New Delhi,Chennai,2A,GN,50,11,2,0,0.843,0.333,1
12839,Howrah,Chennai,SL,TQ,24,13,1,0,0.687,0.113,1
12840,Chennai,Howrah,3A,GN,36,24,2,0,0.846,0.223,1
12841,Howrah,Chennai,SL,GN,30,3,4,0,0.826,0.193,0
12009,Chennai,Bengaluru,CC,GN,12,14,6,1,0.739,0.164,0
12953,Mumbai,Delhi,2A,GN,43,12,0,0,0.704,0.09,0
12009,Chennai,Bengaluru,2A,GN,54,14,4,0,0.877,0.111,1
12625,Chennai,New Delhi,SL,GN,44,7,6,1,0.77,0.125,1
12623,Chennai,New Delhi,2A,GN,52,22,4,0,0.878,0.188,0
12008,Bengaluru,Chennai,CC,GN,59,23,6,1,0.816,0.189,0
12012,Bengaluru,Chennai,3A,GN,47,9,1,0,0.723,0.044,0
12952,Delhi,Mumbai,2A,GN,49,9,1,0,0.655,0.074,0
12956,Delhi,Mumbai,2A,GN,45,28,5,1,0.524,0.193,0
12621,Chennai,New Delhi,SL,GN,48,14,3,0,0.719,0.129,0
12953,Mumbai,Delhi,3A,GN,37,22,3,0,0.951,0.131,0
12622,New Delhi,Chennai,SL,GN,21,27,6,1,0.724,0.237,0
12626,New Delhi,Chennai,2A,TQ,15,1,2,0,0.646,0.174,1
12955,Mumbai,Delhi,3A,GN,57,14,4,0,0.794,0.227,0
12623,Chennai,New Delhi,3A,GN,5,26,1,0,0.859,0.167,1
12007,Chennai,Bengaluru,CC,GN,55,29,6,1,0.887,0.213,0
12843,Howrah,Chennai,2A,GN,1,19,2,0,0.766,0.117,1
12956,Delhi,Mumbai,3A,GN,20,30,4,0,0.749,0.182,1
12624,New Delhi,Chennai,3A,GN,2,30,0,0,0.753,0.16,1
12626,New Delhi,Chennai,CC,GN,9,18,4,0,0.729,0.187,1
12625,Chennai,New Delhi,CC,GN,10,14,3,0,0.636,0.097,0
12623,Chennai,New Delhi,3A,GN,45,25,0,0,0.741,0.104,0
12626,New Delhi,Chennai,3A,TQ,43,12,5,1,0.775,0.324,0
12953,Mumbai,Delhi,SL,GN,48,21,1,0,0.959,0.148,0
12007,Chennai,Bengaluru,2A,GN,41,7,2,0,0.809,0.282,0
12007,Chennai,Bengaluru,2A,GN,7,26,3,0,0.909,0.271,1
12844,Chennai,Howrah,2A,GN,36,22,0,0,0.726,0.286,0
12841,Howrah,Chennai,SL,GN,21,3,4,0,0.72,0.304,0
12955,Mumbai,Delhi,CC,GN,58,17,1,0,0.86,0.16,0
12008,Bengaluru,Chennai,CC,TQ,25,1,6,1,0.716,0.235,0
12953,Mumbai,Delhi,2A,GN,15,18,0,0,0.98,0.19,1
12624,New Delhi,Chennai,2A,GN,4,10,3,0,0.781,0.138,1
12956,Delhi,Mumbai,CC,GN,19,1,6,1,0.716,0.151,1
12840,Chennai,Howrah,2A,GN,46,30,5,1,0.98,0.143,1
12622,New Delhi,Chennai,2A,GN,52,11,6,1,0.664,0.198,0
12842,Chennai,Howrah,SL,GN,41,5,1,0,0.849,0.102,0
12007,Chennai,Bengaluru,CC,GN,57,17,3,0,0.745,0.145,0
12626,New Delhi,Chennai,CC,GN,50,22,2,0,0.722,0.268,0
12840,Chennai,Howrah,3A,GN,15,29,5,1,0.883,0.194,1
12626,New Delhi,Chennai,2A,GN,44,21,0,0,0.881,0.227,1
12008,Bengaluru,Chennai,3A,GN,38,26,5,1,0.816,0.199,0
12622,New Delhi,Chennai,3A,GN,3,5,5,1,0.613,0.222,0
12008,Bengaluru,Chennai,3A,GN,44,21,1,0,0.761,0.193,1
12952,Delhi,Mumbai,CC,GN,53,2,2,0,0.795,0.2,0
12011,Chennai,Bengaluru,SL,GN,12,12,4,0,0.891,0.03,0
12844,Chennai,Howrah,SL,GN,58,23,6,1,0.839,0.153,1
12621,Chennai,New Delhi,SL,GN,9,4,6,1,0.93,0.182,1
12954,Delhi,Mumbai,3A,GN,18,1,0,0,0.788,0.212,1
12008,Bengaluru,Chennai,SL,GN,50,10,3,0,0.689,0.145,1
12007,Chennai,Bengaluru,SL,GN,39,13,4,0,0.848,0.202,1
12007,Chennai,Bengaluru,2A,GN,29,28,1,0,0.83,0.249,1
12841,Howrah,Chennai,2A,GN,12,17,6,1,0.822,0.232,0
12010,Bengaluru,Chennai,CC,GN,18,4,5,1,0.717,0.294,1
12623,Chennai,New Delhi,3A,TQ,24,4,5,1,0.703,0.051,0
12012,Bengaluru,Chennai,CC,GN,60,18,0,0,0.621,0.183,0
12956,Delhi,Mumbai,3A,GN,30,30,3,0,0.844,0.118,1
12839,Howrah,Chennai,SL,GN,15,5,2,0,0.75,0.134,1
12843,Howrah,Chennai,CC,GN,21,2,5,1,0.793,0.138,1
12840,Chennai,Howrah,CC,GN,55,22,4,0,0.736,0.185,0
12953,Mumbai,Delhi,2A,GN,49,11,2,0,0.703,0.233,0
12009,Chennai,Bengaluru,SL,GN,17,18,2,0,0.757,0.129,1
12952,Delhi,Mumbai,CC,GN,51,26,0,0,0.633,0.283,1
12012,Bengaluru,Chennai,2A,GN,50,13,1,0,0.861,0.347,0
12624,New Delhi,Chennai,SL,GN,21,17,2,0,0.839,0.168,1
12007,Chennai,Bengaluru,SL,GN,28,8,2,0,0.723,0.183,0
12621,Chennai,New Delhi,2A,GN,12,18,6,1,0.882,0.068,0
12841,Howrah,Chennai,3A,GN,27,1,6,1,0.807,0.104,0
12011,Chennai,Bengaluru,CC,GN,39,26,5,1,0.96,0.187,0
12843,Howrah,Chennai,3A,GN,37,22,4,0,0.705,0.325,0
12954,Delhi,Mumbai,SL,GN,17,25,4,0,0.867,0.225,0
12625,Chennai,New Delhi,3A,GN,32,22,6,1,0.889,0.262,0
12622,New Delhi,Chennai,CC,GN,38,11,3,0,0.916,0.159,0
12955,Mumbai,Delhi,SL,GN,19,6,2,0,0.746,0.1,1
12951,Mumbai,Delhi,SL,GN,19,4,0,0,0.92,0.246,1
12955,Mumbai,Delhi,CC,GN,52,22,0,0,0.891,0.066,0
12623,Chennai,New Delhi,3A,GN,33,15,5,1,0.934,0.261,0
12952,Delhi,Mumbai,3A,GN,41,19,6,1,0.772,0.273,1
12954,Delhi,Mumbai,SL,GN,12,7,1,0,0.669,0.296,1
12010,Bengaluru,Chennai,3A,GN,5,14,5,1,0.6,0.108,1
12955,Mumbai,Delhi,SL,GN,41,21,3,0,0.793,0.239,1
12953,Mumbai,Delhi,3A,GN,49,15,3,0,0.885,0.21,1
12842,Chennai,Howrah,2A,GN,5,27,3,0,0.825,0.145,1
12840,Chennai,Howrah,2A,GN,27,6,4,0,0.97,0.192,0
12007,Chennai,Bengaluru,3A,GN,15,29,5,1,0.673,0.258,1
12843,Howrah,Chennai,CC,GN,26,5,1,0,0.959,0.085,0
12623,Chennai,New Delhi,2A,GN,9,6,4,0,0.8,0.164,1
12007,Chennai,Bengaluru,CC,GN,1,28,0,0,0.639,0.227,1
12952,Delhi,Mumbai,3A,TQ,37,13,4,0,0.741,0.151,0
12843,Howrah,Chennai,3A,GN,57,23,3,0,0.813,0.118,0
12009,Chennai,Bengaluru,2A,GN,60,19,3,0,0.699,0.121,0
12007,Chennai,Bengaluru,2A,GN,17,12,5,1,0.825,0.184,0
12955,Mumbai,Delhi,3A,GN,57,12,4,0,0.594,0.113,0
12010,Bengaluru,Chennai,3A,GN,10,5,6,1,0.675,0.241,0
12007,Chennai,Bengaluru,3A,GN,47,8,1,0,0.807,0.11,0
12839,Howrah,Chennai,SL,GN,57,19,3,0,0.848,0.084,0
12842,Chennai,Howrah,2A,GN,3,13,4,0,0.585,0.145,1
12952,Delhi,Mumbai,3A,GN,32,2,0,0,0.828,0.124,1
12626,New Delhi,Chennai,3A,GN,10,19,1,0,0.754,0.216,1
12842,Chennai,Howrah,2A,GN,4,23,5,1,0.636,0.157,1
12841,Howrah,Chennai,CC,GN,14,13,2,0,0.67,0.264,0
12622,New Delhi,Chennai,2A,GN,50,3,6,1,0.611,0.306,0
12625,Chennai,New Delhi,CC,GN,24,28,2,0,0.712,0.194,0
12843,Howrah,Chennai,2A,GN,56,14,1,0,0.835,0.117,0
12012,Bengaluru,Chennai,SL,TQ,26,13,6,1,0.723,0.319,1
12624,New Delhi,Chennai,2A,GN,28,2,6,1,0.803,0.14,1
12626,New Delhi,Chennai,CC,GN,18,28,1,0,0.707,0.171,1
12841,Howrah,Chennai,CC,GN,4,14,4,0,0.669,0.109,0
12839,Howrah,Chennai,SL,GN,20,30,0,0,0.893,0.205,0
12622,New Delhi,Chennai,2A,GN,50,12,5,1,0.696,0.176,0
12951,Mumbai,Delhi,3A,GN,6,7,3,0,0.789,0.172,1
12952,Delhi,Mumbai,CC,TQ,24,6,4,0,0.805,0.15,0
12953,Mumbai,Delhi,SL,GN,49,13,0,0,0.588,0.03,0
12955,Mumbai,Delhi,SL,GN,20,28,2,0,0.807,0.169,0
12844,Chennai,Howrah,2A,GN,17,5,5,1,0.742,0.157,1
12010,Bengaluru,Chennai,SL,GN,39,3,6,1,0.697,0.157,0
12840,Chennai,Howrah,3A,GN,54,26,3,0,0.849,0.23,0
12624,New Delhi,Chennai,CC,GN,33,8,2,0,0.871,0.173,0
12008,Bengaluru,Chennai,CC,GN,16,8,4,0,0.882,0.306,0
12623,Chennai,New Delhi,SL,GN,46,9,3,0,0.635,0.278,1
12956,Delhi,Mumbai,3A,TQ,52,29,2,0,0.82,0.289,0
12951,Mumbai,Delhi,2A,GN,26,18,6,1,0.871,0.122,0
12625,Chennai,New Delhi,SL,GN,52,19,6,1,0.669,0.246,0
12007,Chennai,Bengaluru,CC,GN,29,21,4,0,0.822,0.201,0
12842,Chennai,Howrah,2A,TQ,2,19,6,1,0.782,0.205,0
12841,Howrah,Chennai,3A,GN,43,9,4,0,0.733,0.189,0
12843,Howrah,Chennai,SL,GN,39,15,4,0,0.659,0.31,0
12621,Chennai,New Delhi,3A,GN,41,23,4,0,0.868,0.348,1
12839,Howrah,Chennai,2A,GN,25,5,3,0,0.793,0.121,0
12956,Delhi,Mumbai,3A,GN,16,11,2,0,0.687,0.191,0
12842,Chennai,Howrah,2A,GN,43,7,3,0,0.698,0.166,0
12839,Howrah,Chennai,3A,TQ,54,22,5,1,0.779,0.117,0
12954,Delhi,Mumbai,2A,TQ,4,16,2,0,0.847,0.368,0
12955,Mumbai,Delhi,3A,GN,6,29,6,1,0.737,0.151,1
12622,New Delhi,Chennai,SL,GN,38,6,1,0,0.719,0.12,0
12955,Mumbai,Delhi,CC,GN,44,30,4,0,0.879,0.121,0
12011,Chennai,Bengaluru,2A,GN,59,14,2,0,0.752,0.258,0
12839,Howrah,Chennai,3A,GN,37,10,0,0,0.782,0.03,0
12623,Chennai,New Delhi,3A,GN,14,20,1,0,0.701,0.205,1
12953,Mumbai,Delhi,3A,GN,39,21,0,0,0.946,0.226,0
12839,Howrah,Chennai,CC,GN,22,29,3,0,0.767,0.075,0
12624,New Delhi,Chennai,3A,GN,36,3,0,0,0.662,0.112,1
12840,Chennai,Howrah,3A,GN,60,10,2,0,0.626,0.155,0
12843,Howrah,Chennai,SL,GN,26,6,6,1,0.94,0.085,1
12952,Delhi,Mumbai,CC,GN,53,14,4,0,0.733,0.24,1
12012,Bengaluru,Chennai,3A,GN,33,10,5,1,0.726,0.152,0
12622,New Delhi,Chennai,CC,GN,40,2,6,1,0.761,0.05,0
12009,Chennai,Bengaluru,CC,GN,31,4,5,1,0.975,0.208,0
12844,Chennai,Howrah,3A,TQ,60,10,2,0,0.909,0.107,0
12839,Howrah,Chennai,SL,TQ,21,17,2,0,0.71,0.232,1
12956,Delhi,Mumbai,CC,GN,57,3,5,1,0.779,0.094,0
12840,Chennai,Howrah,CC,TQ,6,30,2,0,0.6,0.249,1
12623,Chennai,New Delhi,3A,TQ,8,12,2,0,0.98,0.076,0
12842,Chennai,Howrah,CC,GN,20,8,3,0,0.698,0.245,1
12952,Delhi,Mumbai,SL,GN,31,9,5,1,0.956,0.124,1
12956,Delhi,Mumbai,CC,GN,46,29,0,0,0.704,0.241,1
12956,Delhi,Mumbai,CC,GN,31,25,6,1,0.752,0.105,0
12626,New Delhi,Chennai,CC,GN,39,15,4,0,0.84,0.286,0
12952,Delhi,Mumbai,3A,GN,29,24,3,0,0.878,0.03,1
12621,Chennai,New Delhi,CC,GN,52,21,4,0,0.697,0.217,0
12844,Chennai,Howrah,CC,GN,11,4,0,0,0.681,0.179,1
12011,Chennai,Bengaluru,CC,GN,23,7,0,0,0.865,0.045,0
12622,New Delhi,Chennai,CC,GN,46,4,4,0,0.737,0.137,0
12012,Bengaluru,Chennai,CC,GN,28,18,5,1,0.687,0.143,1
12625,Chennai,New Delhi,CC,GN,41,5,4,0,0.78,0.082,0
12625,Chennai,New Delhi,CC,GN,5,7,3,0,0.924,0.074,1
12011,Chennai,Bengaluru,CC,TQ,54,24,4,0,0.875,0.284,0
12623,Chennai,New Delhi,2A,GN,47,7,0,0,0.938,0.198,0
12844,Chennai,Howrah,3A,GN,10,28,6,1,0.653,0.339,1
12951,Mumbai,Delhi,CC,GN,30,24,1,0,0.785,0.135,1
12011,Chennai,Bengaluru,CC,GN,17,20,2,0,0.762,0.127,0
12009,Chennai,Bengaluru,3A,GN,35,6,1,0,0.795,0.268,0
12621,Chennai,New Delhi,3A,TQ,10,5,1,0,0.791,0.191,0
12623,Chennai,New Delhi,3A,TQ,21,13,2,0,0.756,0.291,0
12839,Howrah,Chennai,3A,TQ,16,4,3,0,0.98,0.163,1
12621,Chennai,New Delhi,3A,GN,37,5,2,0,0.94,0.209,0
12840,Chennai,Howrah,CC,GN,54,14,0,0,0.707,0.159,0
12010,Bengaluru,Chennai,CC,GN,10,3,5,1,0.754,0.165,1
12007,Chennai,Bengaluru,SL,GN,11,5,3,0,0.77,0.225,0
12010,Bengaluru,Chennai,2A,GN,45,6,4,0,0.776,0.247,0
12843,Howrah,Chennai,2A,GN,48,2,6,1,0.821,0.174,0
12622,New Delhi,Chennai,3A,TQ,48,18,5,1,0.883,0.111,1
12956,Delhi,Mumbai,2A,GN,44,17,1,0,0.749,0.281,0
12956,Delhi,Mumbai,3A,TQ,33,18,6,1,0.783,0.216,0
12623,Chennai,New Delhi,CC,GN,43,5,5,1,0.936,0.138,0
12955,Mumbai,Delhi,3A,GN,4,16,6,1,0.883,0.117,0
12626,New Delhi,Chennai,SL,GN,14,8,1,0,0.848,0.229,1
12841,Howrah,Chennai,2A,GN,56,18,3,0,0.837,0.268,0
12841,Howrah,Chennai,3A,GN,22,29,0,0,0.75,0.065,0
12843,Howrah,Chennai,CC,GN,41,2,0,0,0.763,0.17,0
12626,New Delhi,Chennai,SL,GN,48,29,4,0,0.915,0.117,0
12844,Chennai,Howrah,2A,GN,55,11,5,1,0.872,0.217,0
12844,Chennai,Howrah,3A,GN,22,14,6,1,0.74,0.199,1
12841,Howrah,Chennai,SL,GN,53,17,2,0,0.85,0.085,0
12841,Howrah,Chennai,SL,GN,32,9,2,0,0.826,0.192,1
12844,Chennai,Howrah,SL,GN,24,24,1,0,0.912,0.264,0
12954,Delhi,Mumbai,3A,GN,31,26,1,0,0.681,0.095,0
12844,Chennai,Howrah,CC,GN,6,16,3,0,0.79,0.177,0
12844,Chennai,Howrah,SL,GN,1,20,5,1,0.766,0.182,1
12956,Delhi,Mumbai,2A,GN,52,1,4,0,0.717,0.198,0
12621,Chennai,New Delhi,2A,TQ,2,30,4,0,0.705,0.249,1
12954,Delhi,Mumbai,3A,GN,18,5,0,0,0.792,0.221,1
12844,Chennai,Howrah,3A,GN,41,22,0,0,0.751,0.149,1
12955,Mumbai,Delhi,2A,GN,45,27,6,1,0.785,0.207,1
12011,Chennai,Bengaluru,2A,GN,42,7,1,0,0.728,0.211,0
12956,Delhi,Mumbai,CC,GN,60,28,0,0,0.76,0.03,1
12625,Chennai,New Delhi,3A,GN,59,14,2,0,0.816,0.196,0
12008,Bengaluru,Chennai,SL,GN,51,23,1,0,0.654,0.204,1
12844,Chennai,Howrah,CC,GN,35,18,2,0,0.72,0.244,0
12624,New Delhi,Chennai,3A,GN,5,27,5,1,0.801,0.171,1
12621,Chennai,New Delhi,CC,GN,45,5,2,0,0.648,0.087,0
12840,Chennai,Howrah,SL,GN,50,23,6,1,0.741,0.034,0
12623,Chennai,New Delhi,CC,GN,19,19,3,0,0.642,0.238,1
12956,Delhi,Mumbai,2A,GN,52,1,6,1,0.715,0.067,0
12840,Chennai,Howrah,SL,GN,33,16,6,1,0.79,0.26,1
12844,Chennai,Howrah,SL,GN,25,18,0,0,0.751,0.21,1
12623,Chennai,New Delhi,CC,GN,29,10,6,1,0.729,0.35,1
12840,Chennai,Howrah,SL,GN,25,27,1,0,0.727,0.08,0
12952,Delhi,Mumbai,2A,GN,2,23,6,1,0.771,0.289,1
12839,Howrah,Chennai,CC,GN,41,21,2,0,0.784,0.197,1
12956,Delhi,Mumbai,3A,GN,24,2,0,0,0.734,0.091,1
12844,Chennai,Howrah,CC,GN,42,24,2,0,0.95,0.108,0
12621,Chennai,New Delhi,3A,GN,23,26,6,1,0.761,0.152,1
12842,Chennai,Howrah,3A,TQ,40,6,5,1,0.908,0.228,0
12622,New Delhi,Chennai,3A,GN,42,23,0,0,0.799,0.287,0
12007,Chennai,Bengaluru,2A,GN,30,28,5,1,0.871,0.211,0
12955,Mumbai,Delhi,SL,GN,59,15,6,1,0.94,0.147,0
12841,Howrah,Chennai,CC,GN,28,17,6,1,0.849,0.267,0
12839,Howrah,Chennai,SL,TQ,25,5,4,0,0.808,0.238,0
12952,Delhi,Mumbai,3A,GN,11,20,1,0,0.713,0.215,1
12012,Bengaluru,Chennai,3A,GN,9,15,5,1,0.76,0.088,1
12007,Chennai,Bengaluru,CC,GN,33,20,1,0,0.797,0.133,1
12953,Mumbai,Delhi,2A,GN,13,8,0,0,0.734,0.251,1
12012,Bengaluru,Chennai,2A,GN,39,16,5,1,0.907,0.261,0
12623,Chennai,New Delhi,CC,GN,48,25,2,0,0.944,0.166,0
12007,Chennai,Bengaluru,CC,GN,23,13,5,1,0.776,0.066,1
12009,Chennai,Bengaluru,SL,GN,30,3,6,1,0.699,0.259,0
12954,Delhi,Mumbai,SL,GN,33,8,4,0,0.922,0.194,0
12012,Bengaluru,Chennai,3A,TQ,9,10,1,0,0.624,0.105,0
12011,Chennai,Bengaluru,SL,GN,17,11,6,1,0.807,0.147,0
12954,Delhi,Mumbai,2A,GN,60,16,5,1,0.633,0.207,0
12953,Mumbai,Delhi,3A,GN,20,24,0,0,0.858,0.129,1
12626,New Delhi,Chennai,3A,GN,26,10,4,0,0.788,0.155,1
12621,Chennai,New Delhi,2A,TQ,17,15,0,0,0.709,0.221,0
12842,Chennai,Howrah,CC,GN,48,11,1,0,0.732,0.174,0
12841,Howrah,Chennai,2A,GN,59,22,5,1,0.714,0.212,0
12010,Bengaluru,Chennai,3A,GN,21,29,5,1,0.81,0.251,1
12621,Chennai,New Delhi,SL,TQ,22,3,4,0,0.62,0.166,0
12626,New Delhi,Chennai,2A,GN,31,5,3,0,0.895,0.223,0
12955,Mumbai,Delhi,SL,GN,22,16,4,0,0.81,0.194,1
12012,Bengaluru,Chennai,3A,GN,24,7,5,1,0.933,0.113,0
12956,Delhi,Mumbai,CC,TQ,34,26,2,0,0.738,0.136,1
12012,Bengaluru,Chennai,3A,GN,34,29,4,0,0.635,0.269,0
12842,Chennai,Howrah,SL,GN,31,16,4,0,0.603,0.121,0
12843,Howrah,Chennai,CC,TQ,57,13,5,1,0.686,0.245,0
12010,Bengaluru,Chennai,CC,TQ,55,1,4,0,0.742,0.183,1
